Date,DZD,ARS,AUD,BDT,BRL,KHR,CAD,CLP,CNY,TWD,COP,EUR,CZK,DKK,HKD,HUF,ISK,INR,IDR,ILS,JPY,KRW,MYR,MXN,NZD,NOK,PEN,PHP,PKR,PLN,RON,RUB,SAR,SGD,ZAR,SEK,CHF,THB,TRY,AED,GBP,USD,VEF,VND
1996-01-01,,0.0,0.0,0.0,0.0395240499897532,0.0,0.040829643429739916,0.0,0.008420790545151933,0.0,0.0,0.6359115355934604,0.0,0.0,0.0,0.0,0.0,0.0,0.0,,0.01605179258763805,0.010879927422373396,0.0,0.0,0.0,0.0,0.0,0.0,0.0,0.00556341423914659,0.0,0.029095583431762405,0.0,0.0,0.0,0.0,0.007913084810270912,0.0,0.04802803162525804,0.0,0.02472213019030886,0.14148080668028823,0.0,0.0
1996-02-01,,0.0,0.0,0.0,0.0395240499897532,0.0,0.040829643429739916,0.0,0.008420790545151933,0.0,0.0,0.6359115355934604,0.0,0.0,0.0,0.0,0.0,0.0,0.0,,0.01605179258763805,0.010879927422373396,0.0,0.0,0.0,0.0,0.0,0.0,0.0,0.00556341423914659,0.0,0.029095583431762405,0.0,0.0,0.0,0.0,0.007913084810270912,0.0,0.04802803162525804,0.0,0.02472213019030886,0.14148080668028823,0.0,0.0
1996-03-01,,0.0,0.0,0.0,0.0395240499897532,0.0,0.040829643429739916,0.0,0.008420790545151933,0.0,0.0,0.6359115355934604,0.0,0.0,0.0,0.0,0.0,0.0,0.0,,0.01605179258763805,0.010879927422373396,0.0,0.0,0.0,0.0,0.0,0.0,0.0,0.00556341423914659,0.0,0.029095583431762405,0.0,0.0,0.0,0.0,0.007913084810270912,0.0,0.04802803162525804,0.0,0.02472213019030886,0.14148080668028823,0.0,0.0
1996-04-01,,0.0,0.0,0.0,0.0395240499897532,0.0,0.040829643429739916,0.0,0.008420790545151933,0.0,0.0,0.6359115355934604,0.0,0.0,0.0,0.0,0.0,0.0,0.0,,0.01605179258763805,0.010879927422373396,0.0,0.0,0.0,0.0,0.0,0.0,0.0,0.00556341423914659,0.0,0.029095583431762405,0.0,0.0,0.0,0.0,0.007913084810270912,0.0,0.04802803162525804,0.0,0.02472213019030886,0.14148080668028823,0.0,0.0
1996-05-01,,0.0,0.0,0.0,0.0395240499897532,0.0,0.040829643429739916,0.0,0.008420790545151933,0.0,0.0,0.6359115355934604,0.0,0.0,0.0,0.0,0.0,0.0,0.0,,0.01605179258763805,0.010879927422373396,0.0,0.0,0.0,0.0,0.0,0.0,0.0,0.00556341423914659,0.0,0.029095583431762405,0.0,0.0,0.0,0.0,0.007913084810270912,0.0,0.04802803162525804,0.0,0.02472213019030886,0.14148080668028823,0.0,0.0
1996-06-01,,0.0,0.0,0.0,0.0395240499897532,0.0,0.040829643429739916,0.0,0.008420790545151933,0.0,0.0,0.6359115355934604,0.0,0.0,0.0,0.0,0.0,0.0,0.0,,0.01605179258763805,0.010879927422373396,0.0,0.0,0.0,0.0,0.0,0.0,0.0,0.00556341423914659,0.0,0.029095583431762405,0.0,0.0,0.0,0.0,0.007913084810270912,0.0,0.04802803162525804,0.0,0.02472213019030886,0.14148080668028823,0.0,0.0
1996-07-01,,0.0,0.0,0.0,0.0395240499897532,0.0,0.040829643429739916,0.0,0.008420790545151933,0.0,0.0,0.6359115355934604,0.0,0.0,0.0,0.0,0.0,0.0,0.0,,0.01605179258763805,0.010879927422373396,0.0,0.0,0.0,0.0,0.0,0.0,0.0,0.00556341423914659,0.0,0.029095583431762405,0.0,0.0,0.0,0.0,0.007913084810270912,0.0,0.04802803162525804,0.0,0.02472213019030886,0.14148080668028823,0.0,0.0
1996-08-01,,0.0,0.0,0.0,0.0395240499897532,0.0,0.040829643429739916,0.0,0.008420790545151933,0.0,0.0,0.6359115355934604,0.0,0.0,0.0,0.0,0.0,0.0,0.0,,0.01605179258763805,0.010879927422373396,0.0,0.0,0.0,0.0,0.0,0.0,0.0,0.00556341423914659,0.0,0.029095583431762405,0.0,0.0,0.0,0.0,0.007913084810270912,0.0,0.04802803162525804,0.0,0.02472213019030886,0.14148080668028823,0.0,0.0
1996-09-01,,0.0,0.0,0.0,0.0395240499897532,0.0,0.040829643429739916,0.0,0.008420790545151933,0.0,0.0,0.6359115355934604,0.0,0.0,0.0,0.0,0.0,0.0,0.0,,0.01605179258763805,0.010879927422373396,0.0,0.0,0.0,0.0,0.0,0.0,0.0,0.00556341423914659,0.0,0.029095583431762405,0.0,0.0,0.0,0.0,0.007913084810270912,0.0,0.04802803162525804,0.0,0.02472213019030886,0.14148080668028823,0.0,0.0
1996-10-01,,0.0,0.0,0.0,0.0395240499897532,0.0,0.040829643429739916,0.0,0.008420790545151933,0.0,0.0,0.6359115355934604,0.0,0.0,0.0,0.0,0.0,0.0,0.0,,0.01605179258763805,0.010879927422373396,0.0,0.0,0.0,0.0,0.0,0.0,0.0,0.00556341423914659,0.0,0.029095583431762405,0.0,0.0,0.0,0.0,0.007913084810270912,0.0,0.04802803162525804,0.0,0.02472213019030886,0.14148080668028823,0.0,0.0
1996-11-01,,0.0,0.0,0.0,0.0395240499897532,0.0,0.040829643429739916,0.0,0.008420790545151933,0.0,0.0,0.6359115355934604,0.0,0.0,0.0,0.0,0.0,0.0,0.0,,0.01605179258763805,0.010879927422373396,0.0,0.0,0.0,0.0,0.0,0.0,0.0,0.00556341423914659,0.0,0.029095583431762405,0.0,0.0,0.0,0.0,0.007913084810270912,0.0,0.04802803162525804,0.0,0.02472213019030886,0.14148080668028823,0.0,0.0
1996-12-01,,0.0,0.0,0.0,0.0395240499897532,0.0,0.040829643429739916,0.0,0.008420790545151933,0.0,0.0,0.6359115355934604,0.0,0.0,0.0,0.0,0.0,0.0,0.0,,0.01605179258763805,0.010879927422373396,0.0,0.0,0.0,0.0,0.0,0.0,0.0,0.00556341423914659,0.0,0.029095583431762405,0.0,0.0,0.0,0.0,0.007913084810270912,0.0,0.04802803162525804,0.0,0.02472213019030886,0.14148080668028823,0.0,0.0
1997-01-01,,0.0,0.0,0.0,0.0395240499897532,0.0,0.040829643429739916,0.0,0.008420790545151933,0.0,0.0,0.6359115355934604,0.0,0.0,0.0,0.0,0.0,0.0,0.0,,0.01605179258763805,0.010879927422373396,0.0,0.0,0.0,0.0,0.0,0.0,0.0,0.00556341423914659,0.0,0.029095583431762405,0.0,0.0,0.0,0.0,0.007913084810270912,0.0,0.04802803162525804,0.0,0.02472213019030886,0.14148080668028823,0.0,0.0
1997-02-01,,0.0,0.0,0.0,0.03951555813810949,0.0,0.04102851827961255,0.0,0.008420790545151933,0.0,0.0,0.6352620809573803,0.0,0.0,0.0,0.0,0.0,0.0,0.0,,0.016171889032437367,0.010707357403106766,0.0,0.0,0.0,0.0,0.0,0.0,0.0,0.005562052808698582,0.0,0.028123840153785204,0.0,0.00031570285070130173,0.0,0.00024318597240087817,0.007575634861257796,0.0,0.048247793166461744,0.0,0.024746040439054515,0.1417851555071312,0.0,0.0
1997-03-01,,0.0,0.0,0.0,0.03950788807856033,0.0,0.0412081471762717,0.0,0.008420790545151933,0.0,0.0,0.6346754767699533,0.0,0.0,0.0,0.0,0.0,0.0,0.0,,0.016280363240643202,0.010551487708285293,0.0,0.0,0.0,0.0,0.0,0.0,0.0,0.0055608231295842525,0.0,0.027246136547870312,0.0,0.0006008538126250581,0.0,0.0004628378184403811,0.007270841358923369,0.0,0.04844628746174251,0.0,0.024767636792760266,0.142060051221699,0.0,0.0
1997-04-01,,0.0,0.0,0.0,0.03949939622691662,0.0,0.04140702202614433,0.0,0.008420790545151933,0.0,0.0,0.6340260221338733,0.0,0.0,0.0,0.0,0.0,0.0,0.0,,0.016400459685442518,0.010378917689018663,0.0,0.0,0.0,0.0,0.0,0.0,0.0,0.0055594616991362445,0.0,0.02627439326989311,0.0,0.0009165566633263599,0.0,0.0007060237908412592,0.006933391409910253,0.0,0.04866604900294621,0.0,0.02479154704150592,0.14236440004854198,0.0,0.0
1997-05-01,,0.0,0.0,0.0,0.03949117830597109,0.0,0.04159948155827914,0.0,0.008420790545151933,0.0,0.0,0.6333975176473442,0.0,0.0,0.0,0.0,0.0,0.0,0.0,,0.01651668205137734,0.010211914444567085,0.0,0.0,0.0,0.0,0.0,0.0,0.0,0.005558144185799463,0.0,0.025333996549270012,0.0,0.0012220755511018133,0.0,0.0009413650544550123,0.006606826943123366,0.0,0.0488787214621756,0.0,0.02481468599190494,0.14265893117129322,0.0,0.0
1997-06-01,,0.0,0.0,0.0,0.03948268645432738,0.0,0.04179835640815177,0.0,0.008420790545151933,0.0,0.0,0.6327480630112642,0.0,0.0,0.0,0.0,0.0,0.0,0.0,,0.016636778496176657,0.010039344425300455,0.0,0.0,0.0,0.0,0.0,0.0,0.0,0.005556782755351455,0.0,0.02436225327129281,0.0,0.001537778401803115,0.0,0.0011845510268558904,0.006269376994110251,0.0,0.04909848300337931,0.0,0.024838596240650594,0.14296327999813618,0.0,0.0
1997-07-01,,0.0,0.0,0.0,0.039474468533381844,0.0,0.04199081594028658,0.0,0.008420790545151933,0.0,0.0,0.6321195585247352,0.0,0.0,0.0,0.0,0.0,0.0,0.0,,0.01675300086211148,0.009872341180848877,0.0,0.0,0.0,0.0,0.0,0.0,0.0,0.005555465242014673,0.0,0.023421856550669716,0.0,0.0018432972895785682,0.0,0.0014198922904696436,0.005942812527323364,0.0,0.0493111554626087,0.0,0.024861735191049613,0.14325781112088742,0.0,0.0
1997-08-01,,0.0,0.0,0.0,0.03946597668173813,0.0,0.04218969079015921,0.0,0.008420790545151933,0.0,0.0,0.6314701038886552,0.0,0.0,0.0,0.0,0.0,0.0,0.0,,0.016873097306910795,0.009699771161582249,0.0,0.0,0.0,0.0,0.0,0.0,0.0,0.005554103811566665,0.0,0.022450113272692515,0.0,0.00215900014027987,0.0,0.0016630782628705217,0.005605362578310248,0.0,0.0495309170038124,0.0,0.024885645439795264,0.1435621599477304,0.0,0.0
1997-09-01,,0.0,0.0,0.0,0.039457484830094425,0.0,0.04238856564003184,0.0,0.008420790545151933,0.0,0.0,0.6308206492525752,0.0,0.0,0.0,0.0,0.0,0.0,0.0,,0.01699319375171011,0.009527201142315618,0.0,0.0,0.0,0.0,0.0,0.0,0.0,0.005552742381118658,0.0,0.021478369994715314,0.0,0.0024747029909811718,0.0,0.0019062642352714,0.005267912629297132,0.0,0.04975067854501611,0.0,0.02490955568854092,0.14386650877457333,0.0,0.0
1997-10-01,,0.0,0.0,0.0,0.03944926690914889,0.0,0.04258102517216665,0.0,0.008420790545151933,0.0,0.0,0.6301921447660461,0.0,0.0,0.0,0.0,0.0,0.0,0.0,,0.017109416117644934,0.00936019789786404,0.0,0.0,0.0,0.0,0.0,0.0,0.0,0.005551424867781876,0.0,0.020537973274092215,0.0,0.002780221878756625,0.0,0.002141605498885153,0.004941348162510246,0.0,0.049963351004245496,0.0,0.024932694638939937,0.14416103989732457,0.0,0.0
1997-11-01,,0.0,0.0,0.0,0.03944077505750518,0.0,0.04277990002203928,0.0,0.008420790545151933,0.0,0.0,0.6295426901299662,0.0,0.0,0.0,0.0,0.0,0.0,0.0,,0.01722951256244425,0.00918762787859741,0.0,0.0,0.0,0.0,0.0,0.0,0.0,0.005550063437333868,0.0,0.019566229996115014,0.0,0.0030959247294579267,0.0,0.0023847914712860313,0.00460389821349713,0.0,0.0501831125454492,0.0,0.024956604887685592,0.14446538872416753,0.0,0.0
1997-12-01,,0.0,0.0,0.0,0.03943255713655965,0.0,0.04297235955417409,0.0,0.008420790545151933,0.0,0.0,0.6289141856434372,0.0,0.0,0.0,0.0,0.0,0.0,0.0,,0.017345734928379073,0.009020624634145833,0.0,0.0,0.0,0.0,0.0,0.0,0.0,0.005548745923997086,0.0,0.018625833275491915,0.0,0.00340144361723338,0.0,0.002620132734899784,0.0042773337467102435,0.0,0.05039578500467859,0.0,0.02497974383808461,0.14475991984691877,0.0,0.0
1998-01-01,,0.0,0.0,0.0,0.03942406528491594,0.0,0.04317123440404672,0.0,0.008420790545151933,0.0,0.0,0.6282647310073571,0.0,0.0,0.0,0.0,0.0,0.0,0.0,,0.01746583137317839,0.008848054614879202,0.0,0.0,0.0,0.0,0.0,0.0,0.0,0.005547384493549078,0.0,0.017654089997514714,0.0,0.0037171464679346816,0.0,0.0028633187073006626,0.003939883797697127,0.0,0.050615546545882295,0.0,0.025003654086830265,0.14506426867376174,0.0,0.0
1998-02-01,,0.00023622624833949762,0.0,0.0,0.03939519982442466,0.0,0.043326131000788616,0.0,0.008555318642235918,0.0,0.0,0.6277915477626416,0.0,0.0,0.0,0.0,0.0,0.0,0.0,,0.01738168477211378,0.008955729596266608,0.0,0.00014535282773555367,0.0,0.0,0.0,0.0,0.0,0.005560267075425614,0.0,0.017348718428403447,0.0,0.0036119012685375262,0.0,0.0029448906779431204,0.004028624950429844,0.0,0.05073355946989675,0.0,0.0250915804894209,0.14489326696539656,0.0,0.0
1998-03-01,,0.0004495918920009793,0.0,0.0,0.039369127795593824,0.0,0.043466037604297424,0.0,0.008676827891215003,0.0,0.0,0.6273641564448339,0.0,0.0,0.0,0.0,0.0,0.0,0.0,,0.01730568139050704,0.009052984418164909,0.0,0.00027663925278702153,0.0,0.0,0.0,0.0,0.0,0.0055719029558302284,0.0,0.017072898946625528,0.0,0.0035168410884368695,0.0,0.003018568586910502,0.004108778249672299,0.0,0.05084015178836142,0.0,0.025170997885309212,0.1447388138094538,0.0,0.0
1998-04-01,,0.0006858181403404769,0.0,0.0,0.039340262335102544,0.0,0.04362093420103932,0.0,0.008811355988298988,0.0,0.0,0.6268909732001182,0.0,0.0,0.0,0.0,0.0,0.0,0.0,,0.01722153478944243,0.009160659399552315,0.0,0.0004219920805225752,0.0,0.0,0.0,0.0,0.0,0.005584785537706765,0.0,0.01676752737751426,0.0,0.0034115958890397137,0.0,0.00310014055755296,0.004197519402405016,0.0,0.050958164712375874,0.0,0.02525892428789985,0.1445678121010886,0.0,0.0
1998-05-01,,0.000914424187120636,0.0,0.0,0.03931232801849808,0.0,0.04377083413337018,0.0,0.008941544469348006,0.0,0.0,0.6264330539310385,0.0,0.0,0.0,0.0,0.0,0.0,0.0,,0.01714010259486378,0.009264860994443352,0.0,0.0005626561073634336,0.0,0.0,0.0,0.0,0.0,0.0055972525524259934,0.0,0.016472006504180774,0.0,0.0033097456960747246,0.0,0.003179081174303726,0.004283397937307646,0.0,0.05107237076787373,0.0,0.02534401435492304,0.14440232657686422,0.0,0.0
1998-06-01,,0.0011506504354601335,0.0,0.0,0.0392834625580068,0.0,0.04392573073011207,0.0,0.009076072566431993,0.0,0.0,0.625959870686323,0.0,0.0,0.0,0.0,0.0,0.0,0.0,,0.017055955993799173,0.009372535975830756,0.0,0.0007080089350989873,0.0,0.0,0.0,0.0,0.0,0.0056101351343025305,0.0,0.016166634935069507,0.0,0.0032045004966775687,0.0,0.0032606531449461836,0.004372139090040363,0.0,0.051190383691888185,0.0,0.025431940757513673,0.14423132486849904,0.0,0.0
1998-07-01,,0.0013792564822402925,0.0,0.0,0.039255528241402333,0.0,0.04407563066244294,0.0,0.00920626104748101,0.0,0.0,0.6255019514172433,0.0,0.0,0.0,0.0,0.0,0.0,0.0,,0.01697452379922052,0.009476737570721793,0.0,0.0008486729619398457,0.0,0.0,0.0,0.0,0.0,0.005622602149021759,0.0,0.015871114061736025,0.0,0.0031026503037125796,0.0,0.0033395937616969495,0.004458017624942992,0.0,0.05130458974738604,0.0,0.02551703082453687,0.14406583934427467,0.0,0.0
1998-08-01,,0.0016154827305797901,0.0,0.0,0.039226662780911054,0.0,0.04423052725918483,0.0,0.009340789144564996,0.0,0.0,0.6250287681725277,0.0,0.0,0.0,0.0,0.0,0.0,0.0,,0.016890377198155913,0.009584412552109199,0.0,0.0009940257896753994,0.0,0.0,0.0,0.0,0.0,0.0056354847308982955,0.0,0.015565742492624756,0.0,0.002997405104315424,0.0,0.0034211657323394073,0.00454675877767571,0.0,0.051422602671400496,0.0,0.025604957227127502,0.14389483763590946,0.0,0.0
1998-09-01,,0.0018517089789192877,0.0,0.0,0.039197797320419774,0.0,0.044385423855926726,0.0,0.00947531724164898,0.0,0.0,0.624555584927812,0.0,0.0,0.0,0.0,0.0,0.0,0.0,,0.016806230597091305,0.009692087533496605,0.0,0.001139378617410953,0.0,0.0,0.0,0.0,0.0,0.005648367312774832,0.0,0.015260370923513488,0.0,0.002892159904918269,0.0,0.0035027377029818656,0.004635499930408427,0.0,0.05154061559541495,0.0,0.025692883629718135,0.14372383592754429,0.0,0.0
1998-10-01,,0.0020803150256994466,0.0,0.0,0.03916986300381531,0.0,0.044535323788257586,0.0,0.009605505722697999,0.0,0.0,0.6240976656587325,0.0,0.0,0.0,0.0,0.0,0.0,0.0,,0.016724798402512654,0.009796289128387642,0.0,0.0012800426442518115,0.0,0.0,0.0,0.0,0.0,0.0056608343274940605,0.0,0.014964850050180004,0.0,0.0027903097119532792,0.0,0.0035816783197326315,0.004721378465311057,0.0,0.051654821650912806,0.0,0.02577797369674133,0.1435583504033199,0.0,0.0
1998-11-01,,0.0023165412740389444,0.0,0.0,0.03914099754332403,0.0,0.04469022038499948,0.0,0.009740033819781986,0.0,0.0,0.6236244824140168,0.0,0.0,0.0,0.0,0.0,0.0,0.0,,0.016640651801448046,0.009903964109775046,0.0,0.001425395471987365,0.0,0.0,0.0,0.0,0.0,0.005673716909370598,0.0,0.014659478481068737,0.0,0.0026850645125561234,0.0,0.0036632502903750893,0.004810119618043774,0.0,0.05177283457492726,0.0,0.025865900099331963,0.1433873486949547,0.0,0.0
1998-12-01,,0.0025451473208191033,0.0,0.0,0.03911306322671956,0.0,0.04484012031733035,0.0,0.009870222300831004,0.0,0.0,0.6231665631449372,0.0,0.0,0.0,0.0,0.0,0.0,0.0,,0.016559219606869395,0.010008165704666084,0.0,0.0015660594988282236,0.0,0.0,0.0,0.0,0.0,0.005686183924089826,0.0,0.014363957607735251,0.0,0.0025832143195911343,0.0,0.0037421909071258547,0.004895998152946404,0.0,0.05188704063042512,0.0,0.02595099016635516,0.14322186317073032,0.0,0.0
1999-01-01,,0.002781373569158601,0.0,0.0,0.03908419776622828,0.0,0.04499501691407224,0.0,0.010004750397914989,0.0,0.0,0.6226933799002216,0.0,0.0,0.0,0.0,0.0,0.0,0.0,,0.016475073005804787,0.01011584068605349,0.0,0.0017114123265637772,0.0,0.0,0.0,0.0,0.0,0.005699066505966363,0.0,0.014058586038623984,0.0,0.002477969120193979,0.0,0.003823762877768313,0.004984739305679121,0.0,0.05200505355443957,0.0,0.026038916568945792,0.14305086146236515,0.0,0.0
1999-02-01,,0.002892378979614596,0.0,0.0,0.03949317163331218,0.0,0.04496855822669865,0.0,0.010119504425301098,0.0,0.0,0.6226927456589902,0.0,0.0,0.0,0.0,0.0,0.0,0.0,,0.01661523825893372,0.010300500208370976,0.0,0.00201238466873597,0.0,0.0,0.0,0.0,0.0,0.005543635241655223,0.0,0.01343109621642867,0.0,0.002478869938726252,0.0,0.0038251529340185063,0.004997270638708504,0.0,0.051994303643361724,0.0,0.025973654217905817,0.14266153510923787,0.0,0.0
1999-03-01,,0.0029926419309942043,0.0,0.0,0.039862567384226666,0.0,0.044944660057457994,0.0,0.010223153224230487,0.0,0.0,0.6226921727959426,0.0,0.0,0.0,0.0,0.0,0.0,0.0,,0.01674183913272759,0.010467289454335156,0.0,0.00228423065521408,0.0,0.0,0.0,0.0,0.0,0.0054032457126,0.0,0.012864331215736128,0.0,0.0024796835812715312,0.0,0.0038264084686961005,0.005008589262089883,0.0,0.05198459404625915,0.0,0.025914707578256806,0.1423098854999616,0.0,0.0
1999-04-01,,0.0031036473414501995,0.0,0.0,0.04027154125131056,0.0,0.04491820137008441,0.0,0.010337907251616598,0.0,0.0,0.6226915385547113,0.0,0.0,0.0,0.0,0.0,0.0,0.0,,0.016882004385856523,0.010651948976652642,0.0,0.0025852029973862725,0.0,0.0,0.0,0.0,0.0,0.00524781444828886,0.0,0.012236841393540813,0.0,0.0024805843998038043,0.0,0.0038277985249462938,0.005021120595119266,0.0,0.0519738441351813,0.0,0.025849445227216827,0.14192055914683432,0.0,0.0
1999-05-01,,0.0032110719322140653,0.0,0.0,0.04066732241300465,0.0,0.044892596188755136,0.0,0.0104489595361838,0.0,0.0,0.6226909247728746,0.0,0.0,0.0,0.0,0.0,0.0,0.0,,0.0170176481792071,0.010830651740185692,0.0,0.0028764665543271044,0.0,0.0,0.0,0.0,0.0,0.005097397095729692,0.0,0.01162959317851309,0.0,0.002481456159673746,0.0,0.0038291437406722875,0.005033247691599314,0.0,0.051963440995428545,0.0,0.025786288113307174,0.14154379170832404,0.0,0.0
1999-06-01,,0.0033220773426700604,0.0,0.0,0.04107629628008855,0.0,0.04486613750138155,0.0,0.01056371356356991,0.0,0.0,0.6226902905316433,0.0,0.0,0.0,0.0,0.0,0.0,0.0,,0.017157813432336032,0.011015311262503179,0.0,0.003177438896499298,0.0,0.0,0.0,0.0,0.0,0.004941965831418552,0.0,0.011002103356317777,0.0,0.002482356978206019,0.0,0.003830533796922481,0.005045779024628697,0.0,0.051952691084350695,0.0,0.0257210257622672,0.14115446535519677,0.0,0.0
1999-07-01,,0.0034295019334339262,0.0,0.0,0.041472077441782634,0.0,0.04484053232005227,0.0,0.010674765848137112,0.0,0.0,0.6226896767498065,0.0,0.0,0.0,0.0,0.0,0.0,0.0,,0.01729345722568661,0.011194014026036229,0.0,0.0034687024534401294,0.0,0.0,0.0,0.0,0.0,0.004791548478859384,0.0,0.010394855141290052,0.0,0.002483228738075961,0.0,0.0038318790126484746,0.0050579061211087455,0.0,0.05194228794459793,0.0,0.025657868648357545,0.14077769791668648,0.0,0.0
1999-08-01,,0.0035405073438899213,0.0,0.0,0.04188105130886653,0.0,0.04481407363267869,0.0,0.010789519875523223,0.0,0.0,0.6226890425085752,0.0,0.0,0.0,0.0,0.0,0.0,0.0,,0.017433622478815542,0.011378673548353715,0.0,0.0037696747956123223,0.0,0.0,0.0,0.0,0.0,0.004636117214548244,0.0,0.009767365319094739,0.0,0.002484129556608234,0.0,0.003833269068898668,0.005070437454138129,0.0,0.05193153803352008,0.0,0.025592606297317567,0.1403883715635592,0.0,0.0
1999-09-01,,0.0036515127543459164,0.0,0.0,0.04229002517595042,0.0,0.0447876149453051,0.0,0.010904273902909331,0.0,0.0,0.6226884082673438,0.0,0.0,0.0,0.0,0.0,0.0,0.0,,0.01757378773194447,0.0115633330706712,0.0,0.004070647137784515,0.0,0.0,0.0,0.0,0.0,0.004480685950237104,0.0,0.009139875496899425,0.0,0.0024850303751405073,0.0,0.003834659125148861,0.005082968787167512,0.0,0.05192078812244223,0.0,0.025527343946277592,0.1399990452104319,0.0,0.0
1999-10-01,,0.0037589373451097823,0.0,0.0,0.042685806337644516,0.0,0.044762009763975825,0.0,0.011015326187476535,0.0,0.0,0.6226877944855072,0.0,0.0,0.0,0.0,0.0,0.0,0.0,,0.017709431525295048,0.01174203583420425,0.0,0.004361910694725347,0.0,0.0,0.0,0.0,0.0,0.004330268597677937,0.0,0.0085326272818717,0.0,0.002485902135010449,0.0,0.003836004340874855,0.0050950958836475605,0.0,0.051910384982689475,0.0,0.025464186832367938,0.13962227777192165,0.0,0.0
1999-11-01,,0.003869942755565777,0.0,0.0,0.043094780204728414,0.0,0.044735551076602244,0.0,0.011130080214862644,0.0,0.0,0.6226871602442758,0.0,0.0,0.0,0.0,0.0,0.0,0.0,,0.01784959677842398,0.011926695356521737,0.0,0.00466288303689754,0.0,0.0,0.0,0.0,0.0,0.004174837333366797,0.0,0.007905137459676387,0.0,0.0024868029535427224,0.0,0.003837394397125048,0.005107627216676943,0.0,0.051899635071611626,0.0,0.025398924481327963,0.13923295141879435,0.0,0.0
1999-12-01,,0.003977367346329643,0.0,0.0,0.0434905613664225,0.0,0.04470994589527297,0.0,0.011241132499429847,0.0,0.0,0.622686546462439,0.0,0.0,0.0,0.0,0.0,0.0,0.0,,0.017985240571774558,0.012105398120054787,0.0,0.004954146593838372,0.0,0.0,0.0,0.0,0.0,0.004024419980807629,0.0,0.007297889244648663,0.0,0.002487674713412664,0.0,0.003838739612851042,0.0051197543131569915,0.0,0.05188923193185887,0.0,0.025335767367418306,0.13885618398028407,0.0,0.0
2000-01-01,,0.004088372756785638,0.0,0.0,0.0438995352335064,0.0,0.04468348720789938,0.0,0.011355886526815956,0.0,0.0,0.6226859122212077,0.0,0.0,0.0,0.0,0.0,0.0,0.0,,0.01812540582490349,0.012290057642372273,0.0,0.005255118936010565,0.0,0.0,0.0,0.0,0.0,0.0038689887164964896,0.0,0.00667039942245335,0.0,0.002488575531944937,0.0,0.003840129669101235,0.005132285646186375,0.0,0.05187848202078102,0.0,0.02527050501637833,0.1384668576271568,0.0,0.0
2000-02-01,,0.004088025166682954,0.0,0.0,0.04428903123407859,0.0,0.044481109194097465,0.0,0.011339988350919067,0.0,0.0,0.622573506315555,0.0,0.0,0.0,0.0,0.0,0.0,0.0,,0.017874759365530908,0.012354436398235956,0.0,0.005486212463907642,0.0,0.0,0.0,0.0,0.0,0.0037963450288817364,0.0,0.006755201455381468,0.0,0.0022777945442665408,0.0,0.0036776015227514055,0.005131849303464983,0.0,0.05193042956385136,0.0,0.025381067304260325,0.1385626427881346,0.0,0.0
2000-03-01,,0.004087700001748186,0.0,0.0,0.044653398460420324,0.0,0.04429178782634729,0.0,0.011325115863789719,0.0,0.0,0.6224683524038153,0.0,0.0,0.0,0.0,0.0,0.0,0.0,,0.01764028364547269,0.012414661685979402,0.0,0.005702396731940391,0.0,0.0,0.0,0.0,0.0,0.0037283880307905156,0.0,0.006834532389410998,0.0,0.0020806123299867505,0.0,0.003525559063262855,0.0051314411118869065,0.0,0.05197902565253007,0.0,0.025484496541311224,0.1386522482613074,0.0,0.0
2000-04-01,,0.004087352411645502,0.0,0.0,0.045042894460992515,0.0,0.044089409812545374,0.0,0.01130921768789283,0.0,0.0,0.6223559464981625,0.0,0.0,0.0,0.0,0.0,0.0,0.0,,0.01738963718610011,0.012479040441843085,0.0,0.005933490259837469,0.0,0.0,0.0,0.0,0.0,0.0036557443431757624,0.0,0.006919334422339117,0.0,0.0018698313423083544,0.0,0.0033630309169130255,0.005131004769165515,0.0,0.05203097319560041,0.0,0.025595058829193218,0.13874803342228523,0.0,0.0
2000-05-01,,0.004087016034126776,0.0,0.0,0.04541982607444948,0.0,0.04389356012176933,0.0,0.011293832356379712,0.0,0.0,0.6222471665894662,0.0,0.0,0.0,0.0,0.0,0.0,0.0,,0.01714707609638471,0.01254134246364665,0.0,0.006157129157802381,0.0,0.0,0.0,0.0,0.0,0.0035854440003227754,0.0,0.007001400905817941,0.0,0.001665849741329261,0.0,0.0032057456139938352,0.00513058250201578,0.0,0.05208124501147494,0.0,0.025702054591659664,0.1388407287393605,0.0,0.0
2000-06-01,,0.0040866684440240926,0.0,0.0,0.04580932207502167,0.0,0.043691182107967415,0.0,0.011277934180482823,0.0,0.0,0.6221347606838135,0.0,0.0,0.0,0.0,0.0,0.0,0.0,,0.016896429637012128,0.012605721219510332,0.0,0.006388222685699459,0.0,0.0,0.0,0.0,0.0,0.003512800312708022,0.0,0.00708620293874606,0.0,0.001455068753650865,0.0,0.003043217467644006,0.005130146159294389,0.0,0.05213319255454528,0.0,0.02581261687954166,0.13893651390033834,0.0,0.0
2000-07-01,,0.004086332066505366,0.0,0.0,0.04618625368847863,0.0,0.04349533241719136,0.0,0.011262548848969704,0.0,0.0,0.6220259807751173,0.0,0.0,0.0,0.0,0.0,0.0,0.0,,0.016653868547296728,0.012668023241313896,0.0,0.006611861583664372,0.0,0.0,0.0,0.0,0.0,0.003442499969855035,0.0,0.007168269422224884,0.0,0.0012510871526717716,0.0,0.0028859321647248157,0.005129723892144654,0.0,0.0521834643704198,0.0,0.025919612642008105,0.13902920921741363,0.0,0.0
2000-08-01,,0.004085984476402682,0.0,0.0,0.04657574968905082,0.0,0.04329295440338945,0.0,0.011246650673072815,0.0,0.0,0.6219135748694644,0.0,0.0,0.0,0.0,0.0,0.0,0.0,,0.01640322208792415,0.01273240199717758,0.0,0.006842955111561449,0.0,0.0,0.0,0.0,0.0,0.0033698562822402816,0.0,0.007253071455153003,0.0,0.0010403061649933755,0.0,0.002723404018374986,0.005129287549423263,0.0,0.05223541191349014,0.0,0.026030174929890102,0.13912499437839146,0.0,0.0
2000-09-01,,0.004085636886299999,0.0,0.0,0.04696524568962302,0.0,0.043090576389587534,0.0,0.011230752497175926,0.0,0.0,0.6218011689638117,0.0,0.0,0.0,0.0,0.0,0.0,0.0,,0.016152575628551567,0.012796780753041264,0.0,0.007074048639458526,0.0,0.0,0.0,0.0,0.0,0.0032972125946255284,0.0,0.0073378734880811215,0.0,0.0008295251773149791,0.0,0.0025608758720251567,0.005128851206701871,0.0,0.05228735945656048,0.0,0.026140737217772096,0.13922077953936926,0.0,0.0
2000-10-01,,0.004085300508781272,0.0,0.0,0.04734217730307998,0.0,0.04289472669881149,0.0,0.011215367165662807,0.0,0.0,0.6216923890551155,0.0,0.0,0.0,0.0,0.0,0.0,0.0,,0.01591001453883617,0.012859082774844828,0.0,0.00729768753742344,0.0,0.0,0.0,0.0,0.0,0.0032269122517725414,0.0,0.007419939971559946,0.0,0.0006255435763358858,0.0,0.0024035905691059665,0.005128428939552137,0.0,0.05233763127243501,0.0,0.026247732980238542,0.13931347485644457,0.0,0.0
2000-11-01,,0.004084952918678588,0.0,0.0,0.047731673303652175,0.0,0.042692348685009575,0.0,0.01119946898976592,0.0,0.0,0.6215799831494627,0.0,0.0,0.0,0.0,0.0,0.0,0.0,,0.01565936807946359,0.01292346153070851,0.0,0.007528781065320516,0.0,0.0,0.0,0.0,0.0,0.003154268564157788,0.0,0.0075047420044880644,0.0,0.00041476258865748945,0.0,0.002241062422756137,0.005127992596830745,0.0,0.05238957881550535,0.0,0.026358295268120537,0.13940926001742238,0.0,0.0
2000-12-01,,0.004084616541159863,0.0,0.0,0.04810860491710914,0.0,0.04249649899423353,0.0,0.0111840836582528,0.0,0.0,0.6214712032407664,0.0,0.0,0.0,0.0,0.0,0.0,0.0,,0.015416806989748188,0.012985763552512075,0.0,0.0077524199632854306,0.0,0.0,0.0,0.0,0.0,0.003083968221304801,0.0,0.007586808487966889,0.0,0.00021078098767839636,0.0,0.002083777119836947,0.0051275703296810105,0.0,0.052439850631379875,0.0,0.026465291030586983,0.1395019553344977,0.0,0.0
2001-01-01,,0.004084268951057179,0.0,0.0,0.04849810091768133,0.0,0.042294120980431615,0.0,0.011168185482355911,0.0,0.0,0.6213587973351137,0.0,0.0,0.0,0.0,0.0,0.0,0.0,,0.015166160530375608,0.013050142308375758,0.0,0.007983513491182507,0.0,0.0,0.0,0.0,0.0,0.003011324533690048,0.0,0.007671610520895007,0.0,0.0,0.0,0.001921248973487117,0.005127133986959619,0.0,0.05249179817445022,0.0,0.026575853318468977,0.1395977404954755,0.0,0.0
2001-02-01,,0.004139112747006199,0.0,0.0,0.04851796766356254,0.0,0.041900903364501564,0.0,0.01114625013831821,0.0,0.0,0.6222304055644086,0.0,0.0,0.0,0.0,0.0,0.0,0.00035221419450825195,,0.015049959915725122,0.012955934450330808,0.0,0.008131274189033928,0.0,0.0,0.0,0.0,0.0,0.0027555682034314413,0.0,0.00773365243693693,0.0,0.0,0.0,0.0017580744031361565,0.004925567729089194,0.0,0.05234956020333682,0.00014684083612429718,0.02635533044498091,0.13955138351556917,0.0,0.0
2001-03-01,,0.004188649078831122,0.0,0.0,0.04853591182113266,0.0,0.04154573906624217,0.0,0.011126437569509963,0.0,0.0,0.6230176646102232,0.0,0.0,0.0,0.0,0.0,0.0,0.000670343144386673,,0.014945004521847265,0.012870843481774079,0.0,0.00826473546451263,0.0,0.0,0.0,0.0,0.0,0.002524562485778506,0.0,0.007789690296587699,0.0,0.0,0.0,0.0016106909202385146,0.004743507883270745,0.0,0.05222108719716989,0.0002794712687526947,0.02615614849473362,0.13950951269500864,0.0,0.0
2001-04-01,,0.004243492874780143,0.0,0.0,0.048555778567013874,0.0,0.04115252145031212,0.0,0.011104502225472261,0.0,0.0,0.623889272839518,0.0,0.0,0.0,0.0,0.0,0.0,0.001022557338894925,,0.01482880390719678,0.01277663562372913,0.0,0.00841249616236405,0.0,0.0,0.0,0.0,0.0,0.002268806155519899,0.0,0.00785173221262962,0.0,0.0,0.0,0.001447516349887554,0.00454194162540032,0.0,0.052078849226056496,0.00042631210487699184,0.025935625621245552,0.13946315571510232,0.0,0.0
2001-05-01,,0.004296567516021131,0.0,0.0,0.04857500445012472,0.0,0.04077198827360562,0.0,0.011083274473177711,0.0,0.0,0.6247327646743195,0.0,0.0,0.0,0.0,0.0,0.0,0.0013634097851932332,,0.014716351699470503,0.01268546672884692,0.0,0.00855549038609123,0.0,0.0,0.0,0.0,0.0,0.002021300029463183,0.0,0.007911772776541159,0.0,0.0,0.0,0.0012896054753543662,0.004346877504880554,0.0,0.05194119957659192,0.0005684161398359891,0.025722216388837742,0.13941829412164458,0.0,0.0
2001-06-01,,0.004351411311970152,0.0,0.0,0.04859487119600593,0.0,0.04037877065767557,0.0,0.011061339129140008,0.0,0.0,0.6256043729036144,0.0,0.0,0.0,0.0,0.0,0.0,0.0017156239797014852,,0.014600151084820018,0.012591258870801971,0.0,0.00870325108394265,0.0,0.0,0.0,0.0,0.0,0.0017655436992045762,0.0,0.007973814692583082,0.0,0.0,0.0,0.0011264309050034056,0.004145311247010128,0.0,0.051798961605478526,0.0007152569759602864,0.02550169351534967,0.13937193714173826,0.0,0.0
2001-07-01,,0.00440448595321114,0.0,0.0,0.04861409707911678,0.0,0.039998237480969076,0.0,0.011040111376845458,0.0,0.0,0.6264478647384157,0.0,0.0,0.0,0.0,0.0,0.0,0.0020564764259997934,,0.014487698877093742,0.01250008997591976,0.0,0.008846245307669831,0.0,0.0,0.0,0.0,0.0,0.00151803757314786,0.0,0.00803385525649462,0.0,0.0,0.0,0.0009685200304702179,0.003950247126490362,0.0,0.05166131195601396,0.0008573610109192837,0.025288284282941866,0.13932707554828053,0.0,0.0
2001-08-01,,0.004459329749160161,0.0,0.0,0.04863396382499799,0.0,0.039605019865039025,0.0,0.011018176032807756,0.0,0.0,0.6273194729677106,0.0,0.0,0.0,0.0,0.0,0.0,0.0024086906205080453,,0.014371498262443255,0.012405882117874812,0.0,0.008994006005521252,0.0,0.0,0.0,0.0,0.0,0.001262281242889253,0.0,0.008095897172536542,0.0,0.0,0.0,0.0008053454601192572,0.003748680868619937,0.0,0.05151907398490056,0.0010042018470435808,0.025067761409453795,0.1392807185683742,0.0,0.0
2001-09-01,,0.0045141735451091815,0.0,0.0,0.0486538305708792,0.0,0.039211802249108973,0.0,0.010996240688770054,0.0,0.0,0.6281910811970054,0.0,0.0,0.0,0.0,0.0,0.0,0.0027609048150162973,,0.01425529764779277,0.012311674259829862,0.0,0.009141766703372672,0.0,0.0,0.0,0.0,0.0,0.0010065249126306464,0.0,0.008157939088578465,0.0,0.0,0.0,0.0006421708897682967,0.0035471146107495122,0.0,0.05137683601378717,0.001151042683167878,0.024847238535965724,0.1392343615884679,0.0,0.0
2001-10-01,,0.00456724818635017,0.0,0.0,0.048673056453990046,0.0,0.038831269072402474,0.0,0.010975012936475504,0.0,0.0,0.6290345730318069,0.0,0.0,0.0,0.0,0.0,0.0,0.003101757261314606,,0.014142845440066493,0.012220505364947653,0.0,0.009284760927099853,0.0,0.0,0.0,0.0,0.0,0.0007590187865739299,0.0,0.008217979652490003,0.0,0.0,0.0,0.000484260015235109,0.0033520504902297458,0.0,0.05123918636432259,0.0012931467181268752,0.024633829303557918,0.13918949999501018,0.0,0.0
2001-11-01,,0.004622091982299191,0.0,0.0,0.04869292319987126,0.0,0.03843805145647243,0.0,0.010953077592437802,0.0,0.0,0.6299061812611018,0.0,0.0,0.0,0.0,0.0,0.0,0.0034539714558228574,,0.014026644825416008,0.012126297506902703,0.0,0.009432521624951274,0.0,0.0,0.0,0.0,0.0,0.0005032624563153232,0.0,0.008280021568531925,0.0,0.0,0.0,0.00032108544488414843,0.0031504842323593204,0.0,0.051096948393209204,0.0014399875542511725,0.024413306430069847,0.13914314301510386,0.0,0.0
2001-12-01,,0.004675166623540179,0.0,0.0,0.048712149082982104,0.0,0.03805751827976593,0.0,0.010931849840143252,0.0,0.0,0.6307496730959031,0.0,0.0,0.0,0.0,0.0,0.0,0.003794823902121166,,0.013914192617689732,0.012035128612020494,0.0,0.009575515848678454,0.0,0.0,0.0,0.0,0.0,0.00025575633025860713,0.0,0.008340062132443463,0.0,0.0,0.0,0.00016317457035096056,0.0029554201118395544,0.0,0.05095929874374463,0.0015820915892101697,0.024199897197662038,0.13909828142164612,0.0,0.0
2002-01-01,,0.0047300104194892,0.0,0.0,0.048732015828863315,0.0,0.03766430066383588,0.0,0.01090991449610555,0.0,0.0,0.631621281325198,0.0,0.0,0.0,0.0,0.0,0.0,0.004147038096629418,,0.013797992003039246,0.011940920753975544,0.0,0.009723276546529875,0.0,0.0,0.0,0.0,0.0,0.0,0.0,0.008402104048485386,0.0,0.0,0.0,0.0,0.002753853853969129,0.0,0.050817060772631234,0.001728932425334467,0.02397937432417397,0.1390519244417398,0.0,0.0
2002-02-01,,0.004727515135073318,0.0,0.0,0.048238317689275736,0.0,0.037814862288571366,0.0,0.010943578040548047,0.0,0.0,0.6318344854973789,0.0,0.0,0.0,0.0,0.0,0.0001495355469200033,0.004380125410090366,,0.013687366586199574,0.011765516999813992,0.0,0.009594611386847977,0.0,0.0,0.0,0.0,0.0,0.0,0.0,0.008482949665739124,0.0,0.0,0.0,0.0,0.0025199648965087374,0.0,0.05084678591127749,0.0017289129538592442,0.024041604975040372,0.13924386701685582,0.0,0.0
2002-03-01,,0.004725261329794457,0.0,0.0,0.047792396789003086,0.0,0.037950853433493734,0.0,0.010973983822625141,0.0,0.0,0.6320270570077358,0.0,0.0,0.0,0.0,0.0,0.0002845999118800063,0.004590655886764771,,0.013587446854860517,0.011607087802506784,0.0,0.00947839769423207,0.0,0.0,0.0,0.0,0.0,0.0,0.0,0.008555971513581211,0.0,0.0,0.0,0.0,0.0023087103542864477,0.0,0.05087363442360314,0.0017288953667203334,0.02409781330485519,0.13941723450405738,0.0,0.0
2002-04-01,,0.004722766045378575,0.0,0.0,0.047298698649415515,0.0,0.03810141505822922,0.0,0.011007647367067637,0.0,0.0,0.6322402611799166,0.0,0.0,0.0,0.0,0.0,0.0004341354588000096,0.00482374320022572,,0.013476821438020845,0.011431684048345232,0.0,0.009349732534550173,0.0,0.0,0.0,0.0,0.0,0.0,0.0,0.008636817130834949,0.0,0.0,0.0,0.0,0.002074821396826056,0.0,0.050903359562249395,0.0017288758952451106,0.02416004395572159,0.1396091770791734,0.0,0.0
2002-05-01,,0.004720351254008367,0.0,0.0,0.04682092625626624,0.0,0.03824711985636033,0.0,0.011040224990721666,0.0,0.0,0.6324465877981561,0.0,0.0,0.0,0.0,0.0,0.0005788472784000129,0.005049311568091153,,0.013369764583014712,0.011261938479801795,0.0,0.009225217863890273,0.0,0.0,0.0,0.0,0.0,0.0,0.0,0.00871505482495147,0.0,0.0,0.0,0.0,0.0018484772444450318,0.0,0.05093212582545545,0.0017288570518819919,0.024220267166237465,0.1397949279583179,0.0,0.0
2002-06-01,,0.004717855969592484,0.0,0.0,0.046327228116678665,0.0,0.03839768148109582,0.0,0.011073888535164163,0.0,0.0,0.632659791970337,0.0,0.0,0.0,0.0,0.0,0.0007283828253200161,0.005282398881552102,,0.01325913916617504,0.011086534725640243,0.0,0.009096552704208375,0.0,0.0,0.0,0.0,0.0,0.0,0.0,0.008795900442205207,0.0,0.0,0.0,0.0,0.00161458828698464,0.0,0.050961850964101704,0.0017288375804067693,0.02428249781710387,0.13998687053343392,0.0,0.0
2002-07-01,,0.004715441178222276,0.0,0.0,0.0458494557235294,0.0,0.03854338627922693,0.0,0.011106466158818192,0.0,0.0,0.6328661185885764,0.0,0.0,0.0,0.0,0.0,0.0008730946449200193,0.005507967249417536,,0.013152082311168907,0.010916789157096806,0.0,0.008972038033548475,0.0,0.0,0.0,0.0,0.0,0.0,0.0,0.008874138136321728,0.0,0.0,0.0,0.0,0.0013882441346036156,0.0,0.05099061722730776,0.0017288187370436505,0.024342721027619744,0.14017262141257844,0.0,0.0
2002-08-01,,0.004712945893806394,0.0,0.0,0.04535575758394182,0.0,0.03869394790396241,0.0,0.011140129703260688,0.0,0.0,0.6330793227607573,0.0,0.0,0.0,0.0,0.0,0.0010226301918400227,0.005741054562878484,,0.013041456894329236,0.010741385402935254,0.0,0.008843372873866577,0.0,0.0,0.0,0.0,0.0,0.0,0.0,0.008954983753575466,0.0,0.0,0.0,0.0,0.001154355177143224,0.0,0.05102034236595401,0.0017287992655684278,0.024404951678486147,0.14036456398769445,0.0,0.0
2002-09-01,,0.004710450609390512,0.0,0.0,0.044862059444354244,0.0,0.0388445095286979,0.0,0.011173793247703186,0.0,0.0,0.6332925269329381,0.0,0.0,0.0,0.0,0.0,0.001172165738760026,0.005974141876339432,,0.012930831477489566,0.010565981648773702,0.0,0.00871470771418468,0.0,0.0,0.0,0.0,0.0,0.0,0.0,0.009035829370829205,0.0,0.0,0.0,0.0,0.0009204662196828322,0.0,0.05105006750460027,0.001728779794093205,0.02446718232935255,0.14055650656281046,0.0,0.0
2002-10-01,,0.004708035818020304,0.0,0.0,0.04438428705120498,0.0,0.03899021432682901,0.0,0.011206370871357214,0.0,0.0,0.6334988535511777,0.0,0.0,0.0,0.0,0.0,0.0013168775583600292,0.006199710244204866,,0.012823774622483432,0.010396236080230265,0.0,0.00859019304352478,0.0,0.0,0.0,0.0,0.0,0.0,0.0,0.009114067064945724,0.0,0.0,0.0,0.0,0.0006941220673018079,0.0,0.05107883376780632,0.0017287609507300862,0.024527405539868423,0.140742257441955,0.0,0.0
2002-11-01,,0.004705540533604421,0.0,0.0,0.0438905889116174,0.0,0.03914077595156449,0.0,0.01124003441579971,0.0,0.0,0.6337120577233586,0.0,0.0,0.0,0.0,0.0,0.0014664131052800325,0.006432797557665815,,0.01271314920564376,0.010220832326068713,0.0,0.008461527883842882,0.0,0.0,0.0,0.0,0.0,0.0,0.0,0.009194912682199463,0.0,0.0,0.0,0.0,0.0004602331098414159,0.0,0.05110855890645258,0.0017287414792548637,0.02458963619073483,0.14093420001707102,0.0,0.0
2002-12-01,,0.004703125742234213,0.0,0.0,0.043412816518468136,0.0,0.0392864807496956,0.0,0.01127261203945374,0.0,0.0,0.6339183843415981,0.0,0.0,0.0,0.0,0.0,0.0016111249248800356,0.006658365925531248,,0.012606092350637628,0.010051086757525276,0.0,0.008337013213182982,0.0,0.0,0.0,0.0,0.0,0.0,0.0,0.009273150376315984,0.0,0.0,0.0,0.0,0.0002338889574603916,0.0,0.05113732516965863,0.0017287226358917449,0.024649859401250702,0.14111995089621554,0.0,0.0
2003-01-01,,0.004700630457818331,0.0,0.0,0.04291911837888056,0.0,0.03943704237443109,0.0,0.011306275583896236,0.0,0.0,0.6341315885137789,0.0,0.0,0.0,0.0,0.0,0.001760660471800039,0.006891453238992197,,0.012495466933797956,0.009875683003363724,0.0,0.008208348053501084,0.0,0.0,0.0,0.0,0.0,0.0,0.0,0.009353995993569722,0.0,0.0,0.0,0.0,0.0,0.0,0.05116705030830489,0.0017287031644165221,0.024712090052117105,0.14131189347133155,0.0,0.0
2003-02-01,,0.004890215145786164,0.0,0.0,0.04244710418561784,0.0,0.039697649802312496,0.0,0.011699192663364758,0.0,0.0,0.6335183014402079,0.0,0.0,0.0,0.0,0.0,0.0017604290015878644,0.007140809496400699,,0.01258414498390689,0.009898856351986677,0.0,0.008145709108901536,0.0,0.0,0.0,0.0,0.0,0.0,0.0,0.00934154302916312,0.0,0.0,0.0,0.0002092983729763622,0.00016487926742561417,0.0,0.05079602208766662,0.0017284758955622124,0.02452150690638374,0.14145586226074935,0.0,0.0
2003-03-01,,0.005061452928466788,0.0,0.0,0.04202076878525151,0.0,0.039933037156527955,0.0,0.012054085509336326,0.0,0.0,0.6329643647285955,0.0,0.0,0.0,0.0,0.0,0.0017602199317188036,0.007366034503092249,,0.01266424128723109,0.009919787118484827,0.0,0.008089131997650332,0.0,0.0,0.0,0.0,0.0,0.0,0.0,0.009330295190344255,0.0,0.0,0.0,0.00039834206469694744,0.00031380247671326567,0.0,0.05046089982386431,0.0017282706204679974,0.02434936729088264,0.1415858985866751,0.0,0.0
2003-04-01,,0.00525103761643462,0.0,0.0,0.041548754591988785,0.0,0.04019364458440936,0.0,0.012447002588804846,0.0,0.0,0.6323510776550245,0.0,0.0,0.0,0.0,0.0,0.001759988461506629,0.007615390760500751,,0.012752919337340024,0.009942960467107778,0.0,0.008026493053050783,0.0,0.0,0.0,0.0,0.0,0.0,0.0,0.009317842225937654,0.0,0.0,0.0,0.0006076404376733096,0.00047868174413887986,0.0,0.05008987160322604,0.0017280433516136877,0.024158784145149277,0.14172986737609292,0.0,0.0
2003-05-01,,0.005434506669306717,0.0,0.0,0.041091966663024865,0.0,0.04044584532106879,0.0,0.012827244923774383,0.0,0.0,0.6317575740354398,0.0,0.0,0.0,0.0,0.0,0.0017597644580754923,0.007856703267670267,,0.01283873680518738,0.009965386288355797,0.0,0.00796587471956735,0.0,0.0,0.0,0.0,0.0,0.0,0.0,0.009305790970060299,0.0,0.0,0.0,0.0008101872502310795,0.0006382423255185065,0.0,0.04973081203486642,0.0017278234140127428,0.02397434884282667,0.1418691920110134,0.0,0.0
2003-06-01,,0.0056240913572745506,0.0,0.0,0.04061995246976214,0.0,0.04070645274895019,0.0,0.013220162003242905,0.0,0.0,0.6311442869618689,0.0,0.0,0.0,0.0,0.0,0.0017595329878633177,0.008106059525078771,,0.012927414855296315,0.00998855963697875,0.0,0.007903235774967802,0.0,0.0,0.0,0.0,0.0,0.0,0.0,0.009293338005653698,0.0,0.0,0.0,0.0010194856232074417,0.0008031215929441206,0.0,0.049359783814228154,0.001727596145158433,0.023783765697093305,0.1420131608004312,0.0,0.0
2003-07-01,,0.005807560410146647,0.0,0.0,0.04016316454079822,0.0,0.04095865348560962,0.0,0.01360040433821244,0.0,0.0,0.6305507833422841,0.0,0.0,0.0,0.0,0.0,0.0017593089844321812,0.008347372032248288,,0.01301323232314367,0.010010985458226769,0.0,0.007842617441484368,0.0,0.0,0.0,0.0,0.0,0.0,0.0,0.009281286749776341,0.0,0.0,0.0,0.0012220324357652115,0.0009626821743237472,0.0,0.049000724245868536,0.0017273762075574882,0.023599330394770697,0.14215248543535164,0.0,0.0
2003-08-01,,0.005997145098114481,0.0,0.0,0.039691150347535495,0.0,0.041219260913491026,0.0,0.013993321417680962,0.0,0.0,0.6299374962687131,0.0,0.0,0.0,0.0,0.0,0.0017590775142200066,0.00859672828965679,,0.013101910373252604,0.01003415880684972,0.0,0.00777997849688482,0.0,0.0,0.0,0.0,0.0,0.0,0.0,0.00926883378536974,0.0,0.0,0.0,0.0014313308087415737,0.0011275614417493615,0.0,0.04862969602523027,0.0017271489387031785,0.023408747249037333,0.14229645422476947,0.0,0.0
2003-09-01,,0.006186729786082314,0.0,0.0,0.03921913615427278,0.0,0.04147986834137243,0.0,0.014386238497149484,0.0,0.0,0.6293242091951421,0.0,0.0,0.0,0.0,0.0,0.001758846044007832,0.008846084547065291,,0.01319058842336154,0.010057332155472673,0.0,0.0077173395522852715,0.0,0.0,0.0,0.0,0.0,0.0,0.0,0.00925638082096314,0.0,0.0,0.0,0.001640629181717936,0.0012924407091749756,0.0,0.048258667804591995,0.0017269216698488688,0.02321816410330397,0.14244042301418727,0.0,0.0
2003-10-01,,0.006370198838954411,0.0,0.0,0.03876234822530885,0.0,0.041732069078031855,0.0,0.01476648083211902,0.0,0.0,0.6287307055755573,0.0,0.0,0.0,0.0,0.0,0.0017586220405766953,0.009087397054234808,,0.013276405891208895,0.010079757976720692,0.0,0.007656721218801838,0.0,0.0,0.0,0.0,0.0,0.0,0.0,0.009244329565085785,0.0,0.0,0.0,0.0018431759942757059,0.0014520012905546022,0.0,0.047899608236232384,0.0017267017322479242,0.02303372880098136,0.14257974764910772,0.0,0.0
2003-11-01,,0.006559783526922243,0.0,0.0,0.03829033403204613,0.0,0.04199267650591326,0.0,0.015159397911587541,0.0,0.0,0.6281174185019864,0.0,0.0,0.0,0.0,0.0,0.0017583905703645209,0.009336753311643312,,0.013365083941317829,0.010102931325343645,0.0,0.00759408227420229,0.0,0.0,0.0,0.0,0.0,0.0,0.0,0.009231876600679183,0.0,0.0,0.0,0.002052474367252068,0.0016168805579802163,0.0,0.04752858001559411,0.0017264744633936145,0.022843145655247997,0.14272371643852552,0.0,0.0
2003-12-01,,0.006743252579794341,0.0,0.0,0.037833546103082205,0.0,0.042244877242572684,0.0,0.015539640246557077,0.0,0.0,0.6275239148824017,0.0,0.0,0.0,0.0,0.0,0.0017581665669333842,0.009578065818812828,,0.013450901409165186,0.010125357146591662,0.0,0.007533463940718856,0.0,0.0,0.0,0.0,0.0,0.0,0.0,0.009219825344801827,0.0,0.0,0.0,0.002255021179809838,0.001776441139359843,0.0,0.04716952044723449,0.0017262545257926696,0.02265871035292539,0.142863041073446,0.0,0.0
2004-01-01,,0.006932837267762173,0.0,0.0,0.03736153190981949,0.0,0.04250548467045409,0.0,0.0159325573260256,0.0,0.0,0.6269106278088307,0.0,0.0,0.0,0.0,0.0,0.0017579350967212096,0.00982742207622133,,0.01353957945927412,0.010148530495214615,0.0,0.007470824996119308,0.0,0.0,0.0,0.0,0.0,0.0,0.0,0.009207372380395226,0.0,0.0,0.0,0.0024643195527862,0.0019413204067854572,0.0,0.046798492226596225,0.00172602725693836,0.022468127207192025,0.1430070098628638,0.0,0.0
2004-02-01,,0.007092901721801899,0.0,0.0,0.0370463057117463,0.0,0.04223681526336006,0.0,0.016147988678991324,0.0,0.0,0.628237009837261,0.0,0.0,0.0,0.0,0.0,0.001914662516312254,0.009479332412934506,,0.013671443147282266,0.010120683118945574,0.0,0.00717894391843244,0.0,0.0,0.0,0.0,0.0,0.0,0.0,0.009175697263521776,0.0,0.0,0.0,0.002680454311864168,0.0021170060701260537,0.0,0.046368920545132794,0.0015798336914599742,0.022447968230460528,0.14250403356036698,0.0,0.0
2004-03-01,,0.007242639436871319,0.0,0.0,0.03675141668774236,0.0,0.04198547936640113,0.0,0.016349521234991518,0.0,0.0,0.6294778188315991,0.0,0.0,0.0,0.0,0.0,0.0020612784894780698,0.00915370014727909,,0.01379479950058021,0.010094632347597115,0.0,0.006905893878015691,0.0,0.0,0.0,0.0,0.0,0.0,0.0,0.009146065702575644,0.0,0.0,0.0,0.0028826448929371055,0.0022813571745414507,0.0,0.045967063165699255,0.001443071968915678,0.022429109832872995,0.14203350734190218,0.0,0.0
2004-04-01,,0.007402703890911045,0.0,0.0,0.03643619048966918,0.0,0.0417168099593071,0.0,0.016564952587957243,0.0,0.0,0.6308042008600294,0.0,0.0,0.0,0.0,0.0,0.002218005909069114,0.008805610483992268,,0.013926663188588357,0.010066784971328072,0.0,0.006614012800328823,0.0,0.0,0.0,0.0,0.0,0.0,0.0,0.009114390585702193,0.0,0.0,0.0,0.0030987796520150737,0.002457042837882047,0.0,0.045537491484235824,0.0012968784034372923,0.0224089508561415,0.14153053103940536,0.0,0.0
2004-05-01,,0.007557604975465618,0.0,0.0,0.036131132878630616,0.0,0.04145680730728062,0.0,0.016773434542440204,0.0,0.0,0.6320877963714137,0.0,0.0,0.0,0.0,0.0,0.0023696776054475443,0.008468749519521148,,0.014054273209241401,0.010039835897519321,0.0,0.006331547241277015,0.0,0.0,0.0,0.0,0.0,0.0,0.0,0.009083737246792404,0.0,0.0,0.0,0.0033079423220905265,0.002627061221760044,0.0,0.04512177695378734,0.0011554007594259514,0.022389442168981984,0.14104377977892454,0.0,0.0
2004-06-01,,0.0077176694295053435,0.0,0.0,0.03581590668055743,0.0,0.04118813790018659,0.0,0.01698886589540593,0.0,0.0,0.633414178399844,0.0,0.0,0.0,0.0,0.0,0.0025264050250385886,0.008120659856234325,,0.014186136897249547,0.01001198852125028,0.0,0.006039666163590146,0.0,0.0,0.0,0.0,0.0,0.0,0.0,0.009052062129918954,0.0,0.0,0.0,0.0035240770811684943,0.0028027468851006404,0.0,0.04469220527232391,0.0010092071939475657,0.022369283192250483,0.1405408034764277,0.0,0.0
2004-07-01,,0.007872570514059917,0.0,0.0,0.03551084906951887,0.0,0.04092813524816011,0.0,0.01719734784988889,0.0,0.0,0.6346977739112283,0.0,0.0,0.0,0.0,0.0,0.0026780767214170187,0.007783798891763205,,0.014313746917902593,0.00998503944744153,0.0,0.005757200604538338,0.0,0.0,0.0,0.0,0.0,0.0,0.0,0.009021408791009163,0.0,0.0,0.0,0.0037332397512439474,0.0029727652689786376,0.0,0.044276490741875424,0.0008677295499362246,0.02234977450509097,0.1400540522159469,0.0,0.0
2004-08-01,,0.008032634968099642,0.0,0.0,0.03519562287144569,0.0,0.04065946584106608,0.0,0.017412779202854615,0.0,0.0,0.6360241559396586,0.0,0.0,0.0,0.0,0.0,0.002834804141008063,0.007435709228476382,,0.01444561060591074,0.009957192071172488,0.0,0.005465319526851469,0.0,0.0,0.0,0.0,0.0,0.0,0.0,0.008989733674135712,0.0,0.0,0.0,0.003949374510321915,0.0031484509323192337,0.0,0.04384691906041199,0.000721535984457839,0.02232961552835947,0.13955107591345006,0.0,0.0
2004-09-01,,0.008192699422139366,0.0,0.0,0.034880396673372505,0.0,0.04039079643397205,0.0,0.01762821055582034,0.0,0.0,0.6373505379680889,0.0,0.0,0.0,0.0,0.0,0.0029915315605991075,0.007087619565189558,,0.014577474293918886,0.009929344694903445,0.0,0.0051734384491646,0.0,0.0,0.0,0.0,0.0,0.0,0.0,0.008958058557262262,0.0,0.0,0.0,0.004165509269399883,0.0033241365956598306,0.0,0.04341734737894856,0.0005753424189794533,0.022309456551627974,0.13904809961095324,0.0,0.0
2004-10-01,,0.00834760050669394,0.0,0.0,0.03457533906233394,0.0,0.04013079378194557,0.0,0.0178366925103033,0.0,0.0,0.6386341334794732,0.0,0.0,0.0,0.0,0.0,0.0031432032569775376,0.006750758600718439,,0.014705084314571931,0.009902395621094696,0.0,0.004890972890112793,0.0,0.0,0.0,0.0,0.0,0.0,0.0,0.008927405218352471,0.0,0.0,0.0,0.004374671939475336,0.0034941549795378273,0.0,0.04300163284850008,0.0004338647749681124,0.02228994786446846,0.13856134835047243,0.0,0.0
2004-11-01,,0.008507664960733666,0.0,0.0,0.034260112864260756,0.0,0.03986212437485154,0.0,0.018052123863269025,0.0,0.0,0.6399605155079034,0.0,0.0,0.0,0.0,0.0,0.003299930676568582,0.006402668937431615,,0.014836948002580078,0.009874548244825653,0.0,0.004599091812425925,0.0,0.0,0.0,0.0,0.0,0.0,0.0,0.00889573010147902,0.0,0.0,0.0,0.004590806698553304,0.003669840642878424,0.0,0.04257206116703664,0.00028767120948972676,0.02226978888773696,0.13805837204797558,0.0,0.0
2004-12-01,,0.008662566045288238,0.0,0.0,0.0339550552532222,0.0,0.03960212172282506,0.0,0.018260605817751987,0.0,0.0,0.6412441110192877,0.0,0.0,0.0,0.0,0.0,0.003451602372947012,0.006065807972960496,,0.014964558023233123,0.009847599171016902,0.0,0.004316626253374116,0.0,0.0,0.0,0.0,0.0,0.0,0.0,0.00886507676256923,0.0,0.0,0.0,0.004799969368628757,0.0038398590267564206,0.0,0.04215634663658816,0.00014619356547838566,0.022250280200577444,0.13757162078749477,0.0,0.0
2005-01-01,,0.008822630499327964,0.0,0.0,0.03363982905514901,0.0,0.03933345231573103,0.0,0.01847603717071771,0.0,0.0,0.6425704930477181,0.0,0.0,0.0,0.0,0.0,0.0036083297925380564,0.005717718309673672,,0.01509642171124127,0.009819751794747861,0.0,0.0040247451756872474,0.0,0.0,0.0,0.0,0.0,0.0,0.0,0.00883340164569578,0.0,0.0,0.0,0.005016104127706725,0.004015544690097017,0.0,0.04172677495512473,0.0,0.022230121223845947,0.13706864448499795,0.0,0.0
2005-02-01,,0.008909753663626833,0.0,0.0,0.03421801823364376,0.0,0.03922065704716799,0.0,0.018800959738415918,0.0,0.0,0.6404627479445081,0.0,0.0,0.0,0.0,0.0,0.0036579472746931423,0.005483702342024456,,0.01498260302378876,0.009901925630178329,0.0,0.0038534369677831097,0.0,0.0,0.0,0.0,0.0,0.0,0.0,0.008732678983207218,0.0,0.0,0.0,0.005230979357525775,0.004232957174361637,0.0,0.04144475620883768,0.0,0.02202752195842114,0.13883935445181625,0.0,0.0
2005-03-01,,0.008988445553961295,0.0,0.0,0.03474025362067127,0.0,0.03911877744975621,0.0,0.019094438186659457,0.0,0.0,0.6385589781738668,0.0,0.0,0.0,0.0,0.0,0.0037027630650267682,0.005272333080921937,,0.014879799048025201,0.009976147158954235,0.0,0.0036987069735471144,0.0,0.0,0.0,0.0,0.0,0.0,0.0,0.008641703675153033,0.0,0.0,0.0,0.0054250602102655626,0.004429329740794197,0.0,0.041190029599288094,0.0,0.021844529073521312,0.14043870538958764,0.0,0.0
2005-04-01,,0.009075568718260164,0.0,0.0,0.03531844279916602,0.0,0.03900598218119317,0.0,0.019419360754357663,0.0,0.0,0.6364512330706567,0.0,0.0,0.0,0.0,0.0,0.0037523805471818537,0.005038317113272721,,0.014765980360572691,0.0100583209943847,0.0,0.0035273987656429767,0.0,0.0,0.0,0.0,0.0,0.0,0.0,0.008540981012664471,0.0,0.0,0.0,0.005639935440084613,0.004646742225058816,0.0,0.04090801085300105,0.0,0.021641929808096504,0.14220941535640594,0.0,0.0
2005-05-01,,0.009159881457904232,0.0,0.0,0.035877980713838346,0.0,0.038896825469680554,0.0,0.01973380194890431,0.0,0.0,0.6344114797449696,0.0,0.0,0.0,0.0,0.0,0.0038003974653964528,0.004811850047805736,,0.014655833243683166,0.010137844060930315,0.0,0.003361616628961553,0.0,0.0,0.0,0.0,0.0,0.0,0.0,0.008443507468320703,0.0,0.0,0.0,0.005847879210877242,0.0048571414033794155,0.0,0.04063508948562649,0.0,0.02144586600284669,0.14392300564687527,0.0,0.0
2005-06-01,,0.009247004622203101,0.0,0.0,0.03645616989233309,0.0,0.03878403020111752,0.0,0.020058724516602518,0.0,0.0,0.6323037346417595,0.0,0.0,0.0,0.0,0.0,0.0038500149475515387,0.00457783408015652,,0.014542014556230654,0.010220017896360782,0.0,0.0031903084210574153,0.0,0.0,0.0,0.0,0.0,0.0,0.0,0.008342784805832141,0.0,0.0,0.0,0.006062754440696292,0.005074553887644035,0.0,0.04035307073933945,0.0,0.02124326673742188,0.14569371561369357,0.0,0.0
2005-07-01,,0.009331317361847167,0.0,0.0,0.03701570780700542,0.0,0.038674873489604904,0.0,0.020373165711149166,0.0,0.0,0.6302639813160724,0.0,0.0,0.0,0.0,0.0,0.0038980318657661378,0.004351367014689536,,0.014431867439341129,0.010299540962906395,0.0,0.0030245262843759915,0.0,0.0,0.0,0.0,0.0,0.0,0.0,0.008245311261488373,0.0,0.0,0.0,0.006270698211488922,0.005284953065964635,0.0,0.040080149371964885,0.0,0.02104720293217207,0.1474073059041629,0.0,0.0
2005-08-01,,0.009418440526146037,0.0,0.0,0.03759389698550017,0.0,0.038562078221041865,0.0,0.020698088278847372,0.0,0.0,0.6281562362128623,0.0,0.0,0.0,0.0,0.0,0.003947649347921223,0.004117351047040319,,0.014318048751888619,0.010381714798336862,0.0,0.002853218076471854,0.0,0.0,0.0,0.0,0.0,0.0,0.0,0.008144588598999811,0.0,0.0,0.0,0.0064855734413079725,0.005502365550229255,0.0,0.039798130625677844,0.0,0.02084460366674726,0.1491780158709812,0.0,0.0
2005-09-01,,0.009505563690444906,0.0,0.0,0.038172086163994916,0.0,0.038449282952478826,0.0,0.02102301084654558,0.0,0.0,0.6260484911096523,0.0,0.0,0.0,0.0,0.0,0.003997266830076309,0.003883335079391102,,0.014204230064436107,0.01046388863376733,0.0,0.002681909868567716,0.0,0.0,0.0,0.0,0.0,0.0,0.0,0.008043865936511251,0.0,0.0,0.0,0.006700448671127022,0.005719778034493875,0.0,0.039516111879390796,0.0,0.020642004401322453,0.15094872583779953,0.0,0.0
2005-10-01,,0.009589876430088972,0.0,0.0,0.038731624078667246,0.0,0.03834012624096621,0.0,0.021337452041092227,0.0,0.0,0.6240087377839652,0.0,0.0,0.0,0.0,0.0,0.004045283748290909,0.003656868013924118,,0.014094082947546582,0.010543411700312942,0.0,0.0025161277318862924,0.0,0.0,0.0,0.0,0.0,0.0,0.0,0.00794639239216748,0.0,0.0,0.0,0.006908392441919651,0.005930177212814474,0.0,0.03924319051201624,0.0,0.02044594059607264,0.15266231612826886,0.0,0.0
2005-11-01,,0.009676999594387841,0.0,0.0,0.03930981325716199,0.0,0.03822733097240317,0.0,0.021662374608790433,0.0,0.0,0.6219009926807552,0.0,0.0,0.0,0.0,0.0,0.0040949012304459945,0.0034228520462749015,,0.013980264260094072,0.01062558553574341,0.0,0.0023448195239821547,0.0,0.0,0.0,0.0,0.0,0.0,0.0,0.007845669729678921,0.0,0.0,0.0,0.007123267671738702,0.006147589697079094,0.0,0.03896117176572919,0.0,0.02024334133064783,0.15443302609508716,0.0,0.0
2005-12-01,,0.009761312334031907,0.0,0.0,0.03986935117183432,0.0,0.03811817426089055,0.0,0.02197681580333708,0.0,0.0,0.619861239355068,0.0,0.0,0.0,0.0,0.0,0.004142918148660593,0.0031963849808079176,,0.013870117143204545,0.010705108602289022,0.0,0.0021790373873007314,0.0,0.0,0.0,0.0,0.0,0.0,0.0,0.0077481961853351515,0.0,0.0,0.0,0.007331211442531332,0.006357988875399694,0.0,0.038688250398354634,0.0,0.020047277525398016,0.1561466163855565,0.0,0.0
2006-01-01,,0.009848435498330777,0.0,0.0,0.04044754035032907,0.0,0.03800537899232751,0.0,0.022301738371035287,0.0,0.0,0.617753494251858,0.0,0.0,0.0,0.0,0.0,0.004192535630815679,0.0029623690131587005,,0.013756298455752035,0.01078728243771949,0.0,0.0020077291793965933,0.0,0.0,0.0,0.0,0.0,0.0,0.0,0.00764747352284659,0.0,0.0,0.0,0.0075460866723503816,0.006575401359664314,0.0,0.038406231652067586,0.0,0.019844678259973207,0.1579173263523748,0.0,0.0
2006-02-01,,0.009919145501697254,0.0,0.0,0.040377486023494606,0.0,0.03819844311950018,0.0,0.022510185348297577,0.0,0.0,0.6158100604826646,0.0,0.0,0.0,0.0,0.0,0.0046274764529017276,0.0027107705490274137,,0.013686697399078272,0.010936950444772322,0.0,0.0018372097148451018,0.0,0.0,0.0,0.0,0.0,0.0,0.0,0.007392959412324607,0.0,0.0,0.0,0.00733567081178711,0.006409641767503888,0.0,0.03824048175626017,0.0,0.020012012330839015,0.15999480888500617,0.0,0.0
2006-03-01,,0.009983012601512135,0.0,0.0,0.04031421114764412,0.0,0.03837282362146259,0.0,0.02269846003743771,0.0,0.0,0.6140547009491996,0.0,0.0,0.0,0.0,0.0,0.0050203262276891265,0.0024835203233604447,,0.013623831928534226,0.011072134451142622,0.0,0.0016831921339598836,0.0,0.0,0.0,0.0,0.0,0.0,0.0,0.007163075699595073,0.0,0.0,0.0,0.007145617776439638,0.006259923426197697,0.0,0.03809077217295025,0.0,0.020163152781943614,0.16187124472093128,0.0,0.0
2006-04-01,,0.010053722604878612,0.0,0.0,0.040244156820809666,0.0,0.038565887748635265,0.0,0.0229069070147,0.0,0.0,0.6121112671800062,0.0,0.0,0.0,0.0,0.0,0.005455267049775176,0.002231921859229158,,0.013554230871860463,0.011221802458195455,0.0,0.001512672669408392,0.0,0.0,0.0,0.0,0.0,0.0,0.0,0.00690856158907309,0.0,0.0,0.0,0.006935201915876366,0.006094163834037271,0.0,0.03792502227714284,0.0,0.020330486852809422,0.16394872725356266,0.0,0.0
2006-05-01,,0.010122151640394556,0.0,0.0,0.04017636231096986,0.0,0.03875272400073785,0.0,0.023108629895921568,0.0,0.0,0.6102305248227222,0.0,0.0,0.0,0.0,0.0,0.005876177522761675,0.001988439474585977,,0.013486875010563271,0.011366642465020777,0.0,0.0013476538327456585,0.0,0.0,0.0,0.0,0.0,0.0,0.0,0.0066622576111485905,0.0,0.0,0.0,0.006731573663718361,0.005933751325494924,0.0,0.037764619152167916,0.0,0.020492423050421493,0.16595919422062527,0.0,0.0
2006-06-01,,0.010192861643761033,0.0,0.0,0.0401063079841354,0.0,0.03894578812791052,0.0,0.023317076873183858,0.0,0.0,0.6082870910535289,0.0,0.0,0.0,0.0,0.0,0.006311118344847723,0.00173684101045469,,0.013417273953889508,0.01151631047207361,0.0,0.001177134368194167,0.0,0.0,0.0,0.0,0.0,0.0,0.0,0.006407743500626607,0.0,0.0,0.0,0.006521157803155089,0.005767991733334498,0.0,0.0375988692563605,0.0,0.0206597571212873,0.16803667675325665,0.0,0.0
2006-07-01,,0.01026129067927698,0.0,0.0,0.0400385134742956,0.0,0.0391326243800131,0.0,0.023518799754405427,0.0,0.0,0.6064063486962449,0.0,0.0,0.0,0.0,0.0,0.006732028817834222,0.0014933586258115094,,0.013349918092592316,0.011661150478898931,0.0,0.0010121155315314333,0.0,0.0,0.0,0.0,0.0,0.0,0.0,0.006161439522702107,0.0,0.0,0.0,0.006317529550997084,0.005607579224792151,0.0,0.03743846613138559,0.0,0.02082169331889937,0.17004714372031926,0.0,0.0
2006-08-01,,0.010332000682643455,0.0,0.0,0.03996845914746114,0.0,0.03932568850718577,0.0,0.02372724673166772,0.0,0.0,0.6044629149270515,0.0,0.0,0.0,0.0,0.0,0.007166969639920272,0.0012417601616802223,,0.013280317035918553,0.011810818485951764,0.0,0.0008415960669799418,0.0,0.0,0.0,0.0,0.0,0.0,0.0,0.005906925412180124,0.0,0.0,0.0,0.006107113690433812,0.005441819632631724,0.0,0.03727271623557817,0.0,0.02098902738976518,0.17212462625295064,0.0,0.0
2006-09-01,,0.010402710686009932,0.0,0.0,0.039898404820626676,0.0,0.039518752634358445,0.0,0.023935693708930006,0.0,0.0,0.6025194811578581,0.0,0.0,0.0,0.0,0.0,0.00760191046200632,0.0009901616975489355,,0.013210715979244789,0.011960486493004597,0.0,0.0006710766024284505,0.0,0.0,0.0,0.0,0.0,0.0,0.0,0.005652411301658141,0.0,0.0,0.0,0.00589669782987054,0.005276060040471299,0.0,0.03710696633977076,0.0,0.021156361460630987,0.174202108785582,0.0,0.0
2006-10-01,,0.010471139721525876,0.0,0.0,0.03983061031078687,0.0,0.03970558888646102,0.0,0.02413741659015158,0.0,0.0,0.6006387388005742,0.0,0.0,0.0,0.0,0.0,0.00802282093499282,0.0007466793129057548,,0.013143360117947598,0.012105326499829918,0.0,0.0005060577657657168,0.0,0.0,0.0,0.0,0.0,0.0,0.0,0.005406107323733641,0.0,0.0,0.0,0.005693069577712535,0.0051156475319289515,0.0,0.03694656321479584,0.0,0.021318297658243057,0.17621257575264465,0.0,0.0
2006-11-01,,0.010541849724892353,0.0,0.0,0.03976055598395241,0.0,0.0398986530136337,0.0,0.024345863567413868,0.0,0.0,0.5986953050313808,0.0,0.0,0.0,0.0,0.0,0.008457761757078868,0.000495080848774468,,0.013073759061273834,0.012254994506882751,0.0,0.00033553830121422525,0.0,0.0,0.0,0.0,0.0,0.0,0.0,0.005151593213211658,0.0,0.0,0.0,0.005482653717149262,0.004949887939768525,0.0,0.03678081331898843,0.0,0.021485631729108865,0.17829005828527603,0.0,0.0
2006-12-01,,0.010610278760408298,0.0,0.0,0.03969276147411261,0.0,0.04008548926573628,0.0,0.024547586448635438,0.0,0.0,0.5968145626740968,0.0,0.0,0.0,0.0,0.0,0.008878672230065367,0.0002515984641312868,,0.013006403199976643,0.012399834513708073,0.0,0.0001705194645514915,0.0,0.0,0.0,0.0,0.0,0.0,0.0,0.004905289235287158,0.0,0.0,0.0,0.005279025464991258,0.004789475431226178,0.0,0.03662041019401351,0.0,0.021647567926720936,0.18030052525233864,0.0,0.0
2007-01-01,,0.010680988763774775,0.0,0.0,0.03962270714727815,0.0,0.04027855339290895,0.0,0.024756033425897727,0.0,0.0,0.5948711289049035,0.0,0.0,0.0,0.0,0.0,0.009313613052151415,0.0,,0.012936802143302879,0.012549502520760905,0.0,0.0,0.0,0.0,0.0,0.0,0.0,0.0,0.0,0.004650775124765174,0.0,0.0,0.0,0.005068609604427986,0.004623715839065752,0.0,0.0364546602982061,0.0,0.021814901997586744,0.18237800778497001,0.0,0.0
2007-02-01,,0.01067251600029569,0.0,0.0,0.039699001615959094,0.0,0.04141138758957186,0.0,0.025340814447341205,0.0,0.0,0.5886859199824357,0.0,0.0,0.0,0.0,0.0,0.009868891419897951,0.0,,0.012983458860379753,0.012888008188002776,0.0,0.0,0.0,0.0,0.0,0.0,0.0,0.0,0.0,0.0044274115915150436,0.0,0.0,0.0,0.004853000182912057,0.0044484291698754725,0.0,0.0365374141607551,0.0,0.022020659489248615,0.18616308730180975,0.0,0.0
2007-03-01,,0.010664863181669423,0.0,0.0,0.039767912748961236,0.0,0.04243459267042868,0.0,0.02586900375703209,0.0,0.0,0.583099279665368,0.0,0.0,0.0,0.0,0.0,0.010370433171410951,0.0,,0.0130256004112879,0.013193755242285755,0.0,0.0,0.0,0.0,0.0,0.0,0.0,0.0,0.0,0.004225663884063313,0.0,0.0,0.0,0.004658256189284766,0.004290105726735865,0.0,0.03661215958499291,0.0,0.022206504965588375,0.18958186880089078,0.0,0.0
2007-04-01,,0.010656390418190338,0.0,0.0,0.039844207217642175,0.0,0.04356742686709159,0.0,0.02645378477847557,0.0,0.0,0.5769140707429002,0.0,0.0,0.0,0.0,0.0,0.010925711539157487,0.0,,0.013072257128364774,0.013532260909527626,0.0,0.0,0.0,0.0,0.0,0.0,0.0,0.0,0.0,0.004002300350813183,0.0,0.0,0.0,0.004442646767768836,0.004114819057545585,0.0,0.03669491344754191,0.0,0.022412262457250247,0.1933669483177305,0.0,0.0
2007-05-01,,0.010648190969662193,0.0,0.0,0.039918040574430186,0.0,0.04466371802515247,0.0,0.02701970189600152,0.0,0.0,0.5709283846888992,0.0,0.0,0.0,0.0,0.0,0.011463077701492845,0.0,,0.013117408790052073,0.013859847039116533,0.0,0.0,0.0,0.0,0.0,0.0,0.0,0.0,0.0,0.003786142092829186,0.0,0.0,0.0,0.004233992488882453,0.0039451867970388636,0.0,0.03677499783065384,0.0,0.022611382610471416,0.1970299284953173,0.0,0.0
2007-06-01,,0.01063971820618311,0.0,0.0,0.039994335043111125,0.0,0.04579655222181538,0.0,0.027604482917444998,0.0,0.0,0.5647431757664314,0.0,0.0,0.0,0.0,0.0,0.012018356069239382,0.0,,0.013164065507128947,0.014198352706358403,0.0,0.0,0.0,0.0,0.0,0.0,0.0,0.0,0.0,0.003562778559579056,0.0,0.0,0.0,0.004018383067366524,0.0037699001278485834,0.0,0.03685775169320284,0.0,0.022817140102133288,0.20081500801215704,0.0,0.0
2007-07-01,,0.010631518757654964,0.0,0.0,0.040068168399899136,0.0,0.04689284337987626,0.0,0.028170400034970948,0.0,0.0,0.5587574897124303,0.0,0.0,0.0,0.0,0.0,0.012555722231574739,0.0,,0.013209217168816246,0.01452593883594731,0.0,0.0,0.0,0.0,0.0,0.0,0.0,0.0,0.0,0.0033466203015950586,0.0,0.0,0.0,0.003809728788480141,0.0036002678673418614,0.0,0.036937836076314776,0.0,0.023016260255354457,0.20447798818974386,0.0,0.0
2007-08-01,,0.01062304599417588,0.0,0.0,0.04014446286858008,0.0,0.04802567757653917,0.0,0.028755181056414426,0.0,0.0,0.5525722807899625,0.0,0.0,0.0,0.0,0.0,0.013111000599321274,0.0,,0.01325587388589312,0.01486444450318918,0.0,0.0,0.0,0.0,0.0,0.0,0.0,0.0,0.0,0.003123256768344928,0.0,0.0,0.0,0.003594119366964212,0.0034249811981515816,0.0,0.03702058993886378,0.0,0.02322201774701633,0.2082630677065836,0.0,0.0
2007-09-01,,0.010614573230696797,0.0,0.0,0.04022075733726102,0.0,0.04915851177320208,0.0,0.029339962077857905,0.0,0.0,0.5463870718674947,0.0,0.0,0.0,0.0,0.0,0.013666278967067812,0.0,,0.013302530602969995,0.015202950170431051,0.0,0.0,0.0,0.0,0.0,0.0,0.0,0.0,0.0,0.002899893235094798,0.0,0.0,0.0,0.0033785099454482826,0.003249694528961302,0.0,0.03710334380141278,0.0,0.023427775238678204,0.2120481472234233,0.0,0.0
2007-10-01,,0.010606373782168652,0.0,0.0,0.04029459069404903,0.0,0.050254802931262964,0.0,0.029905879195383855,0.0,0.0,0.5404013858134936,0.0,0.0,0.0,0.0,0.0,0.01420364512940317,0.0,,0.013347682264657294,0.015530536300019958,0.0,0.0,0.0,0.0,0.0,0.0,0.0,0.0,0.0,0.002683734977110801,0.0,0.0,0.0,0.0031698556665618995,0.0030800622684545795,0.0,0.03718342818452471,0.0,0.02362689539189937,0.21571112740101014,0.0,0.0
2007-11-01,,0.010597901018689567,0.0,0.0,0.04037088516272998,0.0,0.05138763712792587,0.0,0.030490660216827333,0.0,0.0,0.5342161768910259,0.0,0.0,0.0,0.0,0.0,0.014758923497149704,0.0,,0.013394338981734168,0.015869041967261827,0.0,0.0,0.0,0.0,0.0,0.0,0.0,0.0,0.0,0.0024603714438606707,0.0,0.0,0.0,0.0029542462450459703,0.0029047755992642997,0.0,0.037266182047073715,0.0,0.023832652883561244,0.21949620691784985,0.0,0.0
2007-12-01,,0.010589701570161423,0.0,0.0,0.04044471851951798,0.0,0.05248392828598675,0.0,0.031056577334353283,0.0,0.0,0.5282304908370248,0.0,0.0,0.0,0.0,0.0,0.015296289659485061,0.0,,0.013439490643421467,0.016196628096850733,0.0,0.0,0.0,0.0,0.0,0.0,0.0,0.0,0.0,0.0022442131858766735,0.0,0.0,0.0,0.002745591966159587,0.0027351433387575773,0.0,0.03734626643018565,0.0,0.02403177303678241,0.2231591870954367,0.0,0.0
2008-01-01,,0.010581228806682339,0.0,0.0,0.04052101298819893,0.0,0.05361676248264966,0.0,0.03164135835579676,0.0,0.0,0.522045281914557,0.0,0.0,0.0,0.0,0.0,0.0158515680272316,0.0,,0.013486147360498342,0.016535133764092606,0.0,0.0,0.0,0.0,0.0,0.0,0.0,0.0,0.0,0.0020208496526265434,0.0,0.0,0.0,0.002529982544643658,0.002559856669567298,0.0,0.03742902029273465,0.0,0.024237530528444285,0.2269442666122764,0.0,0.0
2008-02-01,,0.010631701000918349,0.0,0.0,0.03979252109037817,0.0,0.05410476956208971,0.0,0.03207044522432043,0.0,0.0,0.5209777551251603,0.0,0.0,0.0,0.0,0.0,0.01614284714867571,0.0,,0.013705324122824098,0.0167706577705732,0.0,0.00020393029069030316,0.0,0.0,0.0,0.0,0.0,0.0,0.0,0.0018496847913385028,0.0,0.0,0.0,0.002479245396506489,0.002343038208483729,0.00014532966652232364,0.037445646664910154,0.0,0.02449157006551133,0.22684553387109724,0.0,0.0
2008-03-01,,0.010678916924558487,0.0,0.0,0.03911102866983617,0.0,0.05456129231382395,0.0,0.03247184906906839,0.0,0.0,0.5199791010318537,0.0,0.0,0.0,0.0,0.0,0.016415334068736326,0.0,,0.013910360448870774,0.016990986679861497,0.0,0.00039470378843284483,0.0,0.0,0.0,0.0,0.0,0.0,0.0,0.00168956282432711,0.0,0.0,0.0,0.0024317816127652657,0.0021402080352120032,0.00028128322552707803,0.03746120036791305,0.0,0.02472921995502566,0.2267531709841877,0.0,0.0
2008-04-01,,0.0107293891187945,0.0,0.0,0.03838253677201541,0.0,0.055049299393264,0.0,0.03290093593759206,0.0,0.0,0.518911574242457,0.0,0.0,0.0,0.0,0.0,0.016706613190180436,0.0,,0.01412953721119653,0.01722651068634209,0.0,0.000598634079123148,0.0,0.0,0.0,0.0,0.0,0.0,0.0,0.0015183979630390694,0.0,0.0,0.0,0.0023810444646280965,0.0019233895741284342,0.0004266128920494017,0.03747782674008855,0.0,0.024983259492092704,0.22665443824300857,0.0,0.0
2008-05-01,,0.010778233177732573,0.0,0.0,0.037677544612834034,0.0,0.05552156430885114,0.0,0.03331618129422787,0.0,0.0,0.5178784838011055,0.0,0.0,0.0,0.0,0.0,0.0169884962109328,0.0,,0.014341643755382747,0.017454437144226537,0.0,0.0007959859733395704,0.0,0.0,0.0,0.0,0.0,0.0,0.0,0.0013527545488893527,0.0,0.0,0.0,0.0023319439986889006,0.0017135652569507868,0.0005672545048129407,0.03749391677767775,0.0,0.02522910420538339,0.22655889042896424,0.0,0.0
2008-06-01,,0.010828705371968584,0.0,0.0,0.036949052715013274,0.0,0.05600957138829119,0.0,0.03374526816275154,0.0,0.0,0.5168109570117088,0.0,0.0,0.0,0.0,0.0,0.01727977533237691,0.0,,0.014560820517708503,0.017689961150707128,0.0,0.0009999162640298735,0.0,0.0,0.0,0.0,0.0,0.0,0.0,0.001181589687601312,0.0,0.0,0.0,0.0022812068505517315,0.0014967467958672178,0.0007125841713352643,0.037510543149853255,0.0,0.025483143742450434,0.22646015768778507,0.0,0.0
2008-07-01,,0.010877549430906658,0.0,0.0,0.036244060555831896,0.0,0.05648183630387834,0.0,0.034160513519387356,0.0,0.0,0.5157778665703571,0.0,0.0,0.0,0.0,0.0,0.017561658353129277,0.0,,0.01477292706189472,0.017917887608591573,0.0,0.001197268158246296,0.0,0.0,0.0,0.0,0.0,0.0,0.0,0.0010159462734515956,0.0,0.0,0.0,0.0022321063846125356,0.0012869224786895704,0.0008532257840988033,0.037526633187442454,0.0,0.02572898845574112,0.22636460987374074,0.0,0.0
2008-08-01,,0.010928021625142668,0.0,0.0,0.035515568658011136,0.0,0.05696984338331838,0.0,0.034589600387911035,0.0,0.0,0.5147103397809605,0.0,0.0,0.0,0.0,0.0,0.017852937474573387,0.0,,0.014992103824220476,0.018153411615072168,0.0,0.0014011984489365993,0.0,0.0,0.0,0.0,0.0,0.0,0.0,0.000844781412163555,0.0,0.0,0.0,0.002181369236475366,0.0010701040176060016,0.000998555450621127,0.03754325955961796,0.0,0.025983027992808164,0.22626587713256158,0.0,0.0
2008-09-01,,0.010978493819378678,0.0,0.0,0.034787076760190376,0.0,0.057457850462758434,0.0,0.03501868725643471,0.0,0.0,0.5136428129915638,0.0,0.0,0.0,0.0,0.0,0.018144216596017497,0.0,,0.015211280586546232,0.018388935621552763,0.0,0.0016051287396269024,0.0,0.0,0.0,0.0,0.0,0.0,0.0,0.0006736165508755144,0.0,0.0,0.0,0.002130632088338197,0.0008532855565224326,0.0011438851171434506,0.03755988593179346,0.0,0.02623706752987521,0.22616714439138244,0.0,0.0
2008-10-01,,0.011027337878316754,0.0,0.0,0.034082084601009,0.0,0.05793011537834558,0.0,0.03543393261307052,0.0,0.0,0.5126097225502121,0.0,0.0,0.0,0.0,0.0,0.01842609961676986,0.0,,0.01542338713073245,0.018616862079437208,0.0,0.0018024806338433248,0.0,0.0,0.0,0.0,0.0,0.0,0.0,0.0005079731367257977,0.0,0.0,0.0,0.002081531622399001,0.0006434612393447852,0.0012845267299069895,0.03757597596938266,0.0,0.026482912243165894,0.22607159657733808,0.0,0.0
2008-11-01,,0.011077810072552765,0.0,0.0,0.03335359270318824,0.0,0.05841812245778563,0.0,0.03586301948159419,0.0,0.0,0.5115421957608154,0.0,0.0,0.0,0.0,0.0,0.01871737873821397,0.0,,0.015642563893058205,0.0188523860859178,0.0,0.0020064109245336277,0.0,0.0,0.0,0.0,0.0,0.0,0.0,0.0003368082754377571,0.0,0.0,0.0,0.002030794474261832,0.0004266427782612164,0.0014298563964293132,0.037592602341558166,0.0,0.02673695178023294,0.22597286383615894,0.0,0.0
2008-12-01,,0.011126654131490839,0.0,0.0,0.03264860054400686,0.0,0.05889038737337277,0.0,0.036278264838230004,0.0,0.0,0.5105091053194638,0.0,0.0,0.0,0.0,0.0,0.018999261758966334,0.0,,0.015854670437244422,0.019080312543802245,0.0,0.00220376281875005,0.0,0.0,0.0,0.0,0.0,0.0,0.0,0.00017116486128804036,0.0,0.0,0.0,0.0019816940083226355,0.00021681846108356903,0.0015704980091928522,0.037608692379147365,0.0,0.026982796493523625,0.2258773160221146,0.0,0.0
2009-01-01,,0.011177126325726849,0.0,0.0,0.0319201086461861,0.0,0.05937839445281282,0.0,0.036707351706753676,0.0,0.0,0.5094415785300671,0.0,0.0,0.0,0.0,0.0,0.019290540880410444,0.0,,0.01607384719957018,0.01931583655028284,0.0,0.0024076931094403533,0.0,0.0,0.0,0.0,0.0,0.0,0.0,0.0,0.0,0.0,0.0,0.0019309568601854664,0.0,0.001715827675715176,0.03762531875132287,0.0,0.02723683603059067,0.22577858328093545,0.0,0.0
2009-02-01,,0.011214927105731989,0.0,0.0,0.03181388756461889,0.0,0.058879561836940535,0.0,0.038098438200402165,0.0,0.0,0.5091618795055861,0.0,0.0,0.0,0.0,0.0,0.019342806890060973,0.0,,0.016289189266928985,0.01983845635714373,0.0,0.0024076931094403533,0.0,0.0,0.0,0.0,0.0,0.0,0.0,0.0,0.0,0.0,0.0,0.0021258308503131038,0.00023880037401327215,0.001715827675715176,0.037974135816061586,0.0,0.027116144967493584,0.22378242047954958,0.0,0.0
2009-03-01,,0.011249069745736633,0.0,0.0,0.03171794594255819,0.0,0.05842900334518492,0.0,0.039354903420471765,0.0,0.0,0.5089092481286355,0.0,0.0,0.0,0.0,0.0,0.01939001489877758,0.0,,0.0164836917793821,0.020310500053663243,0.0,0.0024076931094403533,0.0,0.0,0.0,0.0,0.0,0.0,0.0,0.0,0.0,0.0,0.0,0.0023018460672025827,0.0004544910344123567,0.001715827675715176,0.03828919639066429,0.0,0.027007133684696212,0.2219794347234591,0.0,0.0
2009-04-01,,0.011286870525741772,0.0,0.0,0.031611724860990974,0.0,0.05793017072931264,0.0,0.040745989914120255,0.0,0.0,0.5086295491041545,0.0,0.0,0.0,0.0,0.0,0.019442280908428113,0.0,,0.016699033846740905,0.020833119860524132,0.0,0.0024076931094403533,0.0,0.0,0.0,0.0,0.0,0.0,0.0,0.0,0.0,0.0,0.0,0.0024967200573302204,0.0006932914084256289,0.001715827675715176,0.038638013455403006,0.0,0.026886442621599126,0.21998327192207323,0.0,0.0
2009-05-01,,0.011323451925746747,0.0,0.0,0.03150893026592593,0.0,0.057447429488145914,0.0,0.042092202649909115,0.0,0.0,0.5083588726288503,0.0,0.0,0.0,0.0,0.0,0.019492860917767335,0.0,,0.016907429395797813,0.021338880963937892,0.0,0.0024076931094403533,0.0,0.0,0.0,0.0,0.0,0.0,0.0,0.0,0.0,0.0,0.0,0.002685307789711805,0.0009243885445675052,0.001715827675715176,0.038975578356763046,0.0,0.026769644818601945,0.21805150146911917,0.0,0.0
2009-06-01,,0.011361252705751886,0.0,0.0,0.031402709184358724,0.0,0.056948596872273625,0.0,0.0434832891435576,0.0,0.0,0.5080791736043693,0.0,0.0,0.0,0.0,0.0,0.019545126927417864,0.0,,0.01712277146315662,0.021861500770798785,0.0,0.0024076931094403533,0.0,0.0,0.0,0.0,0.0,0.0,0.0,0.0,0.0,0.0,0.0,0.0028801817798394425,0.0011631889185807773,0.001715827675715176,0.03932439542150176,0.0,0.02664895375550486,0.2160553386677333,0.0,0.0
2009-07-01,,0.01139783410575686,0.0,0.0,0.03129991458929368,0.0,0.0564658556311069,0.0,0.04482950187934646,0.0,0.0,0.5078084971290651,0.0,0.0,0.0,0.0,0.0,0.019595706936757086,0.0,,0.017331167012213527,0.022367261874212545,0.0,0.0024076931094403533,0.0,0.0,0.0,0.0,0.0,0.0,0.0,0.0,0.0,0.0,0.0,0.003068769512221027,0.0013942860547226535,0.001715827675715176,0.0396619603228618,0.0,0.02653215595250768,0.2141235682147792,0.0,0.0
2009-08-01,,0.011435634885762,0.0,0.0,0.031193693507726473,0.0,0.05596702301523461,0.0,0.04622058837299495,0.0,0.0,0.5075287981045841,0.0,0.0,0.0,0.0,0.0,0.01964797294640762,0.0,,0.017546509079572333,0.022889881681073435,0.0,0.0024076931094403533,0.0,0.0,0.0,0.0,0.0,0.0,0.0,0.0,0.0,0.0,0.0,0.0032636435023486645,0.0016330864287359258,0.001715827675715176,0.04001077738760052,0.0,0.026411464889410593,0.21212740541339334,0.0,0.0
2009-09-01,,0.011473435665767142,0.0,0.0,0.031087472426159266,0.0,0.05546819039936232,0.0,0.04761167486664344,0.0,0.0,0.507249099080103,0.0,0.0,0.0,0.0,0.0,0.019700238956058148,0.0,,0.01776185114693114,0.023412501487934324,0.0,0.0024076931094403533,0.0,0.0,0.0,0.0,0.0,0.0,0.0,0.0,0.0,0.0,0.0,0.0034585174924763023,0.001871886802749198,0.001715827675715176,0.04035959445233923,0.0,0.026290773826313504,0.21013124261200747,0.0,0.0
2009-10-01,,0.011510017065772114,0.0,0.0,0.030984677831094223,0.0,0.054985449158195594,0.0,0.04895788760243229,0.0,0.0,0.5069784226047988,0.0,0.0,0.0,0.0,0.0,0.01975081896539737,0.0,,0.017970246695988047,0.023918262591348088,0.0,0.0024076931094403533,0.0,0.0,0.0,0.0,0.0,0.0,0.0,0.0,0.0,0.0,0.0,0.003647105224857887,0.0021029839388910744,0.001715827675715176,0.040697159353699275,0.0,0.026173976023316323,0.2081994721590534,0.0,0.0
2009-11-01,,0.011547817845777256,0.0,0.0,0.030878456749527012,0.0,0.05448661654232331,0.0,0.05034897409608078,0.0,0.0,0.5066987235803178,0.0,0.0,0.0,0.0,0.0,0.019803084975047902,0.0,,0.018185588763346854,0.024440882398208977,0.0,0.0024076931094403533,0.0,0.0,0.0,0.0,0.0,0.0,0.0,0.0,0.0,0.0,0.0,0.003841979214985524,0.0023417843129043465,0.001715827675715176,0.041045976418437984,0.0,0.026053284960219237,0.2062033093576675,0.0,0.0
2009-12-01,,0.01158439924578223,0.0,0.0,0.030775662154461973,0.0,0.054003875301156586,0.0,0.05169518683186964,0.0,0.0,0.5064280471050135,0.0,0.0,0.0,0.0,0.0,0.019853664984387124,0.0,,0.01839398431240376,0.02494664350162274,0.0,0.0024076931094403533,0.0,0.0,0.0,0.0,0.0,0.0,0.0,0.0,0.0,0.0,0.0,0.0040305669473671086,0.0025728814490462225,0.001715827675715176,0.04138354131979803,0.0,0.025936487157222056,0.20427153890471345,0.0,0.0
2010-01-01,,0.01162220002578737,0.0,0.0,0.030669441072894762,0.0,0.0535050426852843,0.0,0.05308627332551813,0.0,0.0,0.5061483480805326,0.0,0.0,0.0,0.0,0.0,0.019905930994037653,0.0,,0.018609326379762568,0.02546926330848363,0.0,0.0024076931094403533,0.0,0.0,0.0,0.0,0.0,0.0,0.0,0.0,0.0,0.0,0.0,0.004225440937494746,0.002811681823059495,0.001715827675715176,0.04173235838453674,0.0,0.02581579609412497,0.20227537610332758,0.0,0.0
2010-02-01,,0.011645126035308805,0.0,0.0,0.030856351085004854,0.0,0.05271057581897371,0.0,0.05362145802452019,0.0,0.0,0.5070781228186619,0.0,0.0,0.0,0.0,0.00015323635088730544,0.019936257413576082,0.0,,0.01865678290949524,0.0258896372808505,0.0,0.0024076931094403533,0.0,0.0,0.0,0.0,0.0,0.0,0.0,0.0,0.0,0.0,0.0,0.004388130257236344,0.003035983053348398,0.001715827675715176,0.042013986281305545,0.0,0.02570838352132781,0.20018244836434776,0.0,0.0
2010-03-01,,0.011665833398747522,0.0,0.0,0.031025173031426875,0.0,0.051992992842951245,0.0,0.054104850655876884,0.0,0.0,0.5079179193563272,0.0,0.0,0.0,0.0,0.00029164337749519424,0.019963649018320467,0.0,,0.018699646871834428,0.02626932990105283,0.0,0.0024076931094403533,0.0,0.0,0.0,0.0,0.0,0.0,0.0,0.0,0.0,0.0,0.0,0.004535075449261013,0.0032385777129641815,0.001715827675715176,0.04226835986548382,0.0,0.025611365713640054,0.19829206201946278,0.0,0.0
2010-04-01,,0.011688759408268957,0.0,0.0,0.031212083043536967,0.0,0.05119852597664066,0.0,0.054640035354878935,0.0,0.0,0.5088476940944566,0.0,0.0,0.0,0.0,0.0004448797283824997,0.019993975437858896,0.0,,0.0187471034015671,0.0266897038734197,0.0,0.0024076931094403533,0.0,0.0,0.0,0.0,0.0,0.0,0.0,0.0,0.0,0.0,0.0,0.004697764769002611,0.0034628789432530845,0.001715827675715176,0.042549987762252627,0.0,0.025503953140842892,0.19619913428048297,0.0,0.0
2010-05-01,,0.011710945869096151,0.0,0.0,0.031392963700417706,0.0,0.05042968707375945,0.0,0.05515795603133254,0.0,0.0,0.509747476099098,0.0,0.0,0.0,0.0,0.0005931729711766662,0.02002332358579931,0.0,,0.018793029075501944,0.027096517395065058,0.0,0.0024076931094403533,0.0,0.0,0.0,0.0,0.0,0.0,0.0,0.0,0.0,0.0,0.0,0.0048552060461719,0.003679944649984281,0.001715827675715176,0.04282253088815792,0.0,0.025400005489748866,0.19417372033953478,0.0,0.0
2010-06-01,,0.011733871878617587,0.0,0.0,0.031579873712527795,0.0,0.049635220207448864,0.0,0.055693140730334594,0.0,0.0,0.5106772508372274,0.0,0.0,0.0,0.0,0.0007464093220639717,0.02005365000533774,0.0,,0.018840485605234616,0.027516891367431927,0.0,0.0024076931094403533,0.0,0.0,0.0,0.0,0.0,0.0,0.0,0.0,0.0,0.0,0.0,0.005017895365913497,0.003904245880273184,0.001715827675715176,0.043104158784926724,0.0,0.025292592916951705,0.19208079260055497,0.0,0.0
2010-07-01,,0.011756058339444783,0.0,0.0,0.031760754369408534,0.0,0.04886638130456765,0.0,0.0562110614067882,0.0,0.0,0.5115770328418687,0.0,0.0,0.0,0.0,0.0008947025648581382,0.020082998153278152,0.0,,0.018886411279169457,0.027923704889077285,0.0,0.0024076931094403533,0.0,0.0,0.0,0.0,0.0,0.0,0.0,0.0,0.0,0.0,0.0,0.005175336643082786,0.004121311587004381,0.001715827675715176,0.043376701910832025,0.0,0.02518864526585768,0.19005537865960676,0.0,0.0
2010-08-01,,0.011778984348966218,0.0,0.0,0.03194766438151862,0.0,0.04807191443825707,0.0,0.05674624610579025,0.0,0.0,0.5125068075799981,0.0,0.0,0.0,0.0,0.0010479389157454437,0.02011332457281658,0.0,,0.01893386780890213,0.028344078861444154,0.0,0.0024076931094403537,0.0,0.0,0.0,0.0,0.0,0.0,0.0,0.0,0.0,0.0,0.0,0.005338025962824383,0.004345612817293284,0.0017158276757151762,0.04365832980760083,0.0,0.02508123269306052,0.18796245092062694,0.0,0.0
2010-09-01,,0.011801910358487653,0.0,0.0,0.03213457439362872,0.0,0.04727744757194648,0.0,0.05728143080479231,0.0,0.0,0.5134365823181275,0.0,0.0,0.0,0.0,0.0012011752666327492,0.02014365099235501,0.0,,0.0189813243386348,0.028764452833811023,0.0,0.0024076931094403537,0.0,0.0,0.0,0.0,0.0,0.0,0.0,0.0,0.0,0.0,0.0,0.005500715282565981,0.004569914047582187,0.0017158276757151762,0.043939957704369634,0.0,0.02497382012026336,0.18586952318164715,0.0,0.0
2010-10-01,,0.011824096819314848,0.0,0.0,0.03231545505050945,0.0,0.04650860866906527,0.0,0.05779935148124591,0.0,0.0,0.5143363643227689,0.0,0.0,0.0,0.0,0.0013494685094269157,0.020172999140295425,0.0,,0.019027250012569646,0.029171266355456377,0.0,0.0024076931094403537,0.0,0.0,0.0,0.0,0.0,0.0,0.0,0.0,0.0,0.0,0.0,0.0056581565597352695,0.004786979754313383,0.0017158276757151762,0.04421250083027493,0.0,0.024869872469169333,0.18384410924069894,0.0,0.0
2010-11-01,,0.011847022828836283,0.0,0.0,0.03250236506261955,0.0,0.04571414180275468,0.0,0.05833453618024797,0.0,0.0,0.5152661390608982,0.0,0.0,0.0,0.0,0.001502704860314221,0.020203325559833854,0.0,,0.019074706542302318,0.029591640327823247,0.0,0.0024076931094403537,0.0,0.0,0.0,0.0,0.0,0.0,0.0,0.0,0.0,0.0,0.0,0.005820845879476867,0.005011280984602287,0.0017158276757151762,0.04449412872704374,0.0,0.024762459896372175,0.18175118150171912,0.0,0.0
2010-12-01,,0.01186920928966348,0.0,0.0,0.03268324571950028,0.0,0.044945302899873474,0.0,0.05885245685670157,0.0,0.0,0.5161659210655396,0.0,0.0,0.0,0.0,0.0016509981031083876,0.020232673707774266,0.0,,0.019120632216237162,0.029998453849468604,0.0,0.0024076931094403537,0.0,0.0,0.0,0.0,0.0,0.0,0.0,0.0,0.0,0.0,0.0,0.005978287156646155,0.005228346691333483,0.0017158276757151762,0.04476667185294903,0.0,0.02465851224527815,0.17972576756077094,0.0,0.0
2011-01-01,,0.011892135299184915,0.0,0.0,0.032870155731610375,0.0,0.04415083603356289,0.0,0.05938764155570363,0.0,0.0,0.517095695803669,0.0,0.0,0.0,0.0,0.001804234453995693,0.020263000127312695,0.0,,0.019168088745969834,0.030418827821835474,0.0,0.0024076931094403537,0.0,0.0,0.0,0.0,0.0,0.0,0.0,0.0,0.0,0.0,0.0,0.006140976476387753,0.005452647921622386,0.0017158276757151762,0.045048299749717836,0.0,0.024551099672480987,0.17763283982179112,0.0,0.0
2011-02-01,,0.012031460083863691,0.0,0.0,0.03330268090197853,0.0,0.043736844571405045,0.0,0.060012188182611885,0.0,0.0,0.5167984079706586,0.0,0.0,0.0,0.0,0.002158416069044872,0.02063738542875826,0.0001838285808169175,,0.018924822594939893,0.030274420786570805,0.0,0.0022032041056248715,0.0,0.0,0.0,0.0,0.0,0.0,0.0,0.0,0.0,0.0,0.0,0.00597697740059118,0.005693325500658551,0.0015700998457229283,0.0449739000535515,0.0,0.02481712937124748,0.17670490855195511,0.0,0.0
2011-03-01,,0.012157301824863876,0.0,0.0,0.03369334879779492,0.0,0.04336291679913345,0.0,0.06057629481336773,0.0,0.0,0.5165298899279395,0.0,0.0,0.0,0.0,0.0024783220439280017,0.02097553989458006,0.00034986729897413334,,0.018705098329493495,0.03014398862568659,0.0,0.002018504360243146,0.0,0.0,0.0,0.0,0.0,0.0,0.0,0.0,0.0,0.0,0.0,0.005828849203097499,0.005910711701078314,0.0014384747089557367,0.04490670032798191,0.0,0.025057414260455928,0.1758667770824258,0.0,0.0
2011-04-01,,0.012296626609542652,0.0,0.0,0.03412587396816307,0.0,0.04294892533697561,0.0,0.06120084144027599,0.0,0.0,0.516232602094929,0.0,0.0,0.0,0.0,0.002832503658977181,0.021349925196025625,0.0005336958797910508,,0.018461832178463554,0.02999958159042192,0.0,0.0018140153564276638,0.0,0.0,0.0,0.0,0.0,0.0,0.0,0.0,0.0,0.0,0.0,0.005664850127300926,0.0061513892801144795,0.0012927468789634888,0.04483230063181558,0.0,0.025323443959222425,0.17493884581258978,0.0,0.0
2011-05-01,,0.012431457046328564,0.0,0.0,0.03454444671368064,0.0,0.04254828843811319,0.0,0.06180524140180011,0.0,0.0,0.5159449041920158,0.0,0.0,0.0,0.0,0.0031752600606376772,0.021712233552263267,0.0007115945063880678,,0.01822641332262813,0.029859832846617404,0.0,0.0016161227720901004,0.0,0.0,0.0,0.0,0.0,0.0,0.0,0.0,0.0,0.0,0.0,0.005506141344271983,0.006384303066278511,0.0011517199467129264,0.04476030092584816,0.0,0.025580892054802903,0.17404084780952267,0.0,0.0
2011-06-01,,0.012570781831007339,0.0,0.0,0.03497697188404879,0.0,0.042134296975955346,0.0,0.06242978802870837,0.0,0.0,0.5156476163590054,0.0,0.0,0.0,0.0,0.0035294416756868558,0.02208661885370883,0.0008954230872049853,,0.01798314717159819,0.029715425811352735,0.0,0.0014116337682746184,0.0,0.0,0.0,0.0,0.0,0.0,0.0,0.0,0.0,0.0,0.0,0.005342142268475409,0.006624980645314677,0.0010059921167206785,0.04468590122968183,0.0,0.025846921753569396,0.17311291653968666,0.0,0.0
2011-07-01,,0.012705612267793253,0.0,0.0,0.03539554462956636,0.0,0.04173366007709292,0.0,0.06303418799023248,0.0,0.0,0.5153599184560921,0.0,0.0,0.0,0.0,0.003872198077347352,0.022448927209946477,0.0010733217138020022,,0.01774772831576276,0.029575677067548215,0.0,0.001213741183937055,0.0,0.0,0.0,0.0,0.0,0.0,0.0,0.0,0.0,0.0,0.0,0.005183433485446466,0.006857894431478708,0.0008649651844701161,0.04461390152371441,0.0,0.026104369849149874,0.17221491853661952,0.0,0.0
2011-08-01,,0.012844937052472027,0.0,0.0,0.03582806979993451,0.0,0.041319668614935086,0.0,0.06365873461714075,0.0,0.0,0.5150626306230817,0.0,0.0,0.0,0.0,0.004226379692396531,0.02282331251139204,0.0012571502946189198,,0.01750446216473282,0.029431270032283546,0.0,0.001009252180121573,0.0,0.0,0.0,0.0,0.0,0.0,0.0,0.0,0.0,0.0,0.0,0.005019434409649893,0.007098572010514874,0.0007192373544778682,0.044539501827548074,0.0,0.02637039954791637,0.1712869872667835,0.0,0.0
2011-09-01,,0.012984261837150804,0.0,0.0,0.036260594970302665,0.0,0.040905677152777244,0.0,0.064283281244049,0.0,0.0,0.5147653427900712,0.0,0.0,0.0,0.0,0.00458056130744571,0.023197697812837606,0.0014409788754358374,,0.01726119601370288,0.02928686299701888,0.0,0.0008047631763060908,0.0,0.0,0.0,0.0,0.0,0.0,0.0,0.0,0.0,0.0,0.0,0.004855435333853318,0.007339249589551039,0.0005735095244856206,0.044465102131381745,0.0,0.026636429246682865,0.1703590559969475,0.0,0.0
2011-10-01,,0.013119092273936716,0.0,0.0,0.03667916771582023,0.0,0.04050504025391482,0.0,0.06488768120557313,0.0,0.0,0.514477644887158,0.0,0.0,0.0,0.0,0.004923317709106206,0.023560006169075248,0.0016188775020328544,,0.017025777157867454,0.02914711425321436,0.0,0.0006068705919685276,0.0,0.0,0.0,0.0,0.0,0.0,0.0,0.0,0.0,0.0,0.0,0.004696726550824376,0.00757216337571507,0.0004324825922350582,0.044393102425414326,0.0,0.026893877342263343,0.1694610579938804,0.0,0.0
2011-11-01,,0.013258417058615492,0.0,0.0,0.03711169288618838,0.0,0.040091048791756984,0.0,0.06551222783248138,0.0,0.0,0.5141803570541476,0.0,0.0,0.0,0.0,0.005277499324155385,0.023934391470520816,0.0018027060828497718,,0.01678251100683751,0.029002707217949692,0.0,0.00040238158815304563,0.0,0.0,0.0,0.0,0.0,0.0,0.0,0.0,0.0,0.0,0.0,0.004532727475027802,0.007812840954751236,0.0002867547622428103,0.04431870272924799,0.0,0.027159907041029836,0.16853312672404436,0.0,0.0
2011-12-01,,0.013393247495401404,0.0,0.0,0.037530265631705945,0.0,0.03969041189289456,0.0,0.06611662779400551,0.0,0.0,0.5138926591512343,0.0,0.0,0.0,0.0,0.005620255725815882,0.02429669982675846,0.0019806047094467886,,0.016547092151002085,0.028862958474145176,0.0,0.0002044890038154822,0.0,0.0,0.0,0.0,0.0,0.0,0.0,0.0,0.0,0.0,0.0,0.00437401869199886,0.008045754740915267,0.0001457278299922479,0.04424670302328058,0.0,0.027417355136610318,0.16763512872097724,0.0,0.0
2012-01-01,,0.013532572280080181,0.0,0.0,0.0379627908020741,0.0,0.039276420430736717,0.0,0.06674117442091376,0.0,0.0,0.5135953713182239,0.0,0.0,0.0,0.0,0.00597443734086506,0.024671085128204023,0.002164433290263706,,0.016303825999972144,0.028718551438880507,0.0,0.0,0.0,0.0,0.0,0.0,0.0,0.0,0.0,0.0,0.0,0.0,0.0,0.004210019616202285,0.008286432319951433,0.0,0.04417230332711424,0.0,0.02768338483537681,0.16670719745114124,0.0,0.0
2012-02-01,,0.013650982663514399,0.0,0.0,0.03831805950960944,0.0,0.03967003776759827,0.0,0.066875193094554,0.0,0.0,0.5139213784557686,0.0,0.0,0.0,0.0,0.0061393466731311545,0.024744788685084295,0.002163520900926846,,0.016241447834164296,0.028186498148907772,0.0,0.0,0.0,0.0,0.0,0.0,0.0,0.0,0.00015766344496386206,0.0003159497821015676,0.0,0.0,0.0,0.0040148705990165935,0.008045976594505518,0.0,0.04392696404181166,0.0,0.028275997337731302,0.16535132446661052,0.0,0.0
2012-03-01,,0.013761753667372215,0.0,0.0,0.03865040765536831,0.0,0.040038260437565525,0.0,0.06700056540215293,0.0,0.0,0.514226352874762,0.0,0.0,0.0,0.0,0.006293616693638146,0.024813737173778744,0.0021626673754181706,,0.016183094066150504,0.02768877087764296,0.0,0.0,0.0,0.0,0.0,0.0,0.0,0.0,0.0003051550547687653,0.0006115157072933566,0.0,0.0,0.0,0.0038323118410041727,0.007821034141669018,0.0,0.04369745309749634,0.0,0.028830376775417763,0.16408292715850112,0.0,0.0
2012-04-01,,0.01388016405080643,0.0,0.0,0.039005676362903655,0.0,0.040431877774427076,0.0,0.06713458407579317,0.0,0.0,0.5145523600123068,0.0,0.0,0.0,0.0,0.006458526025904241,0.02488744073065902,0.0021617549860813105,,0.016120715900342655,0.027156717587670225,0.0,0.0,0.0,0.0,0.0,0.0,0.0,0.0,0.0004628184997326274,0.0009274654893949241,0.0,0.0,0.0,0.0036371628238184815,0.007580578416223102,0.0,0.04345211381219376,0.0,0.029422989277772253,0.1627270541739704,0.0,0.0
2012-05-01,,0.013994754744452447,0.0,0.0,0.03934948478955076,0.0,0.04081279777784148,0.0,0.06726427956641276,0.0,0.0,0.5148678507905758,0.0,0.0,0.0,0.0,0.006618115702290784,0.02495876675344638,0.0021608720286585424,,0.016060349933431837,0.026641827307051454,0.0,0.0,0.0,0.0,0.0,0.0,0.0,0.0,0.0006153960271170101,0.0012332233430416026,0.0,0.0,0.0,0.0034483089362194255,0.007347879327081894,0.0,0.043214688697384804,0.0,0.02999648524779273,0.16141491902765034,0.0,0.0
2012-06-01,,0.014113165127886665,0.0,0.0,0.039704753497086104,0.0,0.04120641511470303,0.0,0.067398298240053,0.0,0.0,0.5151938579281206,0.0,0.0,0.0,0.0,0.006783025034556878,0.025032470310326654,0.0021599596393216823,,0.01599797176762399,0.02610977401707872,0.0,0.0,0.0,0.0,0.0,0.0,0.0,0.0,0.0007730594720808721,0.00154917312514317,0.0,0.0,0.0,0.003253159919033734,0.00710742360163598,0.0,0.042969349412082226,0.0,0.03058909775014722,0.16005904604311963,0.0,0.0
2012-07-01,,0.014227755821532682,0.0,0.0,0.04004856192373321,0.0,0.04158733511811743,0.0,0.0675279937306726,0.0,0.0,0.5155093487063895,0.0,0.0,0.0,0.0,0.006942614710943421,0.025103796333114013,0.0021590766818989143,,0.01593760580071317,0.025594883736459947,0.0,0.0,0.0,0.0,0.0,0.0,0.0,0.0,0.0009256369994652548,0.0018549309787898483,0.0,0.0,0.0,0.003064306031434678,0.006874724512494772,0.0,0.04273192429727327,0.0,0.0311625937201677,0.15874691089679957,0.0,0.0
2012-08-01,,0.014346166204966898,0.0,0.0,0.04040383063126855,0.0,0.04198095245497898,0.0,0.06766201240431284,0.0,0.0,0.5158353558439343,0.0,0.0,0.0,0.0,0.007107524043209516,0.02517749988999429,0.002158164292562054,,0.01587522763490532,0.025062830446487213,0.0,0.0,0.0,0.0,0.0,0.0,0.0,0.0,0.001083300444429117,0.002170880760891416,0.0,0.0,0.0,0.0028691570142489863,0.006634268787048857,0.0,0.04248658501197069,0.0,0.03175520622252219,0.15739103791226886,0.0,0.0
2012-09-01,,0.014464576588401116,0.0,0.0,0.040759099338803895,0.0,0.04237456979184053,0.0,0.06779603107795308,0.0,0.0,0.516161362981479,0.0,0.0,0.0,0.0,0.007272433375475611,0.02525120344687456,0.002157251903225194,,0.015812849469097473,0.02453077715651448,0.0,0.0,0.0,0.0,0.0,0.0,0.0,0.0,0.0012409638893929788,0.0024868305429929837,0.0,0.0,0.0,0.0026740079970632956,0.006393813061602941,0.0,0.04224124572666811,0.0,0.03234781872487668,0.1560351649277381,0.0,0.0
2012-10-01,,0.014579167282047133,0.0,0.0,0.041102907765451,0.0,0.04275548979525493,0.0,0.06792572656857267,0.0,0.0,0.5164768537597481,0.0,0.0,0.0,0.0,0.007432023051862153,0.025322529469661924,0.0021563689458024265,,0.01575248350218665,0.024015886875895707,0.0,0.0,0.0,0.0,0.0,0.0,0.0,0.0,0.0013935414167773616,0.002792588396639662,0.0,0.0,0.0,0.002485154109464239,0.006161113972461734,0.0,0.04200382061185916,0.0,0.03292131469489716,0.15472302978141805,0.0,0.0
2012-11-01,,0.01469757766548135,0.0,0.0,0.041458176472986344,0.0,0.04314910713211648,0.0,0.06805974524221291,0.0,0.0,0.5168028608972928,0.0,0.0,0.0,0.0,0.007596932384128248,0.025396233026542196,0.0021554565564655664,,0.015690105336378806,0.023483833585922972,0.0,0.0,0.0,0.0,0.0,0.0,0.0,0.0,0.0015512048617412236,0.0031085381787412294,0.0,0.0,0.0,0.002290005092278548,0.005920658247015819,0.0,0.041758481326556574,0.0,0.03351392719725165,0.15336715679688734,0.0,0.0
2012-12-01,,0.014812168359127366,0.0,0.0,0.04180198489963345,0.0,0.043530027135530884,0.0,0.0681894407328325,0.0,0.0,0.5171183516755619,0.0,0.0,0.0,0.0,0.007756522060514791,0.02546755904932956,0.0021545735990427983,,0.015629739369467984,0.0229689433053042,0.0,0.0,0.0,0.0,0.0,0.0,0.0,0.0,0.0017037823891256063,0.0034142960323879077,0.0,0.0,0.0,0.0021011512046794916,0.005687959157874611,0.0,0.04152105621174763,0.0,0.034087423167272125,0.15205502165056728,0.0,0.0
2013-01-01,,0.014930578742561583,0.0,0.0,0.04215725360716879,0.0,0.043923644472392435,0.0,0.06832345940647273,0.0,0.0,0.5174443588131066,0.0,0.0,0.0,0.0,0.007921431392780886,0.02554126260620983,0.0021536612097059382,,0.015567361203660137,0.022436890015331466,0.0,0.0,0.0,0.0,0.0,0.0,0.0,0.0,0.0018614458340894685,0.003730245814489475,0.0,0.0,0.0,0.0019060021874938004,0.005447503432428696,0.0,0.04127571692644504,0.0,0.034680035669626616,0.15069914866603656,0.0,0.0
2013-02-01,,0.015038519317922577,0.0,0.0,0.042122133219260054,0.0,0.043757329621242264,0.0,0.06885029747480448,0.0,0.0,0.5187356332317188,0.0,0.0,0.0,0.0,0.00776591219187589,0.02534220589565843,0.0023175802711793408,,0.015572585892346698,0.02187734436812123,0.0,0.0,0.0,0.0,0.0,0.0,0.0,0.0,0.0020213367742334394,0.00399221057757191,0.00016019120075408868,0.0,0.0,0.0019021166537635528,0.00537577164689143,0.0,0.041152603804590654,0.0002300874280013039,0.036179191995032944,0.14760694843503092,0.0,0.0
2013-03-01,,0.01513601403115186,0.0,0.0,0.04209041157856829,0.0,0.043607109755687275,0.0,0.06932615121394284,0.0,0.0,0.5199019456098202,0.0,0.0,0.0,0.0,0.007625443236219765,0.02516241273774103,0.0024656361976714467,,0.015577304965999074,0.02137194829967328,0.0,0.0,0.0,0.0,0.0,0.0,0.0,0.0,0.002165754397589284,0.004228823911968949,0.00030488002724165267,0.0,0.0,0.0018986071394265548,0.005310981647051319,0.0,0.041041404855818954,0.00043790833071215903,0.03753326867604512,0.14481399338767095,0.0,0.0
2013-04-01,,0.015243954606512854,0.0,0.0,0.04205529119065955,0.0,0.04344079490453711,0.0,0.0698529892822746,0.0,0.0,0.5211932200284325,0.0,0.0,0.0,0.0,0.0074699240353147695,0.024963356027189628,0.0026295552591448492,,0.015582529654685635,0.020812402652463046,0.0,0.0,0.0,0.0,0.0,0.0,0.0,0.0,0.002325645337733255,0.004490788675051384,0.0004650712279957413,0.0,0.0,0.001894721605696307,0.0052392498615140524,0.0,0.040918291733964565,0.0006679957587134629,0.03903242500145145,0.1417217931566653,0.0,0.0
2013-05-01,,0.015348413227829944,0.0,0.0,0.042021303718489805,0.0,0.04327984504858533,0.0,0.07036283257420854,0.0,0.0,0.5224428404335411,0.0,0.0,0.0,0.0,0.007319421582826064,0.02477072050084956,0.0027881866089578197,,0.015587585805027468,0.02027090686484024,0.0,0.0,0.0,0.0,0.0,0.0,0.0,0.0,0.0024803785056145174,0.004744302961905354,0.0006200949706609884,0.0,0.0,0.0018909614117638093,0.0051698320045425045,0.0,0.04079915000313774,0.0008906610116179506,0.04048322144539306,0.13872934132020823,0.0,0.0
2013-06-01,,0.015456353803190938,0.0,0.0,0.04198618333058107,0.0,0.04311353019743516,0.0,0.0708896706425403,0.0,0.0,0.5237341148521534,0.0,0.0,0.0,0.0,0.007163902381921068,0.024571663790298157,0.0029521056704312227,,0.015592810493714028,0.019711361217630004,0.0,0.0,0.0,0.0,0.0,0.0,0.0,0.0,0.002640269445758488,0.0050062677249877886,0.0007802861714150772,0.0,0.0,0.0018870758780335614,0.005098100219005238,0.0,0.04067603688128336,0.0011207484396192546,0.04198237777079939,0.13563714108920258,0.0,0.0
2013-07-01,,0.015560812424508028,0.0,0.0,0.041952195858411326,0.0,0.04295258034148339,0.0,0.07139951393447425,0.0,0.0,0.5249837352572619,0.0,0.0,0.0,0.0,0.007013399929432363,0.02437902826395809,0.0031107370202441927,,0.015597866644055861,0.019169865430007198,0.0,0.0,0.0,0.0,0.0,0.0,0.0,0.0,0.00279500261363975,0.005259782011841759,0.0009353099140803243,0.0,0.0,0.0018833156841010638,0.00502868236203369,0.0,0.04055689515045653,0.0013434136925237422,0.04343317421474101,0.1326446892527455,0.0,0.0
2013-08-01,,0.015668752999869022,0.0,0.0,0.041917075470502586,0.0,0.042786265490333215,0.0,0.071926352002806,0.0,0.0,0.5262750096758743,0.0,0.0,0.0,0.0,0.006857880728527367,0.024179971553406687,0.0032746560817175953,,0.015603091332742422,0.018610319782796963,0.0,0.0,0.0,0.0,0.0,0.0,0.0,0.0,0.0029548935537837212,0.0055217467749241935,0.0010955011148344128,0.0,0.0,0.001879430150370816,0.004956950576496423,0.0,0.04043378202860214,0.001573501120525046,0.044932330540147336,0.12955248902173983,0.0,0.0
2013-09-01,,0.015776693575230014,0.0,0.0,0.04188195508259385,0.0,0.042619950639183043,0.0,0.07245319007113775,0.0,0.0,0.5275662840944865,0.0,0.0,0.0,0.0,0.006702361527622372,0.02398091484285528,0.0034385751431909983,,0.01560831602142898,0.018050774135586728,0.0,0.0,0.0,0.0,0.0,0.0,0.0,0.0,0.003114784493927692,0.005783711538006629,0.0012556923155885016,0.0,0.0,0.0018755446166405683,0.004885218790959158,0.0,0.040310668906747754,0.0018035885485263498,0.04643148686555367,0.12646028879073418,0.0,0.0
2013-10-01,,0.015881152196547104,0.0,0.0,0.0418479676104241,0.0,0.04245900078323127,0.0,0.07296303336307171,0.0,0.0,0.5288159044995951,0.0,0.0,0.0,0.0,0.006551859075133666,0.023788279316515216,0.0035972064930039687,,0.015613372171770813,0.017509278347963925,0.0,0.0,0.0,0.0,0.0,0.0,0.0,0.0,0.0032695176618089544,0.0060372258248605985,0.0014107160582537486,0.0,0.0,0.0018717844227080704,0.00481580093398761,0.0,0.04019152717592093,0.0020262538014308375,0.04788228330949528,0.1234678369542771,0.0,0.0
2013-11-01,,0.0159890927719081,0.0,0.0,0.04181284722251537,0.0,0.0422926859320811,0.0,0.07348987143140345,0.0,0.0,0.5301071789182074,0.0,0.0,0.0,0.0,0.00639633987422867,0.02358922260596381,0.0037611255544773713,,0.015618596860457374,0.01694973270075369,0.0,0.0,0.0,0.0,0.0,0.0,0.0,0.0,0.003429408601952925,0.006299190587943034,0.0015709072590078374,0.0,0.0,0.0018678988889778228,0.004744069148450343,0.0,0.040068414054066546,0.0022563412294321415,0.04938143963490162,0.12037563672327145,0.0,0.0
2013-12-01,,0.01609355139322519,0.0,0.0,0.04177885975034562,0.0,0.04213173607612933,0.0,0.07399971472333741,0.0,0.0,0.531356799323316,0.0,0.0,0.0,0.0,0.006245837421739965,0.02339658707962374,0.003919756904290342,,0.015623653010799207,0.016408236913130883,0.0,0.0,0.0,0.0,0.0,0.0,0.0,0.0,0.0035841417698341876,0.006552704874797003,0.0017259310016730844,0.0,0.0,0.0018641386950453249,0.004674651291478795,0.0,0.03994927232323972,0.002479006482336629,0.050832236078843226,0.11738318488681436,0.0,0.0
2014-01-01,,0.016201491968586182,0.0,0.0,0.04174373936243688,0.0,0.041965421224979156,0.0,0.07452655279166916,0.0,0.0,0.5326480737419282,0.0,0.0,0.0,0.0,0.006090318220834969,0.02319753036907234,0.004083675965763744,,0.015628877699485767,0.015848691265920648,0.0,0.0,0.0,0.0,0.0,0.0,0.0,0.0,0.0037440327099781583,0.006814669637879439,0.0018861222024271734,0.0,0.0,0.0018602531613150773,0.004602919505941529,0.0,0.03982615920138533,0.002709093910337933,0.052331392404249555,0.11429098465580871,0.0,0.0
2014-02-01,,0.016310441615972,0.0,0.0,0.0416387265455168,0.0,0.04125223853547388,0.0,0.07550240707756635,0.0,0.0,0.5346306528330532,0.0,0.0,0.0,0.0,0.005825896491020039,0.02283786372875723,0.004058685203309872,,0.01585892900438022,0.016118064276428954,0.0,0.0,0.0,0.0,0.0,0.0,0.0,0.0001825754566689898,0.003914566542411988,0.00682040869056816,0.002055203075761977,0.0,0.0,0.0020497464265164834,0.004664633696743888,0.00019024668328954323,0.040097048671111975,0.0027113754050421958,0.05296553581617841,0.11179972099771276,0.0,0.0
2014-03-01,,0.016408847749094676,0.0,0.0,0.04154387625926641,0.0,0.04060807352559815,0.0,0.07638382385192509,0.0,0.0,0.5364213694314887,0.0,0.0,0.0,0.0,0.005587063960864619,0.022513003537504878,0.004036112901738633,,0.016066717279768754,0.016361368931081616,0.0,0.0,0.0,0.0,0.0,0.0,0.0,0.0003474823207571096,0.004068597100739318,0.006825592351061198,0.0022079212839353473,0.0,0.0,0.0022209016337951725,0.004720375546500857,0.00036208239722848546,0.04034172303086507,0.0027134361099363687,0.053538310510823826,0.10954954737104547,0.0,0.0
2014-04-01,,0.016517797396480495,0.0,0.0,0.041438863442346326,0.0,0.03989489083609287,0.0,0.07735967813782228,0.0,0.0,0.5384039485226136,0.0,0.0,0.0,0.0,0.00532264223104969,0.02215333689718977,0.004011122139284761,,0.016296768584663206,0.016630741941589918,0.0,0.0,0.0,0.0,0.0,0.0,0.0,0.0005300577774260994,0.004239130933173147,0.0068313314037499176,0.0023770021572701505,0.0,0.0,0.0024103948989965787,0.004782089737303216,0.0005523290805180287,0.04061261250059171,0.0027157176046406313,0.05417245392275268,0.10705828371294952,0.0,0.0
2014-05-01,,0.016623232539111934,0.0,0.0,0.041337238135649476,0.0,0.039204714039797445,0.0,0.07830405325320666,0.0,0.0,0.5403225734495087,0.0,0.0,0.0,0.0,0.0050667502344545964,0.021805272406562246,0.003986937530458433,,0.01651939887972235,0.016891425500146343,0.0,0.0,0.0,0.0,0.0,0.0,0.0,0.0007067437032347992,0.004404163674238144,0.006836885325706744,0.0025406288088844764,0.0,0.0,0.0025937754782237457,0.004841813147757112,0.0007364387740240383,0.04087476360032718,0.00271792550274153,0.054786141095587056,0.10464738339866313,0.0,0.0
2014-06-01,,0.016732182186497753,0.0,0.0,0.041232225318729394,0.0,0.038491531350292166,0.0,0.07927990753910384,0.0,0.0,0.5423051525406336,0.0,0.0,0.0,0.0,0.004802328504639667,0.021445605766247138,0.003961946768004561,,0.016749450184616804,0.01716079851065465,0.0,0.0,0.0,0.0,0.0,0.0,0.0,0.000889319159903789,0.004574697506671973,0.0068426243783954645,0.0027097096822192796,0.0,0.0,0.002783268743425152,0.004903527338559471,0.0009266854573135815,0.04114565307005382,0.002720206997445793,0.05542028450751591,0.10215611974056718,0.0,0.0
2014-07-01,,0.016837617329129192,0.0,0.0,0.041130600012032545,0.0,0.03780135455399674,0.0,0.08022428265448822,0.0,0.0,0.5442237774675288,0.0,0.0,0.0,0.0,0.0045464365080445735,0.021097541275619615,0.003937762159178233,,0.01697208047967595,0.017421482069211073,0.0,0.0,0.0,0.0,0.0,0.0,0.0,0.0010660050857124888,0.004739730247736969,0.006848178300352291,0.0028733363338336055,0.0,0.0,0.002966649322652319,0.004963250749013367,0.0011107951508195911,0.04140780416978928,0.002722414895546692,0.05603397168035029,0.09974521942628078,0.0,0.0
2014-08-01,,0.01694656697651501,0.0,0.0,0.04102558719511246,0.0,0.03708817186449146,0.0,0.08120013694038541,0.0,0.0,0.5462063565586537,0.0,0.0,0.0,0.0,0.004282014778229644,0.020737874635304507,0.003912771396724361,,0.0172021317845704,0.017690855079719375,0.0,0.0,0.0,0.0,0.0,0.0,0.0,0.0012485805423814785,0.004910264080170799,0.006853917353041011,0.0030424172071684087,0.0,0.0,0.003156142587853725,0.005024964939815725,0.0013010418341091344,0.04167869363951592,0.002724696390250955,0.05666811509227915,0.09725395576818484,0.0,0.0
2014-09-01,,0.01705551662390083,0.0,0.0,0.04092057437819238,0.0,0.03637498917498619,0.0,0.0821759912262826,0.0,0.0,0.5481889356497787,0.0,0.0,0.0,0.0,0.004017593048414715,0.0203782079949894,0.0038877806342704885,,0.017432183089464853,0.01796022809022768,0.0,0.0,0.0,0.0,0.0,0.0,0.0,0.0014311559990504684,0.005080797912604629,0.0068596564057297315,0.003211498080503212,0.0,0.0,0.0033456358530551313,0.005086679130618084,0.0014912885173986774,0.041949583109242565,0.0027269778849552174,0.057302258504208003,0.09476269211008889,0.0,0.0
2014-10-01,,0.01716095176653227,0.0,0.0,0.04081894907149553,0.0,0.035684812378690756,0.0,0.08312036634166697,0.0,0.0,0.5501075605766738,0.0,0.0,0.0,0.0,0.003761701051819621,0.020030143504361875,0.0038635960254441606,,0.017654813384523998,0.018220911648784106,0.0,0.0,0.0,0.0,0.0,0.0,0.0,0.0016078419248591682,0.0052458306536696244,0.006865210327686558,0.0033751247321175373,0.0,0.0,0.0035290164322822983,0.00514640254107198,0.001675398210904687,0.04221173420897803,0.0027291857830561168,0.05791594567704238,0.0923517917958025,0.0,0.0
2014-11-01,,0.017269901413918088,0.0,0.0,0.04071393625457545,0.0,0.034971629689185484,0.0,0.08409622062756417,0.0,0.0,0.5520901396677987,0.0,0.0,0.0,0.0,0.0034972793220046914,0.019670476864046767,0.0038386052629902885,,0.01788486468941845,0.018490284659292408,0.0,0.0,0.0,0.0,0.0,0.0,0.0,0.001790417381528158,0.005416364486103454,0.006870949380375278,0.003544205605452341,0.0,0.0,0.0037185096974837045,0.005208116731874339,0.0018656448941942302,0.04248262367870467,0.0027314672777603794,0.05855008908897123,0.08986052813770656,0.0,0.0
2014-12-01,,0.017375336556549527,0.0,0.0,0.0406123109478786,0.0,0.03428145289289006,0.0,0.08504059574294853,0.0,0.0,0.5540087645946938,0.0,0.0,0.0,0.0,0.0032413873254095982,0.019322412373419244,0.0038144206541639606,,0.018107494984477595,0.018750968217848833,0.0,0.0,0.0,0.0,0.0,0.0,0.0,0.0019671033073368578,0.005581397227168451,0.006876503302332105,0.0037078322570666664,0.0,0.0,0.0039018902767108715,0.0052678401423282345,0.00204975458770024,0.04274477477844013,0.0027336751758612787,0.059163776261805606,0.08744962782342017,0.0,0.0
2015-01-01,,0.017484286203935346,0.0,0.0,0.04050729813095852,0.0,0.03356827020338478,0.0,0.08601645002884573,0.0,0.0,0.5559913436858188,0.0,0.0,0.0,0.0,0.002976965595594669,0.018962745733104136,0.0037894298917100886,,0.018337546289372047,0.01902034122835714,0.0,0.0,0.0,0.0,0.0,0.0,0.0,0.0021496787640058477,0.00575193105960228,0.006882242355020825,0.0038769131304014696,0.0,0.0,0.004091383541912278,0.005329554333130594,0.0022400012709897833,0.043015664248166774,0.0027359566705655414,0.05979791967373446,0.08495836416532422,0.0,0.0
2015-02-01,,0.017593235851321165,0.0,0.0,0.040259571486417775,0.0,0.03256459311412001,0.0,0.08699921439439114,0.0,0.0,0.556195123665022,0.0,0.0,0.0,0.0,0.002724127421722245,0.018911447340830896,0.003982048097295915,,0.01828462195916205,0.019393014616157514,0.0,0.0,0.0002731858861231824,0.0,0.0,0.0,0.0,0.002339525249897667,0.005817047416703873,0.006871564641138989,0.0041013840848568035,0.0,0.0,0.004289247840283287,0.005504072968585698,0.0022399860629313934,0.04326581420050421,0.0027359380953132246,0.05976738864243901,0.08348108281610309,0.0,0.0
2015-03-01,,0.01769164198444384,0.0,0.0,0.04003581838812291,0.0,0.03165804606575183,0.0,0.0878868725310128,0.0,0.0,0.5563791830010766,0.0,0.0,0.0,0.0,0.002495757458224572,0.018865113309100227,0.004156025831373437,,0.018236819338327215,0.019729622837396564,0.0,0.0,0.0005199344284279923,0.0,0.0,0.0,0.0,0.00251099949521931,0.005875862190860151,0.006861920254407009,0.0043041320437196854,0.0,0.0,0.004467963980747424,0.00566170270383547,0.0022399723266205893,0.043491756092938025,0.002735921317665971,0.059739812227075376,0.08214676417809691,0.0,0.0
2015-04-01,,0.01780059163182966,0.0,0.0,0.039788091743582166,0.0,0.03065436897648706,0.0,0.0888696368965582,0.0,0.0,0.5565829629802798,0.0,0.0,0.0,0.0,0.002242919284352148,0.018813814916826987,0.004348644036959263,,0.01818389500811722,0.020102296225196943,0.0,0.0,0.0007931203145511746,0.0,0.0,0.0,0.0,0.0027008459811111293,0.005940978547961745,0.006851242540525174,0.004528602998175019,0.0,0.0,0.004665828279118434,0.005836221339290574,0.0022399571185621994,0.04374190604527547,0.002735902742413654,0.059709281195779916,0.08066948282887577,0.0,0.0
2015-05-01,,0.017906026774461098,0.0,0.0,0.03954835628112338,0.0,0.02968306856752115,0.0,0.0898206991857957,0.0,0.0,0.5567801694117668,0.0,0.0,0.0,0.0,0.0019982371806046405,0.018764171311401272,0.004535048752042322,,0.01813267791436561,0.02046294789081021,0.0,0.0,0.0010574937527348994,0.0,0.0,0.0,0.0,0.0028845683868128896,0.0060039943774149,0.006840909269026624,0.004745832954099535,0.0,0.0,0.004857309858187153,0.006005110341343901,0.002239942401086338,0.0439839866443117,0.002735884766363025,0.059679735036461734,0.07923985571672629,0.0,0.0
2015-06-01,,0.018014976421846917,0.0,0.0,0.03930062963658264,0.0,0.028679391478256384,0.0,0.09080346355134111,0.0,0.0,0.55698394939097,0.0,0.0,0.0,0.0,0.001745399006732217,0.01871287291912803,0.004727666957628149,,0.018079753584155613,0.020835621278610588,0.0,0.0,0.0013306796388580819,0.0,0.0,0.0,0.0,0.003074414872704709,0.006069110734516494,0.006830231555144789,0.004970303908554869,0.0,0.0,0.005055174156558162,0.006179628976799006,0.0022399271930279483,0.04423413659664913,0.0027358661911107084,0.05964920400516628,0.07776257436750515,0.0,0.0
2015-07-01,,0.018120411564478352,0.0,0.0,0.03906089417412385,0.0,0.027708091069290477,0.0,0.09175452584057861,0.0,0.0,0.557181155822457,0.0,0.0,0.0,0.0,0.0015007169029847098,0.018663229313702314,0.004914071672711208,,0.018028536490404007,0.021196272944223854,0.0,0.0,0.0015950530770418067,0.0,0.0,0.0,0.0,0.0032581372784064697,0.006132126563969649,0.006819898283646238,0.005187533864479385,0.0,0.0,0.005246655735626882,0.006348517978852332,0.002239912475552087,0.04447621719568536,0.002735848215060079,0.0596196578458481,0.07633294725535568,0.0,0.0
2015-08-01,,0.01822936121186417,0.0,0.0,0.0388131675295831,0.0,0.026704413980025706,0.0,0.09273729020612402,0.0,0.0,0.5573849358016602,0.0,0.0,0.0,0.0,0.001247878729112286,0.018611930921429074,0.005106689878297034,,0.01797561216019401,0.021568946332024233,0.0,0.0,0.001868238963164989,0.0,0.0,0.0,0.0,0.0034479837642982887,0.006197242921071242,0.006809220569764403,0.005412004818934718,0.0,0.0,0.005444520033997891,0.006523036614307437,0.002239897267493697,0.044726367148022805,0.0027358296398077623,0.05958912681455265,0.07485566590613454,0.0,0.0
2015-09-01,,0.018338310859249994,0.0,0.0,0.03856544088504236,0.0,0.025700736890760936,0.0,0.09372005457166943,0.0,0.0,0.5575887157808633,0.0,0.0,0.0,0.0,0.0009950405552398619,0.018560632529155834,0.0052993080838828616,,0.017922687829984015,0.02194161971982461,0.0,0.0,0.0021414248492881713,0.0,0.0,0.0,0.0,0.003637830250190108,0.006262359278172836,0.006798542855882567,0.005636475773390052,0.0,0.0,0.0056423843323689,0.006697555249762541,0.002239882059435307,0.04497651710036024,0.002735811064555446,0.059558595783257194,0.07337838455691341,0.0,0.0
2015-10-01,,0.01844374600188143,0.0,0.0,0.038325705422583574,0.0,0.024729436481795028,0.0,0.09467111686090691,0.0,0.0,0.5577859222123503,0.0,0.0,0.0,0.0,0.0007503584514923548,0.01851098892373012,0.00548571279896592,,0.017871470736232405,0.022302271385437878,0.0,0.0,0.0024057982874718963,0.0,0.0,0.0,0.0,0.0038215526558918684,0.006325375107625991,0.006788209584384017,0.005853705729314569,0.0,0.0,0.005833865911437619,0.006866444251815868,0.0022398673419594456,0.04521859769939647,0.0027357930885048166,0.05952904962393901,0.07194875744476392,0.0,0.0
2015-11-01,,0.01855269564926725,0.0,0.0,0.03807797877804283,0.0,0.023725759392530257,0.0,0.09565388122645233,0.0,0.0,0.5579897021915535,0.0,0.0,0.0,0.0,0.0004975202776199309,0.018459690531456876,0.005678331004551747,,0.017818546406022408,0.022674944773238254,0.0,0.0,0.0026789841735950786,0.0,0.0,0.0,0.0,0.004011399141783688,0.006390491464727584,0.006777531870502182,0.006078176683769902,0.0,0.0,0.006031730209808628,0.007040962887270972,0.0022398521339010557,0.04546874765173391,0.0027357745132525,0.05949851859264356,0.07047147609554279,0.0,0.0
2015-12-01,,0.018658130791898687,0.0,0.0,0.037838243315584046,0.0,0.022754458983564353,0.0,0.09660494351568982,0.0,0.0,0.5581869086230405,0.0,0.0,0.0,0.0,0.0002528381738724243,0.01841004692603116,0.005864735719634805,,0.0177673293122708,0.023035596438851523,0.0,0.0,0.0029433576117788036,0.0,0.0,0.0,0.0,0.004195121547485449,0.0064535072941807395,0.006767198599003632,0.006295406639694419,0.0,0.0,0.006223211788877347,0.007209851889324299,0.0022398374164251944,0.04571082825077014,0.002735756537201871,0.05946897243332538,0.06904184898339331,0.0,0.0
2016-01-01,,0.018767080439284507,0.0,0.0,0.0375905166710433,0.0,0.021750781894299583,0.0,0.09758770788123523,0.0,0.0,0.5583906886022437,0.0,0.0,0.0,0.0,0.0,0.01835874853375792,0.0060573539252206324,,0.017714404982060804,0.0234082698266519,0.0,0.0,0.003216543497901986,0.0,0.0,0.0,0.0,0.0043849680333772675,0.006518623651282333,0.006756520885121796,0.006519877594149752,0.0,0.0,0.0064210760872483565,0.0073843705247794034,0.0022398222083668045,0.04596097820310758,0.002735737961949554,0.059438441402029925,0.06756456763417218,0.0,0.0
2016-02-01,,0.018876030086670326,0.0,0.0,0.03762527574996081,0.0,0.02161956641158681,0.0,0.098714387563725,0.0,0.0,0.5565928309328345,0.0,0.0,0.0,0.0,0.0,0.018368803959573955,0.00609224631242087,,0.017427748145584787,0.023469136129164434,0.0,0.0,0.003450999482051793,0.0,0.0,0.0,0.0,0.004573016957982962,0.006583130149960142,0.006718680328059337,0.006619281297039499,0.00024222127537706453,0.0,0.006445716872398444,0.007223688108968017,0.002237108009750814,0.04604378465949903,0.0025040224515112037,0.05793171208680748,0.06764128755169813,0.0,0.0001768444586869145
2016-03-01,,0.018977950724547384,0.0,0.0,0.037657792307657825,0.0,0.021496816443887765,0.0,0.09976837823444122,0.0,0.0,0.5549109640808066,0.0,0.0,0.0,0.0,0.0,0.018378210648240568,0.006124887577866255,,0.017159585298558835,0.023526075573450357,0.0,0.0,0.003670329273675807,0.0,0.0,0.0,0.0,0.004748933693904419,0.006643474939045835,0.006683281097258971,0.0067122718578073275,0.0004688153716975443,0.0,0.006468767929474332,0.007073372300628333,0.0022345689207229525,0.046121248763865225,0.0022872563288430696,0.056522191114502615,0.06771305779712562,0.0,0.00034227959745854414
2016-04-01,,0.019086900371933203,0.0,0.0,0.03769255138657533,0.0,0.021365600961174996,0.0,0.10089505791693097,0.0,0.0,0.5531131064113974,0.0,0.0,0.0,0.0,0.0,0.0183882660740566,0.0061597799650664935,,0.01687292846208282,0.023586941875962893,0.0,0.0,0.003904785257825614,0.0,0.0,0.0,0.0,0.004936982618510114,0.006707981437723644,0.0066454405401965115,0.006811675560697075,0.0007110366470746088,0.0,0.0064934087146244195,0.006912689884816947,0.0022318547221069625,0.046204055220256675,0.0020555408184047197,0.05501546179928017,0.06778977771465157,0.0,0.0005191240561454587
2016-05-01,,0.01919233551456464,0.0,0.0,0.0377261892048826,0.0,0.021238618235969085,0.0,0.10198539309353397,0.0,0.0,0.5513732441506789,0.0,0.0,0.0,0.0,0.0,0.018397997131297927,0.006193546791389304,,0.016595518620331835,0.02364584474936212,0.0,0.0,0.004131678145712524,0.0,0.0,0.0,0.0,0.00511896544877369,0.006770407081605394,0.006608820646265099,0.006907872692525863,0.000945444332923381,0.0,0.006517254635737407,0.006757190772741411,0.002229228078285036,0.0462841905006355,0.0018313000018514774,0.05355733665551651,0.06786402279612828,0.0,0.0006902638548747307
2016-06-01,,0.01930128516195046,0.0,0.0,0.0377609482838001,0.0,0.021107402753256316,0.0,0.10311207277602373,0.0,0.0,0.5495753864812697,0.0,0.0,0.0,0.0,0.0,0.01840805255711396,0.006228439178589543,,0.016308861783855818,0.02370671105187466,0.0,0.0,0.004366134129862332,0.0,0.0,0.0,0.0,0.005307014373379384,0.006834913580283204,0.006570980089202639,0.00700727639541561,0.0011876656083004455,0.0,0.006541895420887494,0.006596508356930025,0.002226513879669046,0.04636699695702695,0.0015995844914131272,0.05205060734029407,0.06794074271365423,0.0,0.0008671083135616452
2016-07-01,,0.019406720304581897,0.0,0.0,0.03779458610210736,0.0,0.020980420028050405,0.0,0.10420240795262672,0.0,0.0,0.5478355242205512,0.0,0.0,0.0,0.0,0.0,0.018417783614355282,0.006262206004912354,,0.016031451942104834,0.023765613925273887,0.0,0.0,0.004593027017749243,0.0,0.0,0.0,0.0,0.005488997203642961,0.0068973392241649546,0.006534360195271227,0.007103473527244397,0.0014220732941492176,0.0,0.006565741342000482,0.006441009244854489,0.00222388723584712,0.04644713223740577,0.001375343674859885,0.05059248219653042,0.06801498779513095,0.0,0.0010382481122909173
2016-08-01,,0.019515669951967716,0.0,0.0,0.03782934518102487,0.0,0.020849204545337636,0.0,0.10532908763511648,0.0,0.0,0.5460376665511419,0.0,0.0,0.0,0.0,0.0,0.018427839040171316,0.0062970983921125925,,0.015744795105628817,0.023826480227786422,0.0,0.0,0.00482748300189905,0.0,0.0,0.0,0.0,0.0056770461282486554,0.0069618457228427634,0.006496519638208767,0.007202877230134145,0.0016642945695262822,0.0,0.006590382127150569,0.006280326829043103,0.00222117303723113,0.04652993869379723,0.0011436281644215348,0.049085752881307974,0.0680917077126569,0.0,0.0012150925709778317
2016-09-01,,0.019624619599353535,0.0,0.0,0.03786410425994237,0.0,0.020717989062624863,0.0,0.10645576731760624,0.0,0.0,0.5442398088817327,0.0,0.0,0.0,0.0,0.0,0.018437894465987353,0.00633199077931283,,0.0154581382691528,0.02388734653029896,0.0,0.0,0.005061938986048857,0.0,0.0,0.0,0.0,0.00586509505285435,0.007026352221520573,0.006458679081146307,0.007302280933023892,0.0019065158449033466,0.0,0.006615022912300657,0.006119644413231717,0.0022184588386151395,0.04661274515018868,0.0009119126539831846,0.04757902356608553,0.06816842763018284,0.0,0.0013919370296647461
2016-10-01,,0.019730054741984974,0.0,0.0,0.037897742078249634,0.0,0.020591006337418956,0.0,0.10754610249420923,0.0,0.0,0.5424999466210142,0.0,0.0,0.0,0.0,0.0,0.018447625523228674,0.006365757605635642,,0.015180728427401816,0.02394624940369819,0.0,0.0,0.005288831873935768,0.0,0.0,0.0,0.0,0.006047077883117926,0.007088777865402324,0.0064220591872148946,0.00739847806485268,0.0021409235307521188,0.0,0.0066388688334136445,0.005964145301156181,0.0022158321947932137,0.0466928804305675,0.0006876718374299426,0.04612089842232188,0.06824267271165955,0.0,0.0015630768283940184
2016-11-01,,0.019839004389370793,0.0,0.0,0.03793250115716714,0.0,0.020459790854706183,0.0,0.10867278217669898,0.0,0.0,0.540702088951605,0.0,0.0,0.0,0.0,0.0,0.018457680949044708,0.00640064999283588,,0.014894071590925798,0.024007115706210724,0.0,0.0,0.005523287858085575,0.0,0.0,0.0,0.0,0.006235126807723621,0.007153284364080133,0.006384218630152435,0.007497881767742427,0.0023831448061291836,0.0,0.006663509618563731,0.0058034628853447946,0.0022131179961772233,0.04677568688695895,0.0004559563269915922,0.044614169107099436,0.0683193926291855,0.0,0.0017399212870809328
2016-12-01,,0.019944439532002232,0.0,0.0,0.0379661389754744,0.0,0.020332808129500276,0.0,0.10976311735330198,0.0,0.0,0.5389622266908864,0.0,0.0,0.0,0.0,0.0,0.018467412006286033,0.0064344168191586915,,0.014616661749174814,0.024066018579609955,0.0,0.0,0.005750180745972486,0.0,0.0,0.0,0.0,0.006417109637987197,0.007215710007961884,0.006347598736221022,0.007594078899571215,0.0026175524919779558,0.0,0.006687355539676719,0.00564796377326926,0.0022104913523552975,0.046855822167337774,0.00023171551043834997,0.04315604396333578,0.06839363771066222,0.0,0.0019110610858102048
2017-01-01,,0.02005338917938805,0.0,0.0,0.038000898054391906,0.0,0.020201592646787503,0.0,0.11088979703579174,0.0,0.0,0.5371643690214772,0.0,0.0,0.0,0.0,0.0,0.018477467432102067,0.006469309206358929,,0.014330004912698797,0.02412688488212249,0.0,0.0,0.005984636730122293,0.0,0.0,0.0,0.0,0.006605158562592891,0.007280216506639693,0.0063097581791585625,0.007693482602460962,0.00285977376735502,0.0,0.0067119963248268065,0.005487281357457873,0.002207777153739307,0.046938628623729224,0.0,0.041649314648113334,0.06847035762818816,0.0,0.0020879055444971194
2017-02-01,,0.02026398408213504,0.0,0.0,0.03844809589251865,0.0,0.02028918043787243,0.0003332512942084412,0.11120484018905955,0.0,0.0,0.5356728452999066,0.0,0.0,0.0,0.0,0.0,0.018841176281625172,0.0065651668697125345,,0.014082716418308786,0.023977794549249153,0.0,0.0,0.0058021986343946355,0.0,0.0,0.00025550214424564804,0.0,0.006605152689838315,0.007658605455105687,0.006289182969204289,0.0075096505047856175,0.003035153042616869,0.0013645638356908627,0.006679441858889979,0.005186689788343437,0.002020267313284736,0.046545267021404386,0.0002921992878826895,0.04078342407655991,0.06821255287703436,0.0,0.002081097186122211
2017-03-01,,0.02045419883300329,0.0,0.0,0.038852016520504094,0.0,0.02036829199111043,0.0006342524631709043,0.11148939529523691,0.0,0.0,0.5343256625836492,0.0,0.0,0.0,0.0,0.0,0.019169687500549266,0.006651747984999661,,0.013859359068537162,0.023843132313105496,0.0,0.0,0.0056374158382535245,0.0,0.0,0.0004862782745320398,0.0,0.006605147385414827,0.008000376118236263,0.006270598908600429,0.007343608610111113,0.003193560129950151,0.0025970731066374485,0.006650037825140585,0.004915187725917494,0.0018509035864225424,0.04618997267091743,0.0005561212253251187,0.04000132936676973,0.0679796969727664,0.0,0.002074947701138423
2017-04-01,,0.020664793735750284,0.0,0.0,0.03929921435863083,0.0,0.020455879782195357,0.0009675037573793454,0.1118044384485047,0.0,0.0,0.5328341388620786,0.0,0.0,0.0,0.0,0.0,0.01953339635007237,0.0067476056483532654,,0.01361207057414715,0.02369404198023216,0.0,0.0,0.005454977742525867,0.0,0.0,0.0007417804187776879,0.0,0.006605141512660251,0.008378765066702256,0.006250023698646155,0.007159776512435769,0.003368939405212,0.003961636942328311,0.0066174833592037565,0.004614596156803058,0.001663393745967971,0.04579661106859259,0.0008483205132078082,0.039135438795216304,0.0677218922216126,0.0,0.0020681393427635147
2017-05-01,,0.020868595254537697,0.0,0.0,0.03973198646004381,0.0,0.020540642160664643,0.0012900050098391272,0.11210931891940902,0.0,0.0,0.5313907288089458,0.0,0.0,0.0,0.0,0.0,0.01988537265606247,0.006840371129018044,,0.013372759127963268,0.02354976101293538,0.0,0.0,0.005278424746660391,0.0,0.0,0.0009890405583702505,0.0,0.006605135829349371,0.008744947920056445,0.006230112205142019,0.006981874482427371,0.0035386612844976596,0.005282182589771082,0.0065859790373294065,0.00432370108991812,0.0014819326100441923,0.04541593855021372,0.001131094017610411,0.03829748017758396,0.06747240375275407,0.0,0.0020615506088523133
2017-06-01,,0.021079190157284686,0.0,0.0,0.04017918429817055,0.0,0.02062822995174957,0.0016232563040475686,0.11242436207267682,0.0,0.0,0.5298992050873751,0.0,0.0,0.0,0.0,0.0,0.020249081505585572,0.006936228792371649,,0.013125470633573257,0.023400670680062043,0.0,0.0,0.005095986650932733,0.0,0.0,0.0012445427026158986,0.0,0.006605129956594795,0.009123336868522439,0.006209536995187746,0.006798042384752027,0.003714040559759508,0.006646746425461945,0.006553424571392579,0.004023109520803684,0.0012944227695896211,0.04502257694788887,0.0014232933054931004,0.03743158960603054,0.06721459900160026,0.0,0.002054742250477405
2017-07-01,,0.0212829916760721,0.0,0.0,0.04061195639958353,0.0,0.020712992330218855,0.0019457575565073504,0.11272924254358115,0.0,0.0,0.5284557950342422,0.0,0.0,0.0,0.0,0.0,0.020601057811575674,0.007028994273036428,,0.012886159187389374,0.023256389712765266,0.0,0.0,0.004919433655067257,0.0,0.0,0.0014918028422084611,0.0,0.006605124273283915,0.009489519721876626,0.00618962550168361,0.006620140354743629,0.003883762439045168,0.007967292072904714,0.006521920249518229,0.003732214453918745,0.0011129616336658424,0.04464190442951,0.0017060668098957032,0.0365936309883982,0.06696511053274175,0.0,0.0020481535165662035
2017-08-01,,0.02149358657881909,0.0,0.0,0.04105915423771027,0.0,0.020800580121303782,0.0022790088507157916,0.11304428569684893,0.0,0.0,0.5269642713126717,0.0,0.0,0.0,0.0,0.0,0.02096476666109878,0.007124851936390033,,0.012638870692999363,0.023107299379891928,0.0,0.0,0.0047369955593396,0.0,0.0,0.0017473049864541092,0.0,0.006605118400529339,0.009867908670342622,0.006169050291729337,0.006436308257068284,0.004059141714307017,0.009331855908595577,0.0064893657835814,0.0034316228848043084,0.0009254517932112711,0.044248542827185156,0.0019982660977783924,0.035727740416844775,0.06670730578158794,0.0,0.002041345158191295
2017-09-01,,0.02170418148156608,0.0,0.0,0.041506352075837014,0.0,0.02088816791238871,0.0026122601449242327,0.11335932885011674,0.0,0.0,0.525472747591101,0.0,0.0,0.0,0.0,0.0,0.02132847551062188,0.007220709599743637,,0.012391582198609351,0.02295820904701859,0.0,0.0,0.004554557463611941,0.0,0.0,0.002002807130699757,0.0,0.006605112527774763,0.010246297618808615,0.006148475081775063,0.00625247615939294,0.004234520989568865,0.01069641974428644,0.006456811317644572,0.003131031315689872,0.0007379419527566999,0.04385518122486032,0.0022904653856610823,0.03486184984529136,0.06644950103043412,0.0,0.0020345367998163867
2017-10-01,,0.02190798300035349,0.0,0.0,0.04193912417724999,0.0,0.020972930290857995,0.0029347613973840147,0.11366420932102106,0.0,0.0,0.5240293375379681,0.0,0.0,0.0,0.0,0.0,0.021680451816611983,0.007313475080408417,,0.012152270752425469,0.022813928079721813,0.0,0.0,0.004378004467746466,0.0,0.0,0.00225006727029232,0.0,0.006605106844463883,0.010612480472162804,0.006128563588270927,0.006074574129384542,0.004404242868854525,0.01201696539172921,0.006425306995770222,0.0028401362488049337,0.0005564808168329212,0.04347450870648144,0.002573238890063685,0.03402389122765902,0.06620001256157561,0.0,0.0020279480659051853
2017-11-01,,0.022118577903100484,0.0,0.0,0.04238632201537673,0.0,0.02106051808194292,0.003268012691592456,0.11397925247428886,0.0,0.0,0.5225378138163975,0.0,0.0,0.0,0.0,0.0,0.022044160666135088,0.007409332743762021,,0.011904982258035457,0.022664837746848476,0.0,0.0,0.004195566372018808,0.0,0.0,0.0025055694145379678,0.0,0.006605100971709307,0.010990869420628798,0.006107988378316654,0.005890742031709198,0.0045796221441163736,0.013381529227420074,0.006392752529833393,0.0025395446796904974,0.00036897097637834985,0.0430811471041566,0.0028654381779463743,0.03315800065610559,0.0659422078104218,0.0,0.002021139707530277
2017-12-01,,0.022322379421887896,0.0,0.0,0.042819094116789705,0.0,0.021145280460412207,0.0035905139440522375,0.11428413294519317,0.0,0.0,0.5210944037632647,0.0,0.0,0.0,0.0,0.0,0.022396136972125186,0.0075020982244268,,0.011665670811851575,0.022520556779551698,0.0,0.0,0.0040190133761533325,0.0,0.0,0.0027528295541305306,0.0,0.006605095288398427,0.011357052273982985,0.006088076884812518,0.0057128400017008,0.004749344023402033,0.014702074874862844,0.006361248207959043,0.002248649612805559,0.00018750984045457116,0.04270047458577772,0.003148211682348977,0.03232004203847325,0.06569271934156327,0.0,0.0020145509736190755
2018-01-01,,0.022532974324634886,0.0,0.0,0.04326629195491645,0.0,0.021232868251497134,0.003923765238260679,0.11459917609846097,0.0,0.0,0.519602880041694,0.0,0.0,0.0,0.0,0.0,0.022759845821648292,0.007597955887780405,,0.011418382317461563,0.02237146644667836,0.0,0.0,0.0038365752804256745,0.0,0.0,0.0030083316983761784,0.0,0.006605089415643851,0.01173544122244898,0.006067501674858244,0.005529007904025456,0.004924723298663882,0.016066638710553707,0.006328693742022215,0.0019480580436911225,0.0,0.04230711298345288,0.0034404109702316664,0.03145415146691983,0.06543491459040947,0.0,0.002007742615244167
2018-02-01,,0.022666535644987253,0.0,0.0,0.04364642105499739,0.0,0.021053311030250328,0.004460983900646506,0.1147514643123149,0.0,0.0,0.518012982820364,0.00013615838421991103,0.0,0.0,0.0,0.0,0.023421270554785677,0.007658090147710541,,0.011159976176842204,0.02192254573947327,0.0,0.0,0.0036581532798179196,0.0,0.0,0.0032934082738822154,0.0,0.0065728298436478995,0.011872107027175328,0.00576763597218262,0.005306504187738399,0.004908900884403823,0.017480940401571908,0.006282772333496077,0.0017826065386105066,0.0,0.04184835038683524,0.0037403516641080882,0.031343129414809934,0.06525127799268002,0.0,0.0020012920324480564
2018-03-01,,0.02278717167627326,0.0,0.0,0.04398976346797373,0.0,0.020891130314285473,0.004946213660220801,0.11488901495708617,0.0,0.0,0.5165769466204532,0.00025914015061208876,0.0,0.0,0.0,0.0,0.024018686442780733,0.00771240496313131,,0.010926577082089236,0.02151706897167512,0.0,0.0,0.00349699792443027,0.0,0.0,0.0035508967936941195,0.0,0.006543692165716073,0.01199554710886364,0.00549678953105625,0.00510553308915654,0.004894609671523769,0.018758374187007706,0.0062412949322466615,0.0016331664695054342,0.0,0.04143398417053543,0.004011265839222275,0.03124285143225906,0.06508541267860181,0.0,0.001995465699599956
2018-04-01,,0.02292073299662563,0.0,0.0,0.044369892568054674,0.0,0.02071157309303867,0.005483432322606629,0.11504130317094009,0.0,0.0,0.5149870493991232,0.0003952985348319998,0.0,0.0,0.0,0.0,0.024680111175918118,0.007772539223061447,,0.010668170941469877,0.021068148264470028,0.0,0.0,0.003318575923822515,0.0,0.0,0.003835973369200156,0.0,0.006511432593720122,0.012132212913589988,0.005196923828380627,0.004883029372869483,0.00487878725726371,0.02017267587802591,0.006195373523720523,0.0014677149644248182,0.0,0.040975221573917794,0.004311206533098697,0.031131829380149162,0.06490177608087236,0.0,0.0019890151168038455
2018-05-01,,0.023049985887289206,0.0,0.0,0.044737759439100744,0.0,0.02053780804021918,0.006003321350721946,0.11518867886176647,0.0,0.0,0.5134484391849329,0.0005270647131093331,0.0,0.0,0.0,0.0,0.025320199627341392,0.007830733668155128,,0.010418100482805982,0.020633708870400582,0.0,0.0,0.003145909471621462,0.0,0.0,0.004111853926141482,0.0,0.0064802136530788795,0.012264470143970325,0.0049067312128880875,0.004667703195817492,0.004863475243463653,0.021541354933849975,0.006150933450953293,0.0013076006046693835,0.0,0.040531257770739425,0.004601471720721041,0.03102438868455894,0.06472406324435999,0.0,0.001982772617323738
2018-06-01,,0.023183547207641573,0.0,0.0,0.04511788853918169,0.0,0.020358250818972377,0.006540540013107773,0.11534096707562037,0.0,0.0,0.511858541963603,0.0006632230973292442,0.0,0.0,0.0,0.0,0.025981624360478777,0.007890867928085264,,0.010159694342186623,0.02018478816319549,0.0,0.0,0.0029674874710137068,0.0,0.0,0.004396930501647519,0.0,0.006447954081082928,0.012401135948696672,0.004606865510212464,0.004445199479530435,0.004847652829203594,0.022955656624868176,0.006105012042427155,0.0011421490995887676,0.0,0.040072495174121786,0.004901412414597462,0.030913366632449046,0.06454042664663052,0.0,0.0019763220345276273
2018-07-01,,0.023312800098305154,0.0,0.0,0.045485755410227764,0.0,0.02018448576615289,0.00706042904122309,0.11548834276644675,0.0,0.0,0.5103199317494127,0.0007949892756065775,0.0,0.0,0.0,0.0,0.02662171281190205,0.007949062373178944,,0.009909623883522728,0.019750348769126045,0.0,0.0,0.002794821018812654,0.0,0.0,0.0046728110585888445,0.0,0.006416735140441686,0.012533393179077009,0.004316672894719925,0.004229873302478444,0.004832340815403537,0.024324335680692245,0.006060571969659924,0.0009820347398333327,0.0,0.03962853137094342,0.005191677602219806,0.030805925936858825,0.06436271381011816,0.0,0.0019700795350475198
2018-08-01,,0.02344636141865752,0.0,0.0,0.04586588451030871,0.0,0.020004928544906084,0.0075976477036089176,0.11564063098030067,0.0,0.0,0.5087300345280827,0.0009311476598264885,0.0,0.0,0.0,0.0,0.027283137545039436,0.008009196633109082,,0.00965121774290337,0.01930142806192095,0.0,0.0,0.0026163990182048987,0.0,0.0,0.004957887634094881,0.0,0.006384475568445735,0.012670058983803356,0.004016807192044301,0.0040073695861913864,0.004816518401143478,0.02573863737171045,0.006014650561133786,0.0008165832347527169,0.0,0.03916976877432578,0.005491618296096228,0.030694903884748926,0.0641790772123887,0.0,0.001963628952251409
2018-09-01,,0.023579922739009888,0.0,0.0,0.04624601361038965,0.0,0.019825371323659278,0.008134866365994746,0.11579291919415459,0.0,0.0,0.5071401373067528,0.0010673060440463994,0.0,0.0,0.0,0.0,0.02794456227817682,0.008069330893039219,,0.009392811602284012,0.01885250735471586,0.0,0.0,0.002437977017597144,0.0,0.0,0.0052429642096009175,0.0,0.006352215996449783,0.012806724788529704,0.0037169414893686767,0.0037848658699043292,0.0048006959868834185,0.02715293906272865,0.005968729152607648,0.0006511317296721011,0.0,0.03871100617770813,0.0057915589899726495,0.03058388183263903,0.06399544061465925,0.0,0.0019571783694552983
2018-10-01,,0.023709175629673465,0.0,0.0,0.04661388048143572,0.0,0.01965160627083979,0.00865475539411006,0.11594029488498096,0.0,0.0,0.5056015270925626,0.0011990722223237328,0.0,0.0,0.0,0.0,0.028584650729600095,0.008127525338132898,,0.009142741143620115,0.018418067960646413,0.0,0.0,0.0022653105653960906,0.0,0.0,0.005518844766542244,0.0,0.006320997055808541,0.01293898201891004,0.0034267488738761375,0.003569539692852338,0.004785383973083362,0.028521618118552715,0.0059242890798404165,0.0004910173699166664,0.0,0.03826704237452977,0.006081824177594993,0.03047644113704881,0.06381772777814688,0.0,0.0019509358699751908
2018-11-01,,0.023842736950025832,0.0,0.0,0.046994009581516664,0.0,0.019472049049592988,0.00919197405649589,0.11609258309883487,0.0,0.0,0.5040116298712326,0.0013352306065436438,0.0,0.0,0.0,0.0,0.02924607546273748,0.008187659598063035,,0.008884335003000758,0.01796914725344132,0.0,0.0,0.0020868885647883357,0.0,0.0,0.00580392134204828,0.0,0.00628873748381259,0.013075647823636388,0.003126883171200514,0.003347035976565281,0.004769561558823303,0.02993591980957092,0.005878367671314278,0.00032556586483605053,0.0,0.03780827977791213,0.006381764871471415,0.030365419084938915,0.06363409118041743,0.0,0.0019444852871790801
2018-12-01,,0.023971989840689413,0.0,0.0,0.04736187645256274,0.0,0.0192982839967735,0.009711863084611206,0.11623995878966124,0.0,0.0,0.5024730196570424,0.001466996784820977,0.0,0.0,0.0,0.0,0.029886163914160754,0.008245854043156716,,0.008634264544336863,0.017534707859371876,0.0,0.0,0.0019142221125872825,0.0,0.0,0.006079801898989606,0.0,0.006257518543171347,0.013207905054016724,0.0028366905557079746,0.00313170979951329,0.004754249545023246,0.03130459886539499,0.005833927598547048,0.00016545150508061562,0.0,0.03736431597473377,0.006672030059093758,0.03025797838934869,0.06345637834390506,0.0,0.0019382427876989728
2019-01-01,,0.02410555116104178,0.0,0.0,0.047742005552643685,0.0,0.019118726775526694,0.010249081746997034,0.11639224700351516,0.0,0.0,0.5008831224357124,0.001603155169040888,0.0,0.0,0.0,0.0,0.03054758864729814,0.008305988303086853,,0.008375858403717504,0.017085787152166784,0.0,0.0,0.0017358001119795274,0.0,0.0,0.006364878474495643,0.0,0.006225258971175396,0.013344570858743071,0.002536824853032351,0.0029092060832262324,0.004738427130763187,0.03271890055641319,0.00578800619002091,0.0,0.0,0.03690555337811612,0.00697197075297018,0.030146956337238795,0.06327274174617561,0.0,0.001931792204902862
2019-02-01,,0.0242726348876767,0.00019730172034317117,0.0,0.04751558885335308,0.0,0.018608095680477697,0.010645045324832379,0.11698051264553386,0.0,0.0,0.49945008585541745,0.001599059963232866,0.0,0.0,0.0,0.0,0.030320959537508827,0.008770806998215027,,0.008303215247336675,0.018247836759477724,0.0,0.0,0.0017303796636381652,0.0,0.0,0.006348619607107465,0.0,0.006272077437486032,0.013266348108890729,0.0025468937606926744,0.0029037130629873393,0.00471316463425208,0.03263532122848645,0.005602915645966013,0.0,0.0,0.037177577676223025,0.007234421216716103,0.03034172965327114,0.06254797264885668,0.0,0.001767722182020701
2019-03-01,,0.02442354922141147,0.00037550972581442256,0.0,0.047311083447542215,0.0,0.018146880497852794,0.011002689846748175,0.11751184935445395,0.0,0.0,0.4981557302345058,0.00159536106766433,0.0,0.0,0.0,0.0,0.030116262277053968,0.009190643238975959,,0.008237602073831408,0.019297429953177923,0.0,0.0,0.0017254837748137092,0.0,0.0,0.006333934178498787,0.0,0.006314365084476283,0.013195695302572483,0.0025559882579342568,0.00289875162535221,0.004690346895467855,0.03255983022261713,0.005435737090045461,0.0,0.0,0.037423277042255065,0.007471473248486614,0.030517653938719712,0.06189334249643959,0.0,0.0016195299032884267
2019-04-01,,0.024590632948046386,0.0005728114461575937,0.0,0.04708466674825161,0.0,0.017636249402803797,0.01139865342458352,0.11810011499647265,0.0,0.0,0.49672269365421085,0.001591265861856308,0.0,0.0,0.0,0.0,0.029889633167264656,0.009655461934104131,,0.008164958917450579,0.020459479560488863,0.0,0.0,0.0017200633264723472,0.0,0.0,0.006317675311110609,0.0,0.006361183550786919,0.01311747255272014,0.00256605716559458,0.0028932586051133168,0.004665084398956748,0.032476250894690396,0.005250646545990565,0.0,0.0,0.03769530134036196,0.007733923712232537,0.030712427254752057,0.061168573399120664,0.0,0.0014554598804062658
2019-05-01,,0.024752326877047922,0.0007637485948767916,0.0,0.04686555381345426,0.0,0.017142090278562835,0.011781843983779015,0.11866940432745847,0.0,0.0,0.495335884060377,0.001587302759461448,0.0,0.0,0.0,0.0,0.029670314673920162,0.010105286477776558,,0.008094659088694937,0.021584043696596222,0.0,0.0,0.001714817731303287,0.0,0.0,0.006301940923315597,0.0,0.00640649174399076,0.013041773117379165,0.00257580126978199,0.002887942779075678,0.004640636821687936,0.03239536767411613,0.005071526664647117,0.0,0.0,0.03795855066111058,0.007987908031986655,0.03090091756058981,0.060467183950102345,0.0,0.0012966824389074004
2019-06-01,,0.024919410603682843,0.0009610503152199627,0.0,0.046639137114163655,0.0,0.016631459183513837,0.012177807561614361,0.11925766996947715,0.0,0.0,0.49390284748008195,0.0015832075536534262,0.0,0.0,0.0,0.0,0.02944368556413085,0.010570105172904732,,0.008022015932314107,0.022746093303907162,0.0,0.0,0.0017093972829619248,0.0,0.0,0.006285682055927419,0.0,0.0064533102103013955,0.012963550367526822,0.0025858701774423135,0.002882449758836785,0.004615374325176828,0.03231178834618939,0.0048864361205922194,0.0,0.0,0.03823057495921748,0.008250358495732578,0.031095690876622156,0.059742414852783414,0.0,0.0011326124160252397
2019-07-01,,0.02508110453268438,0.0011519874639391607,0.0,0.0464200241793663,0.0,0.01613730005927287,0.012560998120809855,0.11982695930046297,0.0,0.0,0.4925160378862481,0.0015792444512585662,0.0,0.0,0.0,0.0,0.029224367070786357,0.011019929716577158,,0.007951716103558465,0.02387065744001452,0.0,0.0,0.0017041516877928646,0.0,0.0,0.006269947668132408,0.0,0.0064986184035052364,0.012887850932185845,0.0025956142816297234,0.0028771339327991466,0.004590926747908016,0.03223090512561513,0.004707316239248771,0.0,0.0,0.038493824279966095,0.008504342815486697,0.03128418118245991,0.059041025403765095,0.0,0.0009738349745263742
2019-08-01,,0.0252481882593193,0.0013492891842823318,0.0,0.0461936074800757,0.0,0.015626668964223874,0.0129569616986452,0.12041522494248166,0.0,0.0,0.4910830013059531,0.001575149245450544,0.0,0.0,0.0,0.0,0.028997737960997045,0.011484748411705333,,0.007879072947177636,0.025032707047325457,0.0,0.0,0.0016987312394515027,0.0,0.0,0.006253688800744229,0.0,0.006545436869815872,0.012809628182333502,0.002605683189290047,0.0028716409125602534,0.004565664251396909,0.032147325797688385,0.004522225695193875,0.0,0.0,0.03876584857807299,0.00876679327923262,0.03147895449849225,0.05831625630644617,0.0,0.0008097649516442134
2019-09-01,,0.02541527198595422,0.001546590904625503,0.0,0.045967190780785094,0.0,0.015116037869174877,0.013352925276480547,0.12100349058450036,0.0,0.0,0.48964996472565814,0.001571054039642522,0.0,0.0,0.0,0.0,0.028771108851207736,0.011949567106833507,,0.007806429790796806,0.026194756654636397,0.0,0.0,0.0016933107911101405,0.0,0.0,0.0062374299333560505,0.0,0.006592255336126508,0.01273140543248116,0.0026157520969503703,0.0028661478923213603,0.004540401754885803,0.03206374646976164,0.004337135151138979,0.0,0.0,0.039037872876179894,0.009029243742978543,0.0316737278145246,0.05759148720912724,0.0,0.0006456949287620526
2019-10-01,,0.025576965914955754,0.001737528053344701,0.0,0.045748077845987736,0.0,0.014621878744933911,0.013736115835676042,0.12157277991548618,0.0,0.0,0.4882631551318243,0.001567090937247662,0.0,0.0,0.0,0.0,0.02855179035786324,0.012399391650505933,,0.007736129962041164,0.027319320790743756,0.0,0.0,0.0016880651959410803,0.0,0.0,0.006221695545561038,0.0,0.006637563529330349,0.012655705997140183,0.00262549620113778,0.002860832066283722,0.00451595417761699,0.03198286324918738,0.004158015269795531,0.0,0.0,0.03930112219692851,0.00928322806273266,0.03186221812036235,0.05689009776010892,0.0,0.00048691748726318717
2019-11-01,,0.025744049641590674,0.0019348297736878721,0.0,0.04552166114669713,0.0,0.014111247649884914,0.014132079413511387,0.12216104555750486,0.0,0.0,0.48683011855152925,0.0015629957314396402,0.0,0.0,0.0,0.0,0.02832516124807393,0.012864210345634107,,0.007663486805660334,0.028481370398054692,0.0,0.0,0.001682644747599718,0.0,0.0,0.00620543667817286,0.0,0.006684381995640984,0.01257748324728784,0.0026355651087981036,0.0028553390460448287,0.004490691681105883,0.03189928392126064,0.0039729247257406335,0.0,0.0,0.039573146495035405,0.009545678526478585,0.0320569914363947,0.05616532866278999,0.0,0.0003228474643810263
2019-12-01,,0.02590574357059221,0.00212576692240707,0.0,0.04530254821189978,0.0,0.013617088525643948,0.014515269972706883,0.1227303348884907,0.0,0.0,0.4854433089576954,0.0015590326290447801,0.0,0.0,0.0,0.0,0.028105842754729438,0.013314034889306534,,0.007593186976904693,0.029605934534162055,0.0,0.0,0.0016773991524306581,0.0,0.0,0.0061897022903778486,0.0,0.006729690188844825,0.012501783811946863,0.0026453092129855135,0.00285002322000719,0.00446624410383707,0.031818400700686374,0.0037938048443971854,0.0,0.0,0.03983639581578402,0.009799662846232703,0.03224548174223245,0.05546393921377168,0.0,0.0001640700228821609
2020-01-01,,0.02607282729722713,0.0023230686427502412,0.0,0.045076131512609176,0.0,0.01310645743059495,0.014911233550542228,0.12331860053050937,0.0,0.0,0.4840102723774004,0.001554937423236758,0.0,0.0,0.0,0.0,0.027879213644940126,0.013778853584434708,,0.007520543820523863,0.03076798414147299,0.0,0.0,0.001671978704089296,0.0,0.0,0.00617344342298967,0.0,0.006776508655155461,0.01242356106209452,0.002655378120645837,0.002844530199768297,0.004440981607325964,0.03173482137275963,0.0036087143003422886,0.0,0.0,0.04010842011389092,0.010062113309978625,0.0324402550582648,0.05473917011645275,0.0,0.0
2020-02-01,,0.026331150247350662,0.0023303416345623476,0.0,0.04465821155697514,0.0,0.01292931342226878,0.015302728186016077,0.12383669622619135,0.0,0.0,0.4839342924124731,0.0015598055734667702,0.0,0.0,0.0,0.0,0.02750200111090386,0.013989928559783768,,0.0076226053504095176,0.030230798276305797,0.0004573800093712402,0.0001444173713960452,0.0018330946684929801,0.0,0.0,0.005946190150116284,0.0,0.006927760090304176,0.011921268837475369,0.0031248908138045003,0.0031844719206953207,0.004509891104917891,0.0305172577540995,0.0036475936587135496,0.00015123234310603098,0.0,0.040874192053185376,0.009987303876373848,0.03226440629299843,0.05414675608235874,0.0,0.0001340204158835657
2020-03-01,,0.02657280720069203,0.0023371454010962535,0.0,0.04426725417912395,0.0,0.012763598059641073,0.01566896510307226,0.12432136639311966,0.0,0.0,0.48386321438076685,0.0015643596494883945,0.0,0.0,0.0,0.0,0.027149124869386063,0.014187385794787729,,0.00771808226546384,0.029728269563730036,0.00088525163104111,0.0002795174930246036,0.0019838160545480395,0.0,0.0,0.0057335983787185985,0.0,0.007069253368346523,0.011451382562831647,0.003564112365469056,0.0035024819176915686,0.004574354828471629,0.029378246626965827,0.0036839646713834385,0.00029270776085038255,0.0,0.04159055935123503,0.009917320857840346,0.03209990260936214,0.05359256230852886,0.0,0.00025939435332303037
2020-04-01,,0.02683113015081556,0.00234441839290836,0.0,0.04384933422348992,0.0,0.012586454051314902,0.01606045973854611,0.12483946208880164,0.0,0.0,0.48378723441583954,0.0015692277997184068,0.0,0.0,0.0,0.0,0.026771912335349795,0.014398460770136791,,0.007820143795349496,0.029191083698562846,0.0013426316404123503,0.0004239348644206488,0.002144932018951724,0.0,0.0,0.005506345105845212,0.0,0.007220504803495237,0.010949090338212498,0.004033625058627719,0.0038424236386185922,0.004643264326063556,0.028160683008305692,0.0037228440297546995,0.0004439401039564135,0.0,0.042356331290529486,0.009842511424235569,0.031924053844095766,0.053000148274434854,0.0,0.00039341476920659607
2020-05-01,,0.02708112010254801,0.002351456772081366,0.0,0.043444895556747305,0.0,0.012415024365837964,0.016439325514811125,0.12534084502010678,0.0,0.0,0.4837137054175228,0.001573938912844225,0.0,0.0,0.0,0.0,0.026406867947572764,0.014602726875313303,,0.007918913017819485,0.02867122640969137,0.0017852574559329053,0.0005636936109329506,0.0023008506941810955,0.0,0.0,0.005286422583709677,0.0,0.007366877160090768,0.010463001088581062,0.004487992181039329,0.004171399497580228,0.004709950936636388,0.02698239563540879,0.0037604692152752744,0.0005902939843816047,0.0,0.04309740090920154,0.009770115198166429,0.03175387761964444,0.05242684437047291,0.0,0.0005231119458681113
2020-06-01,,0.02733944305267154,0.0023587297638934723,0.0,0.04302697560111327,0.0,0.012237880357511794,0.016830820150284975,0.1258589407157888,0.0,0.0,0.4836377254525954,0.0015788070630742372,0.0,0.0,0.0,0.0,0.026029655413536495,0.014813801850662363,,0.00802097454770514,0.028134040544524175,0.0022426374653041455,0.0007081109823289958,0.00246196665858478,0.0,0.0,0.0050591693108362895,0.0,0.007518128595239483,0.009960708863961911,0.0049575048741979915,0.004511341218507252,0.004778860434228315,0.025764832016748656,0.0037993485736465354,0.0007415263274876357,0.0,0.043863172848496,0.009695305764561651,0.03157802885437806,0.051834430336378905,0.0,0.000657132361751677
2020-07-01,,0.027589433004403984,0.0023657681430664787,0.0,0.04262253693437065,0.0,0.012066450672034854,0.017209685926549992,0.12636032364709393,0.0,0.0,0.48356419645427867,0.0015835181762000553,0.0,0.0,0.0,0.0,0.025664611025759464,0.015018067955838875,,0.008119743770175129,0.0276141832556527,0.0026852632808247005,0.0008478697288412975,0.0026178853338141516,0.0,0.0,0.004839246788700754,0.0,0.007664500951835014,0.009474619614330475,0.005411871996609601,0.0048403170774688874,0.0048455470448011476,0.024586544643851755,0.0038369737591671103,0.000887880207912827,0.0,0.044604242467168057,0.009622909538492512,0.031407852629926736,0.05126112643241696,0.0,0.0007868295384131921
2020-08-01,,0.027847755954527514,0.0023730411348785846,0.0,0.04220461697873662,0.0,0.011889306663708686,0.017601180562023838,0.1268784193427759,0.0,0.0,0.48348821648935136,0.0015883863264300677,0.0,0.0,0.0,0.0,0.0252873984917232,0.015229142931187935,,0.008221805300060784,0.027076997390485507,0.0031426432901959407,0.0009922871002373428,0.0027790012982178355,0.0,0.0,0.004611993515827367,0.0,0.007815752386983729,0.008972327389711324,0.005881384689768265,0.005180258798395912,0.004914456542393074,0.023368981025191624,0.0038758531175383712,0.001039112551018858,0.0,0.04537001440646251,0.009548100104887734,0.031232003864660362,0.050668712398322956,0.0,0.0009208499542967578
2020-09-01,,0.028106078904651045,0.002380314126690691,0.0,0.04178669702310259,0.0,0.011712162655382516,0.017992675197497688,0.1273965150384579,0.0,0.0,0.483412236524424,0.0015932544766600798,0.0,0.0,0.0,0.0,0.02491018595768693,0.015440217906536997,,0.008323866829946439,0.026539811525318313,0.003600023299567181,0.001136704471633388,0.00294011726262152,0.0,0.0,0.0043847402429539805,0.0,0.007967003822132444,0.008470035165092173,0.0063508973829269275,0.005520200519322935,0.004983366039985001,0.02215141740653149,0.003914732475909632,0.001190344894124889,0.0,0.04613578634575696,0.009473290671282955,0.031056155099393988,0.050076298364228944,0.0,0.0010548703701803235
2020-10-01,,0.028356068856383494,0.0023873525058636974,0.0,0.041382258356359974,0.0,0.011540732969905576,0.018371540973762705,0.12789789796976303,0.0,0.0,0.48333870752610725,0.001597965589785898,0.0,0.0,0.0,0.0,0.0245451415699099,0.01564448401171351,,0.008422636052416428,0.02601995423644684,0.004042649115087736,0.0012764632181456897,0.003096035937850892,0.0,0.0,0.004164817720818445,0.0,0.008113376178727975,0.007983945915460738,0.006805264505338537,0.005849176378284571,0.0050500526505578335,0.020973130033634588,0.003952357661430207,0.0013366987745500802,0.0,0.04687685596442902,0.009400894445213815,0.030885978874942658,0.049502994460267,0.0,0.0011845675468418386
2020-11-01,,0.028614391806507024,0.002394625497675804,0.0,0.04096433840072594,0.0,0.011363588961579405,0.018763035609236554,0.12841599366544504,0.0,0.0,0.48326272756117994,0.0016028337400159102,0.0,0.0,0.0,0.0,0.024167929035873635,0.01585555898706257,,0.008524697582302083,0.025482768371279645,0.004500029124458976,0.0014208805895417349,0.003257151902254576,0.0,0.0,0.003937564447945059,0.0,0.008264627613876691,0.007481653690841587,0.0072747771984972,0.006189118099211594,0.00511896214814976,0.019755566414974453,0.003991237019801468,0.0014879311176561113,0.0,0.04764262790372348,0.009326085011609038,0.030710130109676284,0.048910580426172995,0.0,0.0013185879627254044
2020-12-01,,0.028864381758239473,0.0024016638768488098,0.0,0.04055989973398333,0.0,0.011192159276102467,0.01914190138550157,0.12891737659675018,0.0,0.0,0.48318919856286313,0.0016075448531417285,0.0,0.0,0.0,0.0,0.0238028846480966,0.01605982509223908,,0.008623466804772072,0.024962911082408168,0.004942654939979531,0.0015606393360540368,0.0034130705774839476,0.0,0.0,0.0037176419258095226,0.0,0.00841099997047222,0.00699556444121015,0.007729144320908809,0.006518093958173231,0.005185648758722593,0.018577279042077552,0.004028862205322043,0.0016342849980813025,0.0,0.04838369752239553,0.009253688785539898,0.030539953885224957,0.04833727652221105,0.0,0.0014482851393869197
2021-01-01,,0.029122704708363003,0.002408936868660916,0.0,0.040141979778349296,0.0,0.011015015267776297,0.01953339602097542,0.12943547229243216,0.0,0.0,0.4831132185979358,0.0016124130033717406,0.0,0.0,0.0,0.0,0.023425672114060336,0.01627090006758814,,0.008725528334657727,0.024425725217240978,0.005400034949350771,0.001705056707450082,0.003574186541887632,0.0,0.0,0.003490388652936136,0.0,0.008562251405620936,0.006493272216591,0.008198657014067473,0.006858035679100254,0.005254558256314519,0.017359715423417417,0.0040677415636933036,0.0017855173411873335,0.0,0.049149469461689986,0.00917887935193512,0.030364105119958584,0.047744862488117046,0.0,0.0015823055552704852
2021-02-01,,0.028903214820095172,0.00242763165670543,0.0,0.04022259743752392,0.0,0.011341748525130368,0.017874395263029565,0.1301279652357174,0.0,0.0,0.48612555945061187,0.001475468337331949,0.0,0.0,0.0,0.0,0.02268211665426989,0.01644371422455901,,0.008849580662927924,0.02473531945112278,0.0057423913752066204,0.0017182889652831296,0.0036019243629577566,0.0,0.0,0.0031939446851525187,0.0,0.00885028332902866,0.006128150353241795,0.008874992655533214,0.007234793855093956,0.005488290074740297,0.01588532863403128,0.003929292817227067,0.0017993740215667808,0.0002567396024876014,0.05012414524003378,0.009092249914474807,0.030026783078991783,0.04750307543117475,0.0,0.0015945851908899448
2021-03-01,,0.028704965888756484,0.0024445172717133777,0.0,0.04029541338774616,0.0,0.011636862434998563,0.01637594296553008,0.13075344273287828,0.0,0.0,0.4888463834465773,0.0013517763809089115,0.0,0.0,0.0,0.0,0.022010518174459166,0.016599804430855278,,0.008961627927171971,0.025014952952693438,0.006051616534044161,0.0017302406820355598,0.00362697787876303,0.0,0.0,0.0029261888432834454,0.0,0.009110441195332412,0.005798362863765094,0.009485876460728078,0.007575091562443107,0.005699402684931323,0.014553624437166382,0.0038042423365478866,0.0018118897328772492,0.0004886334369925317,0.0510044975559572,0.009014003970962267,0.029722105106505643,0.04728468712167848,0.0,0.0016056764746752634
2021-04-01,,0.028485476000488653,0.0024632120597578916,0.0,0.04037603104692078,0.0,0.011963595692352634,0.01471694220758422,0.13144593567616353,0.0,0.0,0.4918587242992533,0.0012148317148691196,0.0,0.0,0.0,0.0,0.02126696271466872,0.016772618587826145,,0.009085680255442168,0.02532454718657524,0.00639397295990001,0.0017434729398686075,0.003654715699833155,0.0,0.0,0.0026297448754998283,0.0,0.009398473118740137,0.00543324100041589,0.01016221210219382,0.00795184973843681,0.0059331345033571,0.013079237647780247,0.0036657935900816507,0.0018257464132566965,0.000745373039480133,0.05197917333430099,0.008927374533501953,0.029384783065538843,0.04704290006473618,0.0,0.001617956110294723
2021-05-01,,0.028273066431197202,0.0024813037901235497,0.0,0.04045404813644461,0.0,0.012279789167211414,0.013111457603120488,0.1321160901374073,0.0,0.0,0.4947738928663592,0.0010823046187015792,0.0,0.0,0.0,0.0,0.020547392914871513,0.016939858094572144,,0.009205730895703649,0.02562415450968666,0.006725285630083089,0.0017562783506747826,0.0036815587524816626,0.0,0.0,0.0023428636163543926,0.0,0.009677213689779869,0.005079897261690853,0.010816730464902603,0.008316454424882328,0.006159326585704627,0.011652411722567856,0.0035318109322111,0.0018391561039464842,0.0009938307193068441,0.05292240795850466,0.00884353959402423,0.029058342380732266,0.04680891259027589,0.0,0.0016298396286361357
2021-06-01,,0.028053576542929372,0.0024999985781680636,0.0,0.040534665795619235,0.0,0.012606522424565485,0.011452456845174631,0.13280858308069254,0.0,0.0,0.4977862337190352,0.0009453599526617877,0.0,0.0,0.0,0.0,0.019803837455081068,0.017112672251543014,,0.009329783223973846,0.025933748743568463,0.007067642055938938,0.0017695106085078302,0.003709296573551787,0.0,0.0,0.0020464196485707755,0.0,0.009965245613187594,0.004714775398341648,0.011493066106368344,0.008693212600876032,0.0063930584041304046,0.010178024933181718,0.0033933621857448635,0.0018530127843259315,0.0012505703217944454,0.053897083736848456,0.008756910156563916,0.028721020339765466,0.04656712553333359,0.0,0.0016421192642555953
2021-07-01,,0.02784116697363792,0.0025180903085337217,0.0,0.04061268288514306,0.0,0.012922715899424264,0.009846972240710898,0.13347873754193634,0.0,0.0,0.500701402286141,0.0008128328564942474,0.0,0.0,0.0,0.0,0.01908426765528386,0.017279911758289013,,0.009449833864235327,0.026233356066679883,0.007398954726122018,0.0017823160193140054,0.003736139626200295,0.0,0.0,0.0017595383894253398,0.0,0.010243986184227328,0.004361431659616612,0.012147584469077126,0.00905781728732155,0.006619250486477932,0.008751199007969328,0.0032593795278743126,0.001866422475015719,0.0014990280016211565,0.054840318361052125,0.008673075217086195,0.028394579654958885,0.0463331380588733,0.0,0.001654002782597008
2021-08-01,,0.02762167708537009,0.0025367850965782356,0.0,0.04069330054431768,0.0,0.013249449156778337,0.00818797148276504,0.1341712304852216,0.0,0.0,0.5037137431388171,0.0006758881904544556,0.0,0.0,0.0,0.0,0.018340712195493415,0.01745272591525988,,0.009573886192505522,0.026542950300561686,0.007741311151977867,0.001795548277147053,0.0037638774472704196,0.0,0.0,0.0014630944216417227,0.0,0.010532018107635053,0.003996309796267406,0.012823920110542867,0.009434575463315251,0.00685298230490371,0.007276812218583192,0.0031209307814080768,0.0018802791553951662,0.001755767604108758,0.05581499413939592,0.008586445779625881,0.02805725761399209,0.046091351001931,0.0,0.0016662824182164676
2021-09-01,,0.02740218719710226,0.0025554798846227494,0.0,0.040773918203492306,0.0,0.013576182414132408,0.006528970724819182,0.13486372342850683,0.0,0.0,0.5067260839914931,0.0005389435244146641,0.0,0.0,0.0,0.0,0.01759715673570297,0.017625540072230748,,0.009697938520775719,0.02685254453444349,0.008083667577833714,0.0018087805349801007,0.003791615268340544,0.0,0.0,0.0011666504538581056,0.0,0.010820050031042777,0.003631187932918202,0.013500255752008609,0.009811333639308955,0.007086714123329487,0.005802425429197055,0.002982482034941841,0.0018941358357746135,0.002012507206596359,0.056789669917739705,0.008499816342165567,0.027719935573025288,0.0458495639449887,0.0,0.0016785620538359272
2021-10-01,,0.02718977762781081,0.0025735716149884076,0.0,0.04085193529301614,0.0,0.013892375888991186,0.004923486120355449,0.1355338778897506,0.0,0.0,0.5096412525585989,0.0004064164282471237,0.0,0.0,0.0,0.0,0.016877586935905763,0.01779277957897675,,0.0098179891610372,0.02715215185755491,0.008414980248016794,0.0018215859457862758,0.0038184583209890516,0.0,0.0,0.0008797691947126699,0.0,0.01109879060208251,0.0032778441941931653,0.01415477411471739,0.010175938325754474,0.007312906205677015,0.004375599503984664,0.00284849937707129,0.0019075455264644012,0.0022609648864230702,0.05773290454194338,0.008415981402687844,0.027393494888218708,0.04561557647052841,0.0,0.0016904455721773399
2021-11-01,,0.026970287739542978,0.0025922664030329215,0.0,0.04093255295219076,0.0,0.014219109146345258,0.003264485362409593,0.13622637083303585,0.0,0.0,0.512653593411275,0.00026947176220733205,0.0,0.0,0.0,0.0,0.016134031476115317,0.017965593735947617,,0.009942041489307395,0.02746174609143671,0.008757336673872643,0.0018348182036193234,0.003846196142059176,0.0,0.0,0.0005833252269290528,0.0,0.011386822525490234,0.0029127223308439607,0.014831109756183132,0.010552696501748176,0.007546638024102792,0.002901212714598528,0.0027100506306050537,0.0019214022068438485,0.0025177044889106714,0.05870758032028717,0.008329351965227532,0.02705617284725191,0.045373789413586114,0.0,0.0017027252077967995
2021-12-01,,0.026757878170251527,0.0026103581333985796,0.0,0.041010570041714586,0.0,0.014535302621204038,0.0016590007579458596,0.13689652529427965,0.0,0.0,0.5155687619783809,0.00013694466603979163,0.0,0.0,0.0,0.0,0.015414461676318113,0.01813283324269362,,0.010062092129568876,0.02776135341454813,0.009088649344055722,0.0018476236144254986,0.003873039194707684,0.0,0.0,0.0002964439677836171,0.0,0.011665563096529968,0.0025593785921189235,0.015485628118891915,0.010917301188193694,0.007772830106450319,0.0014743867893861375,0.0025760679727345028,0.0019348118975336362,0.0027661621687373825,0.059650814944490836,0.00824551702574981,0.02672973216244533,0.045139801939125826,0.0,0.0017146087261382121
2022-01-01,,0.026538388281983696,0.0026290529214430935,0.0,0.04109118770088921,0.0,0.014862035878558109,0.0,0.1375890182375649,0.0,0.0,0.5185811028310569,0.0,0.0,0.0,0.0,0.0,0.014670906216527667,0.018305647399664487,,0.010186144457839073,0.028070947648429934,0.009431005769911571,0.0018608558722585462,0.0039007770157778086,0.0,0.0,0.0,0.0,0.011953595019937693,0.0021942567287697194,0.016161963760357657,0.011294059364187398,0.008006561924876096,0.0,0.002437619226268267,0.0019486685779130835,0.003022901771224984,0.06062549072283463,0.008158887588289495,0.02639241012147853,0.04489801488218353,0.0,0.0017268883617576718
2022-02-01,,0.026318898393715866,0.0024057634952383378,0.0,0.04114323698853421,0.0,0.015052850155421923,0.0,0.1362751639020424,0.0,0.0,0.5187052465227016,0.0,0.0,0.0,0.0,0.0,0.014838455739973786,0.017864203427785812,,0.010366716247585587,0.02791770174738973,0.00958415073278569,0.0020195970407441417,0.0037373450181068645,0.0,0.0,0.0,0.0,0.011936237211985353,0.002163105127426386,0.016357199289152885,0.011321234705824744,0.008061030664557281,0.0,0.0024343130745072047,0.0019460255916824336,0.003018801798634206,0.06035806855449158,0.007835711997483518,0.02622246175398957,0.04467637761724625,0.0,0.001724546176835245
2022-03-01,,0.026120649462377177,0.002204082723182429,0.0,0.0411902492483426,0.0,0.015225198534524724,0.0,0.13508845676028014,0.0,0.0,0.5188173763087033,0.0,0.0,0.0,0.0,0.0,0.01498979079340899,0.017465479840282492,,0.010529813348001793,0.027779286094837288,0.009722475215381667,0.002162976160666615,0.0035897290202105275,0.0,0.0,0.0,0.0,0.011920559191899369,0.002134968197180795,0.01653354105709696,0.011345780175690733,0.008110228235882222,0.0,0.0024313268729165677,0.0019436383783128146,0.003015098597584471,0.06011652595082689,0.007543811463852312,0.02606896000270922,0.044476189119883554,0.0,0.0017224306549698271
2022-04-01,,0.025901159574109347,0.001980793296977673,0.0,0.041242298535987605,0.0,0.015416012811388538,0.0,0.13377460242475767,0.0,0.0,0.5189415200003481,0.0,0.0,0.0,0.0,0.0,0.015157340316855112,0.017024035868403814,,0.010710385137748307,0.027626040193797084,0.009875620178255785,0.0023217173291522103,0.0034262970225395835,0.0,0.0,0.0,0.0,0.011903201383947029,0.0021038165958374615,0.01672877658589219,0.011372955517328077,0.008164696975563407,0.0,0.0024280207211555055,0.0019409953920821647,0.0030109986249936926,0.05984910378248384,0.007220635873046334,0.02589901163522026,0.04425455185494628,0.0,0.0017200884700474004
2022-05-01,,0.025688750004817896,0.0017647067554891998,0.0,0.04129266881435374,0.0,0.01560067178899868,0.0,0.13250313048715523,0.0,0.0,0.5190616590567785,0.0,0.0,0.0,0.0,0.0,0.015319485016964259,0.01659683202465026,,0.010885132031051384,0.027477737708919467,0.010023824981037188,0.002475337814783432,0.0032681370247935083,0.0,0.0,0.0,0.0,0.011886403505283473,0.002073669884860042,0.016917714194403702,0.011399254235041636,0.008217408659125843,0.0,0.002424821219451251,0.0019384376634718585,0.003007030909583262,0.059590308135700244,0.0069078853012986136,0.025734545473134172,0.044040064179200526,0.0,0.00171782183947731
2022-06-01,,0.025469260116550065,0.001541417329284444,0.0,0.041344718101998745,0.0,0.015791486065862496,0.0,0.13118927615163276,0.0,0.0,0.5191858027484232,0.0,0.0,0.0,0.0,0.0,0.015487034540410378,0.016155388052771582,,0.011065703820797898,0.027324491807879263,0.010176969943911306,0.002634078983269027,0.0031047050271225643,0.0,0.0,0.0,0.0,0.011869045697331134,0.002042518283516709,0.017112949723198927,0.011426429576678982,0.008271877398807028,0.0,0.002421515067690189,0.0019357946772412089,0.0030029309369924836,0.0593228859673572,0.006584709710492636,0.025564597105645216,0.04381842691426325,0.0,0.0017154796545548832
2022-07-01,,0.025256850547258614,0.0013253307877959704,0.0,0.04139508838036488,0.0,0.01597614504347264,0.0,0.12991780421403035,0.0,0.0,0.5193059418048536,0.0,0.0,0.0,0.0,0.0,0.015649179240519527,0.015728184209018024,,0.011240450714100977,0.027176189323001646,0.01032517474669271,0.0027876994689002483,0.002946545029376489,0.0,0.0,0.0,0.0,0.011852247818667578,0.0020123715725392896,0.01730188733171044,0.011452728294392542,0.008324589082369464,0.0,0.002418315565985935,0.0019332369486309026,0.0029989632215820534,0.0590640903205736,0.006271959138744915,0.025400130943559127,0.0436039392385175,0.0,0.0017132130239847928
2022-08-01,,0.025037360658990784,0.0011020413615912144,0.0,0.041447137668009885,0.0,0.016166959320336453,0.0,0.12860394987850784,0.0,0.0,0.5194300854964984,0.0,0.0,0.0,0.0,0.0,0.015816728763965646,0.01528674023713935,,0.011421022503847491,0.027022943421961446,0.010478319709566829,0.0029464406373858436,0.002783113031705545,0.0,0.0,0.0,0.0,0.011834890010715238,0.0019812199711959563,0.017497122860505667,0.011479903636029886,0.008379057822050649,0.0,0.002415009414224873,0.0019305939624002528,0.002994863248991275,0.05879666815223055,0.005948783547938938,0.025230182576070168,0.04338230197358022,0.0,0.001710870839062366
2022-09-01,,0.024817870770722953,0.0008787519353864587,0.0,0.04149918695565489,0.0,0.016357773597200267,0.0,0.12729009554298534,0.0,0.0,0.5195542291881431,0.0,0.0,0.0,0.0,0.0,0.015984278287411766,0.014845296265260674,,0.011601594293594003,0.02686969752092124,0.010631464672440947,0.0031051818058714393,0.002619681034034601,0.0,0.0,0.0,0.0,0.011817532202762899,0.0019500683698526228,0.017692358389300895,0.011507078977667232,0.008433526561731833,0.0,0.0024117032624638105,0.001927950976169603,0.0029907632764004967,0.05852924598388751,0.005625607957132961,0.02506023420858121,0.04316066470864295,0.0,0.0017085286541399392
2022-10-01,,0.024605461201431502,0.0006626653938979852,0.0,0.04154955723402102,0.0,0.01654243257481041,0.0,0.12601862360538293,0.0,0.0,0.5196743682445735,0.0,0.0,0.0,0.0,0.0,0.016146422987520913,0.014418092421507116,,0.011776341186897082,0.026721395036043625,0.01077966947522235,0.0032588022915026604,0.002461521036288526,0.0,0.0,0.0,0.0,0.011800734324099343,0.0019199216588752035,0.017881295997812408,0.011533377695380792,0.00848623824529427,0.0,0.0024085037607595567,0.0019253932475592967,0.002986795560990066,0.05827045033710391,0.00531285738538524,0.02489576804649512,0.0429461770328972,0.0,0.0017062620235698486
2022-11-01,,0.02438597131316367,0.00043937596769322946,0.0,0.04160160652166602,0.0,0.016733246851674224,0.0,0.12470476926986045,0.0,0.0,0.5197985119362182,0.0,0.0,0.0,0.0,0.0,0.016313972510967036,0.01397664844962844,,0.011956912976643596,0.02656814913500342,0.010932814438096468,0.003417543459988256,0.002298089038617582,0.0,0.0,0.0,0.0,0.011783376516147004,0.0018887700575318702,0.018076531526607632,0.011560553037018136,0.008540706984975454,0.0,0.002405197608998494,0.001922750261328647,0.002982695588399288,0.05800302816876086,0.004989681794579263,0.02472581967900616,0.042724539767959924,0.0,0.0017039198386474218
2022-12-01,,0.02417356174387222,0.00022328942620475573,0.0,0.04165197680003216,0.0,0.016917905829284367,0.0,0.12343329733225802,0.0,0.0,0.5199186509926487,0.0,0.0,0.0,0.0,0.0,0.016476117211076183,0.013549444605874884,,0.012131659869946673,0.026419846650125804,0.011081019240877872,0.0035711639456194773,0.0021399290408715067,0.0,0.0,0.0,0.0,0.011766578637483448,0.001858623346554451,0.018265469135119144,0.011586851754731696,0.00859341866853789,0.0,0.00240199810729424,0.0019201925327183408,0.0029787278729888574,0.057744232521977266,0.004676931222831542,0.02456135351692007,0.04251005209221417,0.0,0.0017016532080773314
2023-01-01,,0.02395407185560439,0.0,0.0,0.04170402608767716,0.0,0.01710872010614818,0.0,0.12211944299673554,0.0,0.0,0.5200427946842934,0.0,0.0,0.0,0.0,0.0,0.016643666734522302,0.013108000633996208,,0.012312231659693187,0.0262666007490856,0.01123416420375199,0.003729905114105073,0.0019764970432005627,0.0,0.0,0.0,0.0,0.011749220829531108,0.0018274717452111176,0.018460704663914373,0.011614027096369042,0.008647887408219075,0.0,0.002398691955533178,0.001917549546487691,0.002974627900398079,0.057476810353634215,0.004353755632025565,0.02439140514943111,0.042288414827276896,0.0,0.0016993110231549047
2023-02-01,,0.023467371632522434,0.0,0.0,0.04184879049917934,0.0,0.01715473276683901,0.0,0.12164122787518576,0.0,0.0,0.5211276264072727,0.0,0.0,0.0,0.0,0.0,0.016674856377620558,0.01291341304119393,,0.012065927814936333,0.02645069979564167,0.010746258388844682,0.0035760052970204913,0.0020654404385320063,0.0,0.0,0.0,0.0,0.011783292846309539,0.001995227590701785,0.018456285429927093,0.011553018777203066,0.008401550763494072,0.0,0.0021949674332824146,0.0017546891740462707,0.0029771683023489385,0.05774168987281159,0.004373541859186183,0.024761565959338025,0.04271966567920934,0.0,0.0015549859773527073
2023-03-01,,0.023027771431029055,0.0,0.0,0.04197954545150389,0.0,0.01719629258939847,0.0,0.12120929163636662,0.0,0.0,0.522107474415125,0.0,0.0,0.0,0.0,0.0,0.016703027668160918,0.012737656505759616,,0.011843459826123691,0.026616982805434248,0.010305569265702596,0.003436999010621514,0.0021457764085087935,0.0,0.0,0.0,0.0,0.01181406757114167,0.002146748999532065,0.018452293863745032,0.01149791448892412,0.008179053148903749,0.0,0.0020109581873784996,0.0016075894828088588,0.0029794628589497143,0.057980935890133097,0.004391413290169967,0.025095904755382977,0.043109182577728965,0.0,0.0014246278714668515
2023-04-01,,0.0225410712079471,0.0,0.0,0.04212430986300607,0.0,0.017242305250089296,0.0,0.12073107651481685,0.0,0.0,0.5231923061381043,0.0,0.0,0.0,0.0,0.0,0.016734217311259174,0.01254306891295734,,0.011597155981366838,0.02680108185199032,0.009817663450795287,0.0032830991935369324,0.002234719803840237,0.0,0.0,0.0,0.0,0.011848139587920102,0.0023145048450227326,0.01844787462975775,0.011436906169758143,0.007932716504178747,0.0,0.0018072336651277368,0.0014447291103674383,0.0029820032609005737,0.058245815409310474,0.004411199517330586,0.02546606556528989,0.0435404334296614,0.0,0.0012803028256646541
2023-05-01,,0.022070070992061337,0.0,0.0,0.04226440445478237,0.0,0.017286833631403,0.0,0.12026828768751062,0.0,0.0,0.5242421432893746,0.0,0.0,0.0,0.0,0.0,0.016764400836838132,0.012354758339277716,,0.011358797421924721,0.026979242219625225,0.009345496533143052,0.0031341638866808855,0.002320794057386795,0.0,0.0,0.0,0.0,0.011881112507383098,0.0024768492116266044,0.018443597951705543,0.011377865860887845,0.00769432620283197,0.0,0.0016100809016592562,0.0012871222983273543,0.002984461714401405,0.05850215042786922,0.004430347479098926,0.025824285703909485,0.04395777296378957,0.0,0.0011406334265012374
2023-06-01,,0.021583370768979385,0.0,0.0,0.04240916886628455,0.0,0.01733284629209383,0.0,0.11979007256596085,0.0,0.0,0.5253269750123539,0.0,0.0,0.0,0.0,0.0,0.01679559047993639,0.012160170746475438,,0.011112493577167867,0.027163341266181296,0.008857590718235744,0.0029802640695963042,0.0024097374527182382,0.0,0.0,0.0,0.0,0.01191518452416153,0.002644605057117272,0.01843917871771826,0.011316857541721868,0.007447989558106968,0.0,0.0014063563794084932,0.001124261925885934,0.002987002116352264,0.0587670299470466,0.004450133706259544,0.0261944465138164,0.04438902381572201,0.0,0.00099630838069904
2023-07-01,,0.02111237055309362,0.0,0.0,0.04254926345806085,0.0,0.017377374673407536,0.0,0.11932728373865462,0.0,0.0,0.5263768121636242,0.0,0.0,0.0,0.0,0.0,0.016825774005515347,0.011971860172795815,,0.010874135017725751,0.0273415016338162,0.00838542380058351,0.0028313287627402574,0.0024958117062647963,0.0,0.0,0.0,0.0,0.011948157443624527,0.0028069494237211437,0.018434902039666055,0.011257817232851568,0.007209599256760192,0.0,0.0012092036159400128,0.0009666551138458498,0.002989460569853096,0.059023364965605354,0.004469281668027884,0.02655266665243599,0.04480636334985018,0.0,0.0008566389815356231
2023-08-01,,0.020625670330011666,0.0,0.0,0.04269402786956303,0.0,0.017423387334098362,0.0,0.11884906861710484,0.0,0.0,0.5274616438866035,0.0,0.0,0.0,0.0,0.0,0.016856963648613603,0.011777272579993538,,0.010627831172968897,0.027525600680372273,0.0078975179856762,0.0026774289456556757,0.00258475510159624,0.0,0.0,0.0,0.0,0.01198222946040296,0.002974705269211811,0.01843048280567877,0.011196808913685592,0.0069632626120351895,0.0,0.0010054790936892498,0.0008037947414044294,0.002992000971803955,0.05928824448478273,0.0044890678951885025,0.026922827462342903,0.04523761420178262,0.0,0.0007123139357334259
2023-09-01,,0.02013897010692971,0.0,0.0,0.04283879228106521,0.0,0.017469399994789192,0.0,0.11837085349555508,0.0,0.0,0.5285464756095829,0.0,0.0,0.0,0.0,0.0,0.01688815329171186,0.01158268498719126,,0.010381527328212042,0.02770969972692834,0.0074096121707688915,0.002523529128571094,0.002673698496927683,0.0,0.0,0.0,0.0,0.01201630147718139,0.003142461114702478,0.018426063571691492,0.011135800594519617,0.006716925967310188,0.0,0.0008017545714384868,0.0006409343689630091,0.0029945413737548143,0.05955312400396011,0.004508854122349121,0.027292988272249817,0.04566886505371506,0.0,0.0005679888899312285
2023-10-01,,0.019667969891043947,0.0,0.0,0.042978886872841515,0.0,0.017513928376102897,0.0,0.11790806466824885,0.0,0.0,0.5295963127608532,0.0,0.0,0.0,0.0,0.0,0.016918336817290814,0.011394374413511639,,0.010143168768769927,0.02788786009456325,0.006937445253116657,0.002374593821715047,0.002759772750474241,0.0,0.0,0.0,0.0,0.012049274396644388,0.00330480548130635,0.018421786893639283,0.011076760285649316,0.006478535665963412,0.0,0.0006046018079700064,0.00048332755692292507,0.0029969998272556457,0.05980945902251886,0.004528002084117461,0.02765120841086941,0.04608620458784323,0.0,0.0004283194907678115
2023-11-01,,0.019181269667961992,0.0,0.0,0.04312365128434369,0.0,0.017559941036793723,0.0,0.11742984954669908,0.0,0.0,0.5306811444838325,0.0,0.0,0.0,0.0,0.0,0.01694952646038907,0.011199786820709361,,0.009896864924013073,0.028071959141119318,0.006449539438209349,0.0022206940046304653,0.0028487161458056846,0.0,0.0,0.0,0.0,0.012083346413422819,0.0034725613267970173,0.018417367659652004,0.01101575196648334,0.006232199021238409,0.0,0.0004008772857192434,0.00032046718448150457,0.0029995402292065047,0.060074338541696234,0.004547788311278079,0.02802136922077632,0.04651745543977567,0.0,0.00028399444496561414
2023-12-01,,0.01871026945207623,0.0,0.0,0.043263745876119995,0.0,0.017604469418107428,0.0,0.11696706071939285,0.0,0.0,0.5317309816351028,0.0,0.0,0.0,0.0,0.0,0.01697970998596803,0.011011476247029738,,0.009658506364570957,0.028250119508754223,0.005977372520557115,0.002071758697774419,0.0029347903993522427,0.0,0.0,0.0,0.0,0.012116319332885817,0.0036349056934008887,0.018413090981599795,0.010956711657613041,0.005993808719891634,0.0,0.00020372452225076278,0.0001628603724414205,0.003001998682707336,0.06033067356025499,0.004566936273046419,0.028379589359395916,0.04693479497390384,0.0,0.00014432504580219737
2024-01-01,,0.018223569228994273,0.0,0.0,0.04340851028762217,0.0,0.017650482078798258,0.0,0.11648884559784307,0.0,0.0,0.5328158133580821,0.0,0.0,0.0,0.0,0.0,0.017010899629066285,0.01081688865422746,,0.009412202519814103,0.028434218555310295,0.005489466705649805,0.001917858880689837,0.003023733794683686,0.0,0.0,0.0,0.0,0.012150391349664247,0.003802661538891556,0.018408671747612515,0.010895703338447065,0.005747472075166632,0.0,0.0,0.0,0.0030045390846581955,0.06059555307943237,0.004586722500207038,0.02874975016930283,0.047366045825836284,0.0,0.0
2024-02-01,,0.01811358956270938,0.0,0.0,0.04350168877624805,0.0,0.017569894173153085,0.0,0.11694748210376932,0.0,0.0,0.5326289503353931,0.0,0.0,0.0,0.0,0.0,0.0173183667121759,0.010801268430490854,,0.009188349299377736,0.028394965552803603,0.005192680313567943,0.0019188516666337632,0.0032012698374317347,0.0,0.0,0.0,0.0,0.012063597849972098,0.0038046299991173482,0.018465947914967962,0.010969512990025007,0.005558021157981404,0.0,0.0,0.0,0.002750056266012283,0.06092828661987449,0.004608786728917226,0.028637915645993377,0.04743588806338438,0.0,0.0
2024-03-01,,0.018010705358765443,0.0,0.0,0.04358885574947871,0.0,0.017494505487226954,0.0,0.11737652915770033,0.0,0.0,0.5324541429915873,0.0,0.0,0.0,0.0,0.0,0.017605997209278443,0.01078665596312435,,0.008978938222195329,0.028358245002071535,0.004915041430652653,0.0019197804018716298,0.003367351941937974,0.0,0.0,0.0,0.0,0.011982403930905251,0.0038064714619092184,0.018519528845719835,0.011038560728597923,0.0053807928806145775,0.0,0.0,0.0,0.0025119916937306223,0.06123955348028809,0.004629427459000951,0.028533296253220018,0.04750122435012291,0.0,0.0
2024-04-01,,0.017900725692480544,0.0,0.0,0.043682034238104586,0.0,0.017413917581581777,0.0,0.11783516566362658,0.0,0.0,0.5322672799688983,0.0,0.0,0.0,0.0,0.0,0.017913464292388062,0.010771035739387744,,0.00875508500175896,0.02831899199956484,0.00461825503857079,0.0019207731878155558,0.0035448879846860224,0.0,0.0,0.0,0.0,0.011895610431213103,0.003808439922135011,0.018576805013075282,0.011112370380175865,0.00519134196342935,0.0,0.0,0.0,0.0022575088750847096,0.06157228702073021,0.0046514916877111396,0.028421461729910565,0.047571066587671004,0.0,0.0
2024-05-01,,0.01779429375736613,0.0,0.0,0.043772206969032855,0.0,0.017335929285796126,0.0,0.1182790074435552,0.0,0.0,0.5320864447856509,0.0,0.0,0.0,0.0,0.0,0.01821101308249414,0.010755919393836189,,0.008538452852949574,0.02828100522294546,0.004331042401072213,0.0019217339484064522,0.0037166970583131665,0.0,0.0,0.0,0.0,0.011811616721833606,0.003810344883643842,0.01863223356212894,0.011183799075251294,0.005008002366153322,0.0,0.0,0.0,0.0020112351796209233,0.06189428722115807,0.004672844167108096,0.02831323477186916,0.047638655849814325,0.0,0.0
2024-06-01,,0.017684314091081232,0.0,0.0,0.04386538545765874,0.0,0.01725534138015095,0.0,0.11873764394948146,0.0,0.0,0.5318995817629619,0.0,0.0,0.0,0.0,0.0,0.018518480165603757,0.010740299170099582,,0.008314599632513207,0.028241752220438763,0.004034256008990351,0.0019227267343503785,0.0038942331010612154,0.0,0.0,0.0,0.0,0.011724823222141457,0.0038123133438696345,0.018689509729484386,0.011257608726829236,0.004818551448968094,0.0,0.0,0.0,0.0017567523609750106,0.062227020761600194,0.0046949083958182855,0.028201400248559706,0.04770849808736242,0.0,0.0
2024-07-01,,0.01757788215596682,0.0,0.0,0.043955558188587006,0.0,0.0171773530843653,0.0,0.11918148572941008,0.0,0.0,0.5317187465797145,0.0,0.0,0.0,0.0,0.0,0.018816028955709836,0.010725182824548027,,0.00809796748370382,0.028203765443819383,0.0037470433714917742,0.001923687494941275,0.004066042174688359,0.0,0.0,0.0,0.0,0.01164082951276196,0.0038142183053784654,0.018744938278538046,0.011329037421904664,0.004635211851692068,0.0,0.0,0.0,0.001510478665511224,0.06254902096202805,0.004716260875215242,0.0280931732905183,0.04777608734950573,0.0,0.0
2024-08-01,,0.01746790248968192,0.0,0.0,0.04404873667721288,0.0,0.017096765178720122,0.0,0.11964012223533632,0.0,0.0,0.5315318835570256,0.0,0.0,0.0,0.0,0.0,0.019123496038819455,0.01070956260081142,,0.007874114263267453,0.02816451244131269,0.0034502569794099117,0.0019246802808852012,0.004243578217436408,0.0,0.0,0.0,0.0,0.011554036013069811,0.003816186765604258,0.018802214445893493,0.011402847073482608,0.004445760934506839,0.0,0.0,0.0,0.0012559958468653114,0.06288175450247019,0.004738325103925431,0.027981338767208846,0.047845929587053825,0.0,0.0
2024-09-01,,0.017357922823397025,0.0,0.0,0.044141915165838756,0.0,0.01701617727307495,0.0,0.12009875874126258,0.0,0.0,0.5313450205343366,0.0,0.0,0.0,0.0,0.0,0.01943096312192907,0.010693942377074812,,0.007650261042831085,0.028125259438805995,0.0031534705873280497,0.0019256730668291274,0.004421114260184457,0.0,0.0,0.0,0.0,0.011467242513377662,0.00381815522583005,0.01885949061324894,0.01147665672506055,0.004256310017321611,0.0,0.0,0.0,0.0010015130282193985,0.0632144880429123,0.004760389332635619,0.027869504243899394,0.04791577182460192,0.0,0.0
2024-10-01,,0.01725149088828261,0.0,0.0,0.044232087896767025,0.0,0.016938188977289294,0.0,0.1205426005211912,0.0,0.0,0.5311641853510892,0.0,0.0,0.0,0.0,0.0,0.01972851191203515,0.010678826031523257,,0.007433628894021698,0.028087272662186615,0.002866257949829473,0.0019266338274200236,0.0045929233338116,0.0,0.0,0.0,0.0,0.011383248803998165,0.0038200601873388815,0.0189149191623026,0.01154808542013598,0.004072970420045584,0.0,0.0,0.0,0.0007552393327556121,0.06353648824334017,0.004781741812032576,0.027761277285857987,0.04798336108674523,0.0,0.0
2024-11-01,,0.017141511221997714,0.0,0.0,0.04432526638539291,0.0,0.01685760107164412,0.0,0.12100123702711744,0.0,0.0,0.5309773223284002,0.0,0.0,0.0,0.0,0.0,0.020035978995144768,0.01066320580778665,,0.0072097756735853315,0.028048019659679922,0.0025694715577476105,0.00192762661336395,0.004770459376559649,0.0,0.0,0.0,0.0,0.011296455304306017,0.0038220286475646736,0.018972195329658048,0.011621895071713921,0.003883519502860356,0.0,0.0,0.0,0.0005007565141096995,0.06386922178378229,0.004803806040742765,0.027649442762548535,0.048053203324293324,0.0,0.0
2024-12-01,,0.017035079286883296,0.0,0.0,0.044415439116321176,0.0,0.016779612775858467,0.0,0.12144507880704608,0.0,0.0,0.5307964871451528,0.0,0.0,0.0,0.0,0.0,0.020333527785250848,0.010648089462235095,,0.0069931435247759435,0.02801003288306054,0.002282258920249034,0.0019285873739548463,0.004942268450186794,0.0,0.0,0.0,0.0,0.01121246159492652,0.003823933609073505,0.019027623878711708,0.011693323766789351,0.003700179905584329,0.0,0.0,0.0,0.00025448281864591266,0.06419122198421015,0.004825158520139722,0.02754121580450713,0.04812079258643664,0.0,0.0
2025-01-01,,0.0169250996205984,0.0,0.0,0.04450861760494705,0.0,0.016699024870213294,0.0,0.12190371531297232,0.0,0.0,0.5306096241224638,0.0,0.0,0.0,0.0,0.0,0.020640994868360463,0.010632469238498489,,0.006769290304339577,0.027970779880553846,0.0019854725281671717,0.0019295801598987726,0.005119804492934843,0.0,0.0,0.0,0.0,0.01112566809523437,0.003825902069299297,0.019084900046067155,0.011767133418367293,0.003510728988399101,0.0,0.0,0.0,0.0,0.06452395552465227,0.00484722274884991,0.027429381281197675,0.04819063482398473,0.0,0.0
2025-02-01,,0.0169250996205984,0.0,0.0,0.04450861760494705,0.0,0.016699024870213294,0.0,0.12190371531297232,0.0,0.0,0.5306096241224638,0.0,0.0,0.0,0.0,0.0,0.020640994868360463,0.010632469238498489,,0.006769290304339577,0.027970779880553846,0.0019854725281671717,0.0019295801598987726,0.005119804492934843,0.0,0.0,0.0,0.0,0.01112566809523437,0.003825902069299297,0.019084900046067155,0.011767133418367293,0.003510728988399101,0.0,0.0,0.0,0.0,0.06452395552465227,0.00484722274884991,0.027429381281197675,0.04819063482398473,0.0,0.0
2025-03-01,,0.0169250996205984,0.0,0.0,0.04450861760494705,0.0,0.016699024870213294,0.0,0.12190371531297232,0.0,0.0,0.5306096241224638,0.0,0.0,0.0,0.0,0.0,0.020640994868360463,0.010632469238498489,,0.006769290304339577,0.027970779880553846,0.0019854725281671717,0.0019295801598987726,0.005119804492934843,0.0,0.0,0.0,0.0,0.01112566809523437,0.003825902069299297,0.019084900046067155,0.011767133418367293,0.003510728988399101,0.0,0.0,0.0,0.0,0.06452395552465227,0.00484722274884991,0.027429381281197675,0.04819063482398473,0.0,0.0
2025-04-01,,0.0169250996205984,0.0,0.0,0.04450861760494705,0.0,0.016699024870213294,0.0,0.12190371531297232,0.0,0.0,0.5306096241224638,0.0,0.0,0.0,0.0,0.0,0.020640994868360463,0.010632469238498489,,0.006769290304339577,0.027970779880553846,0.0019854725281671717,0.0019295801598987726,0.005119804492934843,0.0,0.0,0.0,0.0,0.01112566809523437,0.003825902069299297,0.019084900046067155,0.011767133418367293,0.003510728988399101,0.0,0.0,0.0,0.0,0.06452395552465227,0.00484722274884991,0.027429381281197675,0.04819063482398473,0.0,0.0
2025-05-01,,0.0169250996205984,0.0,0.0,0.04450861760494705,0.0,0.016699024870213294,0.0,0.12190371531297232,0.0,0.0,0.5306096241224638,0.0,0.0,0.0,0.0,0.0,0.020640994868360463,0.010632469238498489,,0.006769290304339577,0.027970779880553846,0.0019854725281671717,0.0019295801598987726,0.005119804492934843,0.0,0.0,0.0,0.0,0.01112566809523437,0.003825902069299297,0.019084900046067155,0.011767133418367293,0.003510728988399101,0.0,0.0,0.0,0.0,0.06452395552465227,0.00484722274884991,0.027429381281197675,0.04819063482398473,0.0,0.0
2025-06-01,,0.0169250996205984,0.0,0.0,0.04450861760494705,0.0,0.016699024870213294,0.0,0.12190371531297232,0.0,0.0,0.5306096241224638,0.0,0.0,0.0,0.0,0.0,0.020640994868360463,0.010632469238498489,,0.006769290304339577,0.027970779880553846,0.0019854725281671717,0.0019295801598987726,0.005119804492934843,0.0,0.0,0.0,0.0,0.01112566809523437,0.003825902069299297,0.019084900046067155,0.011767133418367293,0.003510728988399101,0.0,0.0,0.0,0.0,0.06452395552465227,0.00484722274884991,0.027429381281197675,0.04819063482398473,0.0,0.0
2025-07-01,,0.0169250996205984,0.0,0.0,0.04450861760494705,0.0,0.016699024870213294,0.0,0.12190371531297232,0.0,0.0,0.5306096241224638,0.0,0.0,0.0,0.0,0.0,0.020640994868360463,0.010632469238498489,,0.006769290304339577,0.027970779880553846,0.0019854725281671717,0.0019295801598987726,0.005119804492934843,0.0,0.0,0.0,0.0,0.01112566809523437,0.003825902069299297,0.019084900046067155,0.011767133418367293,0.003510728988399101,0.0,0.0,0.0,0.0,0.06452395552465227,0.00484722274884991,0.027429381281197675,0.04819063482398473,0.0,0.0
2025-08-01,,0.0169250996205984,0.0,0.0,0.04450861760494705,0.0,0.016699024870213294,0.0,0.12190371531297232,0.0,0.0,0.5306096241224638,0.0,0.0,0.0,0.0,0.0,0.020640994868360463,0.010632469238498489,,0.006769290304339577,0.027970779880553846,0.0019854725281671717,0.0019295801598987726,0.005119804492934843,0.0,0.0,0.0,0.0,0.01112566809523437,0.003825902069299297,0.019084900046067155,0.011767133418367293,0.003510728988399101,0.0,0.0,0.0,0.0,0.06452395552465227,0.00484722274884991,0.027429381281197675,0.04819063482398473,0.0,0.0
2025-09-01,,0.0169250996205984,0.0,0.0,0.04450861760494705,0.0,0.016699024870213294,0.0,0.12190371531297232,0.0,0.0,0.5306096241224638,0.0,0.0,0.0,0.0,0.0,0.020640994868360463,0.010632469238498489,,0.006769290304339577,0.027970779880553846,0.0019854725281671717,0.0019295801598987726,0.005119804492934843,0.0,0.0,0.0,0.0,0.01112566809523437,0.003825902069299297,0.019084900046067155,0.011767133418367293,0.003510728988399101,0.0,0.0,0.0,0.0,0.06452395552465227,0.00484722274884991,0.027429381281197675,0.04819063482398473,0.0,0.0
2025-10-01,,0.0169250996205984,0.0,0.0,0.04450861760494705,0.0,0.016699024870213294,0.0,0.12190371531297232,0.0,0.0,0.5306096241224638,0.0,0.0,0.0,0.0,0.0,0.020640994868360463,0.010632469238498489,,0.006769290304339577,0.027970779880553846,0.0019854725281671717,0.0019295801598987726,0.005119804492934843,0.0,0.0,0.0,0.0,0.01112566809523437,0.003825902069299297,0.019084900046067155,0.011767133418367293,0.003510728988399101,0.0,0.0,0.0,0.0,0.06452395552465227,0.00484722274884991,0.027429381281197675,0.04819063482398473,0.0,0.0
2025-11-01,,0.0169250996205984,0.0,0.0,0.04450861760494705,0.0,0.016699024870213294,0.0,0.12190371531297232,0.0,0.0,0.5306096241224638,0.0,0.0,0.0,0.0,0.0,0.020640994868360463,0.010632469238498489,,0.006769290304339577,0.027970779880553846,0.0019854725281671717,0.0019295801598987726,0.005119804492934843,0.0,0.0,0.0,0.0,0.01112566809523437,0.003825902069299297,0.019084900046067155,0.011767133418367293,0.003510728988399101,0.0,0.0,0.0,0.0,0.06452395552465227,0.00484722274884991,0.027429381281197675,0.04819063482398473,0.0,0.0
2025-12-01,,0.0169250996205984,0.0,0.0,0.04450861760494705,0.0,0.016699024870213294,0.0,0.12190371531297232,0.0,0.0,0.5306096241224638,0.0,0.0,0.0,0.0,0.0,0.020640994868360463,0.010632469238498489,,0.006769290304339577,0.027970779880553846,0.0019854725281671717,0.0019295801598987726,0.005119804492934843,0.0,0.0,0.0,0.0,0.01112566809523437,0.003825902069299297,0.019084900046067155,0.011767133418367293,0.003510728988399101,0.0,0.0,0.0,0.0,0.06452395552465227,0.00484722274884991,0.027429381281197675,0.04819063482398473,0.0,0.0
