Date,DZD,ARS,AUD,BRL,CAD,CLP,CNY,TWD,COP,EUR,CZK,DKK,HKD,HUF,ISK,INR,IDR,ILS,JPY,KRW,MYR,MXN,NZD,NOK,PEN,PHP,PLN,RON,RUB,SAR,SGD,ZAR,SEK,CHF,THB,TRY,AED,GBP,USD,VEF
1996-01-01,53.002523,1,1.348737,0.9745238095238,1.366732,408.531818,8.3384,27.405714,1010.221613,0.774231,27.0021,5.653162,7.732876,141.920038,66.153333,35.811667,2290.442857,3.129545,105.630556,787.133333,2.55629,7.4637,1.511416,6.416198,2.3471590909091,26.211636,2.511705,0.260177,4.677304,3.750523,1.421124,3.641395,6.728912,1.179595,25.298095,0.0604811065438,3.671,0.653484,1,0.29
1996-02-01,53.329557,1,1.323591,0.98096,1.375747,410.965714,8.33375,27.4845,1029.086897,0.776076,27.059282,5.669999,7.732315,144.400892,66.251905,36.5945,2301.285714,3.113143,105.61657,780.115,2.548705,7.521148,1.480767,6.403023,2.3535952380952,26.158762,2.543714,0.278352,4.758619,3.750505,1.411545,3.751863,6.879822,1.195077,25.2495,0.0641507116581,3.671,0.651034,1,0.29
1996-03-01,53.564924,1,1.296627,0.986175,1.365343,411.546667,8.349543,27.4,1044.969355,0.780439,27.267461,5.707859,7.732467,146.035576,66.32619,34.485238,2330.833333,3.099105,105.885116,781.314286,2.541748,7.570418,1.467868,6.42795,2.3552857142857,26.195667,2.575667,0.287586,4.833095,3.750452,1.409533,3.926951,6.736416,1.195995,25.250476,0.0684579681873,3.671,0.654791,1,0.29
1996-04-01,53.830377,1,1.271571,0.9897818181818,1.358626,408.424762,8.35145,27.187727,1050.696667,0.791252,27.535023,5.810979,7.734495,148.831031,66.827222,34.319545,2329.690476,3.164875,107.215565,780.418182,2.511327,7.452272,1.465499,6.49627,2.363875,26.189684,2.6232,0.291105,4.897864,3.750359,1.40845,4.21678,6.719819,1.22011,25.29,0.0730083656205,3.671,0.659891,1,0.34843
1996-05-01,54.819118,1,1.253979,0.9950318181818,1.369328,406.230476,8.347864,27.351818,1065.76871,0.802151,27.714065,5.919348,7.736268,151.91432,67.3435,35.025,2329.552174,3.25275,106.340803,780.859091,2.493636,7.44269,1.458211,6.578051,2.4091363636364,26.175857,2.674778,0.29319,4.97413,3.750455,1.40735,4.376494,6.801176,1.254708,25.289091,0.0768035182513,3.671,0.659888,1,0.469536
1996-06-01,55.144368,1,1.263333,1.00133,1.365744,409.846842,8.34236,27.674,1071.612,0.798146,27.786433,5.889573,7.74036,152.790889,67.213158,35.0995,2329.8925,3.2555,108.860999,798.45,2.496695,7.562201,1.478448,6.532872,2.43935,26.194421,2.715211,0.299175,5.053,3.750495,1.409025,4.351923,6.681047,1.256685,25.354,0.0797750828943,3.671,0.648515,1,0.471626
1996-07-01,55.098896,1,1.266893,1.0069,1.369369,410.723043,8.340932,27.572727,1063.966774,0.787101,27.068854,5.799194,7.737859,153.140453,66.747826,35.667273,2334.117391,3.179476,109.243838,813.031818,2.491514,7.622425,1.450046,6.450128,2.4443636363636,26.199545,2.714848,0.306778,5.145522,3.750504,1.416023,4.390807,6.641507,1.233069,25.355,0.0827115200341,3.671,0.643523,1,0.471085
1996-08-01,55.21875,1,1.276846,1.0146909090909,1.372176,411.100476,8.337923,27.496364,1045.032258,0.77928,26.495623,5.730683,7.734536,153.952834,66.292857,35.8,2341.965909,3.146136,107.865733,817.522727,2.493277,7.514847,1.451535,6.412717,2.4653571428571,26.199409,2.728643,0.314576,5.279773,3.750509,1.412364,4.521727,6.620331,1.202566,25.289091,0.0850237523082,3.671,0.645189,1,0.474562
1996-09-01,55.551233,1,1.260896,1.019425,1.369448,411.844444,8.33411,27.5,1040.124333,0.78802,26.580284,5.80057,7.732775,156.669522,66.79,35.87,2329.121429,3.166895,109.870911,822.4,2.50092,7.545474,1.435252,6.458046,2.4904047619048,26.235571,2.77819,0.32059,5.370238,3.750538,1.408585,4.499546,6.639065,1.231772,25.407,0.0889499480618,3.671,0.641299,1,0.475671
1996-10-01,55.796013,1,1.262903,1.02535,1.351316,415.552609,8.329905,27.532273,1015.464516,0.79468,27.092473,5.858438,7.732191,159.049089,67.055217,35.803636,2323.863913,3.225348,112.357758,828.236364,2.507382,7.729519,1.426652,6.483847,2.5537045454545,26.269304,2.817609,0.330152,5.431391,3.750461,1.412445,4.576781,6.599716,1.258152,25.474091,0.0938649752895,3.671,0.63077,1,0.470047
1996-11-01,55.443981,1,1.255428,1.0303736842105,1.338343,420.03,8.329395,27.521579,998.663333,0.783172,26.842606,5.806379,7.732347,159.409968,66.247143,35.839158,2337.55381,3.244381,112.267102,830.563158,2.5234,7.907583,1.407975,6.357307,2.5832,26.265778,2.816921,0.348762,5.481,3.750476,1.402547,4.655284,6.627369,1.274442,25.458947,0.098613932873,3.671,0.601497,1,0.471619
1996-12-01,56.176236,1,1.254176,1.0371714285714,1.361769,422.41,8.329014,27.51619,1001.605484,0.799853,27.352754,5.93918,7.735548,163.804509,67.039,35.881524,2355.270455,3.276474,113.873493,841.919048,2.525052,7.877153,1.418527,6.469125,2.583380952381,26.292474,2.858684,0.380135,5.535591,3.750559,1.399943,4.684625,6.82389,1.327071,25.6,0.1046704250101,3.671,0.601198,1,0.475157
1997-01-01,57.136091,1,1.286083,1.0425523809524,1.349831,423.793182,8.325967,27.476667,1024.295161,0.822553,27.533928,6.116313,7.73969,166.098507,68.33,35.903667,2369.831818,3.276136,117.826656,854.071429,2.489962,7.828415,1.425909,6.449517,2.62525,26.317318,2.934046,0.49715,5.596087,3.750509,1.406062,4.641996,7.056899,1.390635,25.725714,0.1121642459734,3.671,0.602356,1,0.476682
1997-02-01,57.333585,1,1.302606,1.0487894736842,1.354631,416.1915,8.322742,27.554211,1072.948929,0.857884,28.227167,6.388255,7.747416,173.317189,70.4255,35.890526,2384.347222,3.336647,122.929094,868.394737,2.486568,7.802382,1.447038,6.635406,2.638125,26.34105,3.02985,0.697481,5.653825,3.75049,1.419347,4.455329,7.404016,1.453641,25.956842,0.1191145223184,3.671,0.615082,1,0.474465
1997-03-01,57.104324,1,1.268472,1.0570047619048,1.370864,414.053,8.325752,27.550952,1062.013548,0.869782,29.210503,6.471862,7.745971,176.860669,71.143889,35.884762,2409.157895,3.366556,122.572183,882.619048,2.477276,7.963448,1.432225,6.812154,2.6331578947368,26.331947,3.079342,0.774401,5.7035,3.750471,1.43781,4.435372,7.659711,1.465017,25.958571,0.1247024987545,3.671,0.622786,1,0.478486
1997-04-01,57.301629,1,1.283613,1.0610045454545,1.393572,417.58,8.325659,27.628636,1060.249333,0.873447,29.943526,6.517147,7.748264,179.768101,71.181429,35.828136,2425.3,3.389947,125.555351,895.568182,2.502814,7.907431,1.444174,6.97895,2.6608636363636,26.364227,3.1215,0.705049,5.747273,3.750527,1.4417,4.442534,7.680746,1.461653,26.064091,0.1312124281179,3.671,0.613776,1,0.479512
1997-05-01,56.992318,1,1.292507,1.068,1.379294,418.608947,8.322852,27.790952,1074.53129,0.870107,31.12196,6.485529,7.743062,181.434942,70.394211,35.82481,2436.75,3.3988,118.613626,894.666667,2.507,7.895931,1.445826,7.06874,2.6636666666667,26.3721,3.1725,0.709106,5.769682,3.750518,1.436771,4.468166,7.673835,1.430079,25.750476,0.1374133337281,3.671,0.612159,1,0.483663
1997-06-01,57.308695,1,1.326432,1.0746142857143,1.384271,417.415238,8.322371,27.902857,1082.212667,0.879807,32.376499,6.576998,7.74449,185.038641,70.42,35.82019,2445.47619,3.453,114.286681,891.404762,2.516676,7.950206,1.454565,7.218193,2.6556428571429,26.3761,3.237714,0.716943,5.779738,3.750543,1.4271,4.499635,7.749608,1.442305,24.534286,0.1441871731542,3.671,0.608175,1,0.485776
1997-07-01,58.227748,1,1.3476,1.0804772727273,1.376605,416.608261,8.316182,28.032273,1102.514516,0.905336,33.597719,6.82324,7.745373,191.90874,71.09913,35.747364,2511.727273,3.544,115.148691,893.090909,2.581495,7.871232,1.511229,7.442575,2.651619047619,27.667913,3.400174,0.716426,5.787348,3.750461,1.452082,4.558366,7.810719,1.480848,30.274091,0.1535797530591,3.671,0.598284,1,0.492593
1997-08-01,59.550271,1,1.349161,1.0878619047619,1.389162,414.8525,8.318681,28.82381,1133.596774,0.932364,34.213079,7.013281,7.74359,197.879619,72.6065,36.008476,2722.888889,3.53005,117.879163,898.709524,2.758857,7.783696,1.556931,7.624633,2.6536738095238,29.3305,3.48335,0.744541,5.811024,3.750514,1.497714,4.684746,7.985287,1.513253,32.398571,0.1637121579989,3.671,0.62388,1,0.495937
1997-09-01,58.400264,1,1.381291,1.0935476190476,1.386545,414.898947,8.31707,28.731429,1222.827333,0.909275,33.607354,6.812792,7.743952,195.956749,71.718182,36.475571,3003.181818,3.507909,120.725384,912.504762,3.025429,7.77777,1.571921,7.319383,2.6440681818182,32.3945,3.458295,0.752881,5.846205,3.750518,1.516357,4.690772,7.704283,1.472445,35.255714,0.1703897455335,3.671,0.625036,1,0.496905
1997-10-01,57.771026,1,1.387054,1.0998954545455,1.385984,414.413043,8.313486,29.696364,1262.66871,0.892697,32.958941,6.688264,7.737318,195.861913,71.513913,36.302,3590.173913,3.521765,120.961006,929.418182,3.297227,7.852109,1.572383,7.075722,2.6625909090909,34.46387,3.424783,0.770109,5.87487,3.750661,1.559745,4.712959,7.569586,1.451521,37.543182,0.1783798724227,3.671,0.613047,1,0.498661
1997-11-01,57.177185,1,1.439745,1.1072444444444,1.412265,424.9575,8.310894,31.794444,1294.556333,0.877744,33.204883,6.594006,7.731356,196.18498,71.087,37.288889,3440.736842,3.53335,125.181885,1031.271391,3.379111,8.276133,1.602411,7.059496,2.7197,34.51775,3.496237,0.780815,5.90145,3.75056,1.581972,4.83804,7.565746,1.4069,39.091667,0.1873929054122,3.671,0.592401,1,0.500173
1997-12-01,58.124439,1,1.508632,1.1136272727273,1.426032,438.2895,8.3099,32.502273,1295.568065,0.899634,34.712158,6.7707,7.745555,201.547926,71.738095,39.4,4827.409091,3.534389,129.488899,1505.17926,3.790705,8.123145,1.689381,7.254567,2.7164047619048,37.170632,3.525738,0.795547,5.9395,3.750595,1.651841,4.870496,7.788715,1.438142,44.309091,0.1993768666486,3.671429,0.602091,1,0.50299
1998-01-01,58.968819,1,1.522528,1.119865,1.439487,453.389048,8.309445,34.117,1321.430645,0.91941,35.357333,6.919071,7.74251,206.130147,72.907,39.391,9261.9,3.57719,129.498614,1697.334698,4.409305,8.2177,1.724694,7.498195,2.7442619047619,42.661,3.531858,0.828053,5.998579,3.751138,1.747725,4.942749,8.01479,1.474939,52.9825,0.2121861160875,3.6725,0.61145,1,0.507678
1998-02-01,58.944235,1,1.483334,1.1273,1.434261,448.531,8.307174,32.948421,1346.2875,0.918765,34.5412,6.916051,7.741174,207.784506,72.317,39.007895,8901.25,3.5943,125.689921,1626.425558,3.814842,8.490597,1.714933,7.560476,2.798225,40.4143,3.538903,0.82309,6.05085,3.750915,1.650868,4.9351,8.080627,1.463575,45.986842,0.2234037417813,3.6725,0.609936,1,0.515425
1998-03-01,59.129591,1,1.492901,1.1334318181818,1.416317,452.531364,8.307595,32.523636,1357.119032,0.922243,33.983662,6.961217,7.745782,210.548989,72.541818,39.568636,9385.272727,3.58625,128.999937,1489.851582,3.745568,8.567588,1.745312,7.581834,2.8056590909091,39.004045,3.457528,0.820708,6.090786,3.750777,1.61875,4.974541,7.967425,1.488204,41.365909,0.2358993876984,3.6725,0.601882,1,0.521682
1998-04-01,58.916641,1,1.533038,1.1409136363636,1.429401,453.743333,8.3058,33.015455,1359.929333,0.916637,33.724758,6.919458,7.749736,211.545473,71.982222,39.702909,7967.236842,3.705056,132.130629,1388.62656,3.737614,8.496539,1.806604,7.532947,2.81865,38.44215,3.417448,0.83802,6.124955,3.750509,1.600673,5.047277,7.823289,1.50595,39.653636,0.2456110591349,3.6725,0.598162,1,0.531259
1998-05-01,58.18543,1,1.588558,1.147495,1.444995,453.415789,8.308395,33.4655,1385.355806,0.901694,32.54046,6.762998,7.74901,210.717294,71.346316,40.46865,9557.588235,3.665474,134.959945,1399.110228,3.8204,8.580847,1.85958,7.451472,2.842775,39.297105,3.421043,0.847605,6.150306,3.750681,1.6374,5.096052,7.696119,1.478236,39.198,0.2524494020096,3.6725,0.610838,1,0.537265
1998-06-01,58.516467,1,1.656417,1.1543363636364,1.464924,456.188,8.31,34.552727,1384.496,0.907963,33.284021,6.824924,7.747123,215.886486,71.352,42.366818,13176.863636,3.664227,140.152299,1395.74898,4.000586,8.921445,1.953472,7.575042,2.9060238095238,40.39905,3.475473,0.857171,6.181048,3.750964,1.694127,5.383067,7.910785,1.494023,42.331818,0.2611907931088,3.6725,0.605551,1,0.543819
1998-07-01,58.733552,1,1.617876,1.1613739130435,1.485,464.641304,8.31,34.387391,1371.690323,0.911228,31.874037,6.851546,7.748252,217.723028,71.556522,42.611826,13876.136364,3.660043,140.629012,1293.858095,4.159078,8.898881,1.928124,7.623932,2.9187619047619,41.780522,3.458314,0.869943,6.218196,3.750804,1.708522,6.238259,7.988775,1.513738,41.299565,0.2684566661111,3.6725,0.60835,1,0.558474
1998-08-01,59.248124,1,1.696079,1.1716666666667,1.532209,471.255238,8.31,34.730476,1390.71,0.907833,32.2524,6.811521,7.749381,221.710031,71.703,42.842857,12112.5,3.707571,144.679549,1312.284777,4.2036,9.370751,1.993788,7.726025,2.9603333333333,43.037524,3.579942,0.878119,6.898886,3.750935,1.7571,6.323715,8.132454,1.494572,41.72,0.2741163804814,3.6725,0.612329,1,0.571882
1998-09-01,58.061923,1,1.700251,1.1805428571429,1.521879,470.4995,8.305452,34.64619,1523.476333,0.866632,30.6157,6.481923,7.748005,220.442789,70.036818,42.579048,10948.909091,3.844889,134.590108,1372.861977,3.805024,10.198565,1.983472,7.575596,3.0411136363636,43.775909,3.599575,0.905013,14.707359,3.751809,1.722629,6.10987,7.903542,1.401661,40.402381,0.2751958179938,3.6725,0.595022,1,0.583846
1998-10-01,57.261476,1,1.618228,1.1888952380952,1.543354,463.601905,8.2778,33.121429,1588.007097,0.837745,29.174964,6.231764,7.748329,215.76554,68.465909,42.394286,8562.272727,4.194,120.775036,1341.026826,3.8,10.155809,1.913494,7.436819,3.048675,42.88819,3.4963,0.938068,15.908968,3.75095,1.637843,5.799318,7.846114,1.336682,38.118095,0.2790601952993,3.6725,0.59026,1,0.57068
1998-11-01,59.027933,1,1.574976,1.1931631578947,1.539623,463.25619,8.277821,32.602632,1562.165,0.858868,29.763327,6.393461,7.743153,217.674779,70.028095,42.428421,7712.4,4.226333,120.346141,1290.186318,3.8,9.99041,1.871909,7.45156,3.0913571428571,39.943526,3.448492,0.990938,16.5445,3.751171,1.637763,5.657679,7.992688,1.384309,36.526842,0.2944446323226,3.6725,0.601768,1,0.569665
1998-12-01,59.873396,1,1.615275,1.2052409090909,1.541945,472.387,8.27795,32.337273,1520.47871,0.853176,29.990593,6.353325,7.747091,216.904997,69.680455,42.590909,7685.636364,4.176409,117.191971,1211.426919,3.801368,9.903075,1.91187,7.604026,3.1340714285714,39.0733,3.487483,1.051539,20.119091,3.751659,1.651473,5.902842,8.062389,1.360273,36.275909,0.3070915321053,3.6725,0.598753,1,0.565891
1999-01-01,61.263715,1,1.583998,1.5119526315789,1.520171,475.6815,8.278921,32.248826,1567.969677,0.86156,30.796159,6.410985,7.748396,216.065656,69.445263,42.545263,8548.329605,4.0798,113.163313,1173.71433,3.798647,10.186706,1.859796,7.453049,3.2473,38.356858,3.536614,1.13679,22.994904,3.751076,1.679592,5.994027,7.824103,1.383231,36.611859,0.3243596355617,3.6725,0.605563,1,0.569798
1999-02-01,63.3978,1,1.562868,1.9260526315789,1.497692,493.4485,8.278137,32.489367,1566.853214,0.89236,33.732638,6.634867,7.748885,223.3667,70.9945,42.531579,8760.822418,4.06765,116.716847,1187.060809,3.798891,10.003784,1.840336,7.718844,3.394475,38.823337,3.791258,1.229275,23.106875,3.75099,1.699984,6.113881,7.949033,1.425833,37.069594,0.3435725596331,3.6725,0.614363,1,0.577319
1999-03-01,65.283974,1,1.585962,1.905652173913,1.517039,492.484348,8.279152,33.114147,1549.202581,0.918917,34.913758,6.829825,7.74812,233.079193,72.18913,42.516087,8911.469225,4.03085,119.639197,1227.783033,3.798871,9.735234,1.879124,7.816388,3.3782173913043,38.888869,3.947771,1.424717,24.198181,3.750504,1.728667,6.206251,8.215428,1.466064,37.475808,0.3636864390491,3.6725,0.616818,1,0.580058
1999-04-01,66.51655,1,1.558405,1.7024818181818,1.489396,482.327619,8.279186,32.902157,1570.627333,0.934256,35.483818,6.944042,7.75042,235.77064,73.109444,42.796818,8621.577474,4.061,119.721926,1207.032929,3.800307,9.432919,1.842356,7.771304,3.34795,38.257803,3.998018,1.477599,25.431725,3.750327,1.713609,6.128251,8.32784,1.496257,37.625171,0.3818067290701,3.6725,0.621252,1,0.587786
1999-05-01,67.135652,1,1.509875,1.685275,1.460939,485.039,8.278535,32.760361,1642.178387,0.940975,35.460509,6.994535,7.752237,235.43984,73.742105,42.859,7956.275013,4.117611,122.050127,1196.833314,3.799833,9.382864,1.811394,7.748779,3.3309761904762,37.841097,3.933653,1.524927,24.70837,3.750524,1.71271,6.183667,8.442651,1.507888,37.003647,0.397203711169,3.6725,0.619384,1,0.59648
1999-06-01,68.129982,1,1.522993,1.7669318181818,1.468962,502.1655,8.277986,32.470137,1691.614667,0.963647,35.744955,7.16124,7.758146,240.287203,74.358571,43.212727,7352.658726,4.089227,120.764182,1168.506251,3.800325,9.518577,1.87704,7.87055,3.3377380952381,37.893862,3.944974,1.576881,24.442482,3.750555,1.710884,6.092389,8.507206,1.537135,36.915919,0.4146656214196,3.6725,0.62661,1,0.603286
1999-07-01,68.270905,1,1.521762,1.8022857142857,1.487532,516.738182,8.2776,32.283127,1814.645484,0.966283,35.270102,7.187915,7.761211,241.954283,74.499545,43.356667,6763.689271,4.096619,119.538746,1187.308757,3.800626,9.381268,1.899473,7.903442,3.32255,38.313764,3.881026,1.59085,24.363034,3.750514,1.696326,6.105321,8.449167,1.549938,37.10596,0.4283330603825,3.6725,0.635496,1,0.611175
1999-08-01,67.207368,1,1.551618,1.8858863636364,1.493133,513.033182,8.277245,31.982745,1878.996129,0.943179,34.344135,7.014975,7.758982,239.112805,72.877143,43.503182,7424.984877,4.202591,113.251455,1196.78715,3.797824,9.388687,1.900878,7.79076,3.3614047619048,39.330234,3.957843,1.608751,24.753195,3.750414,1.67738,6.126887,8.254292,1.509447,38.001115,0.4378721719078,3.6725,0.6226,1,0.615953
1999-09-01,67.582727,1,1.541345,1.8986904761905,1.477749,524.548095,8.277448,31.80234,1975.958,0.952413,34.584311,7.079973,7.766003,243.123126,72.599091,43.598095,8276.419537,4.2467,107.010158,1199.982853,3.800121,9.340701,1.913735,7.835083,3.4181363636364,40.255918,4.086471,1.636637,25.550464,3.750386,1.696221,6.06112,8.222526,1.525348,39.972343,0.4558705102124,3.6725,0.615986,1,0.625411
1999-10-01,66.758743,1,1.53311,1.9688,1.476459,537.9695,8.27749,31.76593,1978.547419,0.934114,34.206451,6.94364,7.768193,240.651462,70.795714,43.55275,7535.358756,4.264048,106.026134,1204.831707,3.79947,9.561564,1.942598,7.742107,3.472375,40.327014,4.111347,1.670463,25.817673,3.750481,1.675059,6.094561,8.15176,1.489262,39.425888,0.4699449867358,3.6725,0.60329,1,0.630749
1999-11-01,68.185364,1,1.564973,1.93135,1.466383,543.71381,8.278225,31.746157,1945.425667,0.967446,35.185669,7.19448,7.77403,246.656542,71.784545,43.458,6997.118746,4.226227,104.700703,1175.990871,3.801478,9.413239,1.95174,7.923487,3.4816904761905,40.422057,4.253243,1.747987,26.388593,3.750514,1.670391,6.140924,8.35146,1.552803,38.750165,0.4990064769959,3.6725,0.616241,1,0.634802
1999-12-01,69.143352,1,1.562582,1.8442173913043,1.474328,538.220952,8.279352,31.620233,1887.473548,0.989142,35.656158,7.359545,7.775884,251.601592,72.467143,43.523913,7138.913703,4.192818,102.589912,1137.055872,3.80161,9.418639,1.967413,8.009726,3.4838409090909,40.598963,4.170168,1.800221,26.943558,3.750391,1.675368,6.146777,8.49326,1.583828,38.229774,0.5292125163569,3.6725,0.619697,1,0.644282
2000-01-01,68.232775,0.9998467667021,1.521435,1.8055024499062,1.448745,520.447619,8.277998,30.825036,1921.886774,0.986733,35.525458,7.345131,7.78086,251.531787,72.3055,43.5645,7263.60949,4.106438,105.09912,1130.308148,3.801121,9.494265,1.945387,8.012918,3.4994523809524,40.477353,4.104493,1.834137,28.309954,3.750481,1.6746,6.12014,8.482142,1.588932,37.350448,0.5449483852936,3.6725,0.610007,1,0.652808
2000-02-01,69.198775,0.999477505639,1.590617,1.789911150812,1.451071,512.850952,8.277001,30.728748,1949.873448,1.016965,36.290206,7.571615,7.781839,260.467069,73.094762,43.61334,7422.076202,4.0552,109.449633,1129.472996,3.800104,9.422759,2.039518,8.236115,3.4559523809524,40.635508,4.147274,1.870612,28.765365,3.750443,1.702122,6.317969,8.655465,1.634143,37.756753,0.563299126409,3.6725,0.625036,1,0.659441
2000-03-01,72.134723,1.0001185817757,1.641265,1.7430369850264,1.460205,504.380435,8.276999,30.694774,1956.305806,1.037009,36.945355,7.722958,7.783131,266.591656,73.627826,43.581364,7462.580913,4.006188,106.38179,1115.897559,3.799353,9.291214,2.040147,8.411114,3.4428695652174,40.953452,4.091986,1.921228,28.482298,3.750348,1.714983,6.471729,8.69869,1.663601,37.896641,0.5800227661324,3.6725,0.633201,1,0.666825
2000-04-01,73.913208,0.9997764065134,1.677002,1.7651185052543,1.466961,508.099474,8.277006,30.484546,1987.950333,1.056359,38.370063,7.870484,7.788483,273.007951,73.914118,43.640426,7762.314627,4.045266,105.529986,1110.304139,3.800367,9.387015,2.016961,8.614198,3.4788888888889,41.210068,4.232241,1.974254,28.61494,3.750615,1.710194,6.632412,8.732177,1.662646,37.983407,0.5954968866006,3.6725,0.631557,1,0.672728
2000-05-01,76.018356,0.9992944305474,1.733249,1.8260941715585,1.495541,521.663182,8.277006,30.752223,2055.52871,1.104003,40.351106,8.232532,7.791191,285.96696,76.501364,44.036222,8353.902452,4.143921,108.278539,1120.56557,3.800261,9.508592,2.136219,9.05125,3.5033181818182,41.884331,4.496233,2.038493,28.320754,3.750491,1.729077,7.040148,9.096947,1.717899,38.959274,0.6171780218266,3.6725,0.663911,1,0.679996
2000-06-01,73.985389,0.9998516858486,1.682372,1.8102577920789,1.476928,529.7375,8.276991,30.816198,2119.746333,1.053652,37.903942,7.860992,7.795158,273.662456,76.1785,44.679311,8611.216895,4.108269,106.10919,1117.918076,3.800954,9.82917,2.125554,8.691442,3.4870238095238,42.692027,4.396533,2.103481,28.243884,3.750605,1.728528,6.92075,8.764073,1.644501,39.079307,0.6158767900892,3.6725,0.662984,1,0.680955
2000-07-01,74.464767,0.9997166815977,1.700538,1.7991327621333,1.477788,542.745238,8.277011,30.954892,2160.239032,1.064348,37.898775,7.938788,7.799129,276.961281,78.165238,44.788872,9163.66266,4.090007,107.903854,1115.183777,3.801243,9.4334,2.170505,8.702428,3.480325,44.481194,4.313214,2.160035,27.840492,3.750743,1.741006,6.877827,8.948011,1.650268,40.266092,0.6275472013549,3.6725,0.663079,1,0.685863
2000-08-01,76.444858,0.9997299098504,1.722853,1.8074669426894,1.482854,550.994545,8.277003,31.090201,2187.267097,1.106222,39.111902,8.249949,7.801159,288.594187,80.054091,45.701215,8438.599219,4.048502,108.124842,1114.561649,3.800987,9.27911,2.246319,8.955577,3.4775454545455,44.924648,4.363298,2.242323,27.774649,3.75073,1.721488,6.959984,9.282948,1.715334,40.886772,0.6457037018237,3.6725,0.671571,1,0.689174
2000-09-01,78.328002,0.9997195666734,1.80624,1.8367398217445,1.484361,565.895,8.277001,31.188108,2214.136667,1.146944,40.648352,8.559291,7.796779,300.896272,83.089048,45.862261,8626.969761,4.038504,106.758782,1116.010425,3.799717,9.348618,2.394663,9.20565,3.4849285714286,45.78543,4.492533,2.36134,27.815325,3.750733,1.739201,7.162619,9.650644,1.755447,41.905361,0.6638721249898,3.6725,0.69701,1,0.69039
2000-10-01,78.860692,0.9996877137342,1.892044,1.8781552124129,1.511394,567.841429,8.277003,31.836467,2176.573548,1.16983,41.212222,8.711852,7.797641,307.564193,85.142273,46.353368,8941.227731,4.100649,108.452308,1128.715584,3.802255,9.535668,2.496421,9.361352,3.5003409090909,48.390966,4.639947,2.454358,27.904114,3.750859,1.751982,7.478655,9.971415,1.769884,43.291143,0.67793454105,3.6725,0.689216,1,0.692863
2000-11-01,78.025755,0.9996037502804,1.91359,1.9459406337861,1.541868,574.597143,8.276988,32.440225,2135.286667,1.167826,40.416125,8.707802,7.798907,308.413184,87.378182,46.762261,9340.718069,4.109903,108.90605,1156.824455,3.799272,9.507378,2.503356,9.336876,3.5284761904762,49.801699,4.554173,2.509317,27.837414,3.750914,1.748117,7.680827,10.077365,1.777009,43.728228,0.6844944111694,3.6725,0.701118,1,0.69577
2000-12-01,75.299295,0.9994739331167,1.830548,1.9642691661431,1.524599,574.628421,8.276996,33.089323,2187.340323,1.114927,38.835829,8.315041,7.799003,295.396125,86.173158,46.739905,9447.572945,4.080981,112.109344,1213.83204,3.799585,9.460618,2.330624,9.066957,3.5195789473684,49.946526,4.319998,2.55604,28.061862,3.750681,1.736436,7.646253,9.65551,1.687471,43.260572,0.6782432732582,3.6725,0.683774,1,0.698845
2001-01-01,73.191905,0.9997044227119,1.800531,1.9558070329671,1.502559,571.116364,8.277,32.673284,2242.312903,1.065941,37.442137,7.956339,7.799613,282.470553,85.044762,46.528458,9478.62599,4.120585,116.783487,1273.511186,3.800789,9.774203,2.249452,8.778353,3.5226818181818,50.739394,4.1131,2.621037,28.410426,3.750618,1.737483,7.779574,9.492632,1.629899,43.157379,0.6716214216478,3.6725,0.676642,1,0.700021
2001-02-01,74.598221,0.999867926021,1.870508,2.0043064540932,1.521981,563.129,8.276998,32.317761,2243.588214,1.085116,37.587585,8.098271,7.799581,288.304507,85.9535,46.507319,9646.022197,4.122304,116.178879,1251.753178,3.799901,9.713532,2.298787,8.911691,3.52845,48.234059,4.087513,2.680242,28.640257,3.75044,1.743142,7.813813,9.741565,1.666454,42.640535,0.7814783575133,3.6725,0.687909,1,0.703358
2001-03-01,75.287108,0.9998557945326,1.987795,2.0911477928194,1.557832,587.785909,8.276993,32.5955,2279.404516,1.099929,38.043234,8.210195,7.799577,293.100319,87.644545,46.617094,10214.334673,4.163435,121.346998,1290.509893,3.799173,9.603442,2.392506,8.974158,3.5197954545455,48.567219,4.063137,2.729768,28.716939,3.750491,1.772028,7.886243,10.039323,1.688816,43.945416,0.9734615188331,3.6725,0.691889,1,0.706061
2001-04-01,76.10954,0.9995246764888,2.000876,2.1946198797616,1.558629,598.628,8.277012,32.920602,2323.194,1.121191,38.742085,8.367738,7.799092,299.347543,93.366471,46.733554,11137.770137,4.176455,123.718129,1326.708232,3.800368,9.335415,2.463712,9.097558,3.5587368421053,50.295739,4.02521,2.7881,28.892052,3.750471,1.81221,8.083782,10.215896,1.713892,45.492651,1.2201285979241,3.6725,0.696983,1,0.710387
2001-05-01,77.780098,0.9997826023376,1.923429,2.2890403070218,1.541287,604.478095,8.277003,33.249424,2347.995161,1.144229,39.330983,8.537235,7.799707,295.493301,100.723333,46.93247,11274.455702,4.14126,121.814769,1296.859528,3.800909,9.141907,2.370743,9.144313,3.6000454545455,50.46303,3.98601,2.850747,29.058843,3.750435,1.813664,7.968263,10.363701,1.754495,45.513498,1.1394863690468,3.6725,0.701599,1,0.714863
2001-06-01,79.261757,0.999833321056,1.930431,2.3795886247331,1.525561,616.0725,8.276991,34.296602,2304.778667,1.172155,39.798993,8.737118,7.799408,289.832685,104.608,47.004085,11318.491355,4.162432,122.242748,1294.121139,3.800944,9.093252,2.413326,9.302277,3.5307575,51.558898,3.970677,2.89561,29.160165,3.75041,1.816379,8.054535,10.796546,1.784592,45.274061,1.2166304393448,3.6725,0.713719,1,0.717265
2001-07-01,78.842695,0.9994268054931,1.96233,2.4651137254863,1.528157,656.455714,8.276995,34.782134,2304.41871,1.16216,39.359883,8.651932,7.79978,289.310793,102.102273,47.130327,10878.12731,4.198987,124.573848,1301.612199,3.799719,9.156202,2.448859,9.263567,3.5033095238095,53.253137,4.202278,2.936232,29.247641,3.750464,1.82327,8.200224,10.765501,1.759072,45.605165,1.3275938988844,3.6725,0.707161,1,0.72272
2001-08-01,76.521611,0.9994696208829,1.907107,2.5080668791719,1.538819,673.703182,8.276996,34.614762,2288.001935,1.110822,37.820929,8.270088,7.799763,278.779245,98.476818,47.125964,8968.622125,4.233425,121.4507,1281.572871,3.800413,9.131029,2.321259,8.946918,3.4915681818182,51.838995,4.246807,2.981156,29.370503,3.750439,1.760982,8.3087,10.34081,1.682094,44.895132,1.4050758130235,3.6725,0.69607,1,0.731974
2001-09-01,75.974779,0.9997873322438,1.978992,2.6648466866452,1.56507,681.241765,8.277007,34.578422,2327.738333,1.0978,37.496778,8.169065,7.799693,280.934043,100.0405,47.632039,9298.590809,4.33291,118.778284,1293.145853,3.800717,9.413294,2.389858,8.780454,3.490025,51.283578,4.22234,3.02438,29.458901,3.750595,1.748381,8.656116,10.618627,1.637367,44.33453,1.4823463540186,3.6725,0.683739,1,0.743463
2001-10-01,76.146441,0.9995557467902,1.98205,2.7390246074731,1.570277,708.098182,8.276987,34.54667,2320.004839,1.10405,37.039018,8.210481,7.799718,281.769615,102.519565,48.009071,10086.793513,4.319178,121.280899,1301.044012,3.799969,9.351514,2.413337,8.828639,3.4600681818182,51.767455,4.135603,3.078856,29.568878,3.750548,1.810204,9.28793,10.573404,1.633148,44.733891,1.6108563491633,3.6725,0.688862,1,0.743224
2001-11-01,77.139556,0.998422198492,1.932968,2.5511852520074,1.593234,689.401429,8.277007,34.487686,2310.336333,1.125853,37.478862,8.382116,7.799548,282.978468,107.295909,47.986855,10563.945602,4.239154,122.348834,1280.432978,3.79968,9.220823,2.400403,8.919238,3.439575,51.974261,4.091841,3.129331,29.82866,3.750355,1.829818,9.735053,10.601065,1.650774,44.393197,1.5198882985694,3.6725,0.696211,1,0.745098
2001-12-01,77.058488,0.9999367709266,1.944108,2.368394497752,1.577344,669.137895,8.276996,34.643338,2306.130323,1.120677,36.457856,8.341347,7.798891,277.15463,104.745,47.873233,10263.615209,4.266539,127.058632,1285.38317,3.800424,9.161157,2.404401,8.955338,3.43536,51.798268,4.020961,3.154557,30.16514,3.750314,1.836538,11.62816,10.574316,1.652947,43.921586,1.45454110187,3.6725,0.694931,1,0.753643
2002-01-01,77.353812,0.9993060569244,1.935346,2.3782585925797,1.600235,667.281818,8.277003,35.02563,2276.966774,1.132378,36.310071,8.416766,7.798876,276.110875,102.435238,48.310959,10390.924453,4.536321,132.600256,1314.201045,3.800373,9.163775,2.357898,8.96844,3.45975,51.385804,4.067751,3.206074,30.586231,3.750274,1.839329,11.605998,10.448918,1.669645,44.026486,1.3680812699428,3.6725,0.698152,1,0.762404
2002-02-01,78.687968,2.0748569232614,1.949735,2.4247141089633,1.595325,678.835,8.277,35.071205,2285.958571,1.149406,36.538309,8.53995,7.799387,279.895428,101.3145,48.658619,10227.0791,4.656873,133.594942,1318.539766,3.799911,9.096062,2.387438,8.948434,3.4766,51.286034,4.186046,3.221833,30.866414,3.75026,1.831565,11.488739,10.554626,1.698232,43.822161,1.3602347730642,3.6725,0.702972,1,0.898514
2002-03-01,79.113422,2.4905251285681,1.906286,2.3475442666,1.587421,663.264,8.276993,35.013976,2280.249032,1.141855,35.876486,8.486693,7.799526,279.500249,100.389474,48.713602,9911.226112,4.670493,131.021657,1321.40981,3.800042,9.06791,2.31353,8.81306,3.4562368421053,51.064739,4.136819,3.275118,31.102031,3.750248,1.828689,11.528359,10.344503,1.676066,43.381086,1.3617775611645,3.6725,0.70306,1,0.922657
2002-04-01,79.995599,2.9785972232559,1.866974,2.319211466366,1.581399,650.820952,8.276997,34.908503,2263.599,1.128958,34.24837,8.392764,7.799493,273.504279,97.2905,48.899203,9483.877505,4.805439,130.745773,1313.19496,3.800228,9.162034,2.257332,8.605265,3.4388181818182,50.95635,4.057859,3.310596,31.206105,3.750273,1.827859,11.076228,10.313265,1.654815,43.419784,1.3207745397464,3.6725,0.693239,1,0.871376
2002-05-01,79.703271,3.3607004884199,1.81728,2.4757147622667,1.549755,653.9065,8.277005,34.447123,2308.602258,1.090641,33.320658,8.109601,7.799461,265.896995,91.892,48.966437,9104.915882,4.893347,126.364753,1254.40505,3.799825,9.512865,2.166131,8.2029,3.4514090909091,49.84326,4.048598,3.347701,31.275495,3.750274,1.800089,10.126746,10.057246,1.589292,42.780074,1.4024635627424,3.6725,0.685098,1,0.985796
2002-06-01,79.536624,3.6704593367237,1.757588,2.7071464298511,1.531116,673.766,8.276993,33.984967,2361.138,1.04703,31.730424,7.782618,7.799871,254.106262,89.225263,48.947938,8714.367843,4.93758,123.329232,1214.940451,3.800816,9.769965,2.042865,7.752765,3.4806657894737,50.450094,4.029671,3.339579,31.45156,3.75034,1.782512,10.174717,9.542707,1.541363,42.148951,1.5365793629127,3.6725,0.674292,1,1.212067
2002-07-01,79.745361,3.6439286280271,1.806297,2.9167477397686,1.5442,696.334348,8.277,33.399139,2506.290968,1.008023,29.963721,7.489694,7.799883,248.704232,85.563043,48.74305,8979.983327,4.717941,118.045675,1178.506986,3.799945,9.777066,2.080899,7.464066,3.5329761904762,50.643692,4.12069,3.300445,31.546687,3.75027,1.753375,10.093346,9.342387,1.474127,41.251802,1.6634303965016,3.6725,0.643803,1,1.317375
2002-08-01,79.702991,3.6245845211783,1.845641,3.1152978856056,1.568205,702.304762,8.276997,33.976978,2645.796452,1.022781,31.497479,7.596168,7.799946,250.888452,86.121905,48.564592,8925.450713,4.675331,118.955994,1193.650195,3.800283,9.83247,2.155661,7.597655,3.570119047619,51.825964,4.17655,3.307931,31.58934,3.75035,1.75552,10.59508,9.459503,1.496972,42.183013,1.6391001404831,3.6725,0.650823,1,1.379728
2002-09-01,79.208869,3.6582487130185,1.827758,3.3225800884607,1.573707,726.978947,8.276991,34.563194,2755.753333,1.019648,30.783051,7.573021,7.799768,248.676896,87.51,48.414563,8955.853844,4.771188,120.708722,1205.770805,3.799517,10.066483,2.12546,7.50646,3.6190238095238,52.146486,4.150097,3.310906,31.651523,3.750457,1.766015,10.602259,9.347623,1.493687,42.827701,1.6520736397897,3.6725,0.642961,1,1.458389
2002-10-01,79.367345,3.6789459293067,1.817369,3.7992502438272,1.577898,742.317391,8.276994,34.953794,2830.105161,1.019279,31.251901,7.572948,7.799396,248.225999,87.713043,48.337458,9145.163179,4.799454,123.915857,1235.247194,3.799606,10.09171,2.077336,7.482225,3.6149952380952,52.945965,4.121264,3.323469,31.714202,3.750322,1.784858,10.309259,9.280613,1.49323,43.632381,1.6570308063313,3.6725,0.642083,1,1.440502
2002-11-01,79.283589,3.5566334491778,1.782332,3.5804436442296,1.571387,709.4765,8.277008,34.705252,2731.332333,0.99869,30.712431,7.418221,7.799195,237.933224,86.062857,48.235158,9066.483159,4.687211,121.490168,1206.561741,3.799655,10.191717,2.012736,7.309377,3.583275,53.32007,3.951781,3.354652,31.834082,3.750286,1.764241,9.64415,9.069859,1.465383,43.313054,1.604307514893,3.6725,0.636254,1,1.358607
2002-12-01,79.482064,3.5318136592851,1.775269,3.6331906052163,1.558657,701.949,8.277008,34.858079,2814.19,0.982314,30.639653,7.295099,7.798563,231.901514,83.534737,48.123532,8926.381941,4.693649,122.001949,1205.000805,3.801318,10.222706,1.959429,7.165715,3.5142380952381,53.520453,3.91514,3.363808,31.872144,3.750357,1.753986,8.94342,8.934655,1.442061,43.329199,1.589398121686,3.6725,0.630761,1,1.328286
2003-01-01,79.413089,3.282751293875,1.715489,3.4374664679262,1.54083,722.477727,8.277002,34.608615,2905.504839,0.941649,29.651734,6.998701,7.799116,226.307063,79.501905,47.906379,8889.570786,4.838795,118.738412,1176.95638,3.800104,10.612881,1.85016,6.903819,3.4939545454545,53.593187,3.832035,3.346101,31.843749,3.750186,1.735432,8.692487,8.637378,1.376724,42.765777,1.6637366010256,3.6725,0.618716,1,1.714452
2003-02-01,79.576697,3.1775884785978,1.681255,3.5878728067898,1.512991,745.2135,8.277009,34.774082,2950.542143,0.928272,29.371307,6.8986,7.79934,227.538026,77.6755,47.713657,8895.516206,4.867426,119.377724,1190.809908,3.800362,10.929666,1.806113,7.002716,3.48395,54.133233,3.866731,3.286246,31.668108,3.750215,1.745384,8.29379,8.489405,1.362137,42.888943,1.6359098204802,3.6725,0.621734,1,1.651079
2003-03-01,79.665521,3.0907933985749,1.661299,3.4615504653492,1.475379,743.283333,8.277006,34.723942,2958.639032,0.925589,29.3877,6.874717,7.798945,227.324545,78.041905,47.613206,8925.656047,4.780241,118.610842,1235.942614,3.800484,10.920856,1.804388,7.261153,3.4791595238095,54.517937,4.013486,3.316321,31.449788,3.75019,1.754126,8.048762,8.539655,1.360173,42.776361,1.6700848211116,3.6725,0.6317,1,1.6
2003-04-01,79.685858,2.9113501096739,1.642399,3.1310248315391,1.461347,718.253333,8.277001,34.829751,2925.658333,0.922013,29.152539,6.846453,7.799417,226.434664,77.066667,47.363131,8811.672201,4.613664,119.94969,1233.014959,3.800403,10.597719,1.816281,7.220933,3.464625,52.75291,3.9621,3.371581,31.204363,3.750218,1.777513,7.672587,8.440402,1.379605,42.929932,1.6297425637838,3.6725,0.635245,1,1.6
2003-05-01,79.246653,2.8391119364971,1.542849,2.9560983183211,1.383058,703.58,8.276986,34.716533,2856.165484,0.863654,27.107596,6.412273,7.798508,212.261509,72.9625,47.063353,8411.73938,4.475338,117.279024,1200.22601,3.800278,10.258875,1.734282,6.798173,3.4811476190476,52.53479,3.74282,3.249908,30.909981,3.750232,1.73343,7.685739,7.907167,1.308835,42.165273,1.4859449270444,3.6725,0.615894,1,1.6
2003-06-01,79.105081,2.8141368397962,1.504943,2.8861907421807,1.354565,709.1845,8.276998,34.616885,2827.413333,0.857526,26.937105,6.367128,7.798682,224.010502,74.044211,46.667057,8224.5781,4.382104,118.372443,1193.811949,3.799381,10.508261,1.720716,6.999364,3.4787619047619,53.365725,3.802369,3.263468,30.463734,3.750381,1.734939,7.900761,7.81938,1.321549,41.655085,1.4267897536146,3.6725,0.602131,1,1.6
2003-07-01,77.749097,2.7967832494939,1.511229,2.8755236740246,1.380153,701.140435,8.276993,34.408298,2859.199677,0.879439,28.037041,6.537036,7.798995,231.931849,77.14,46.188705,8336.87209,4.371796,118.701607,1180.330426,3.800082,10.458455,1.704879,7.290182,3.4714047619048,53.748786,3.90198,3.266763,30.356211,3.750357,1.754853,7.549506,8.078184,1.361017,41.78414,1.4042339153985,3.6725,0.616005,1,1.6
2003-08-01,77.5935,2.9231329613096,1.536541,3.0028781493061,1.397856,703.7725,8.276997,34.335521,2865.230645,0.898038,28.996652,6.674377,7.799236,233.070079,79.8335,45.90486,8512.203224,4.452827,118.829985,1178.422022,3.800332,10.778442,1.718178,7.414546,3.4802619047619,55.011406,3.924192,3.337329,30.366174,3.750305,1.753408,7.395607,8.296045,1.382969,41.663409,1.404245270895,3.6725,0.62782,1,1.6
2003-09-01,77.663197,2.9259970526228,1.5127,2.9225774444013,1.366352,675.442,8.277007,33.98798,2840.675333,0.891532,28.849984,6.621654,7.786705,227.769896,79.181364,45.795912,8455.054314,4.462648,114.946627,1164.772584,3.797873,10.924365,1.713945,7.307006,3.4811363636364,54.995433,3.978159,3.379833,30.601324,3.750327,1.746033,7.321427,8.085894,1.379458,40.483206,1.3783817779708,3.6725,0.621316,1,1.6
2003-10-01,76.454823,2.8637287543024,1.442636,2.8624870906129,1.324754,646.069565,8.276992,33.886184,2873.949677,0.85532,27.360187,6.355123,7.742985,218.770307,76.225652,45.374014,8439.753429,4.446803,109.580249,1167.230116,3.800453,11.166533,1.663234,7.037066,3.4786363636364,54.976291,3.930338,3.31889,30.12328,3.750257,1.734713,6.974397,7.70681,1.324454,39.740458,1.4360900931021,3.6725,0.596683,1,1.6
2003-11-01,71.088595,2.8703075060382,1.396282,2.9095699054986,1.312811,625.467,8.276997,34.049822,2846.541333,0.854767,27.330671,6.356917,7.762452,221.636589,75.8005,45.518612,8501.851676,4.485651,109.249395,1186.105254,3.800313,11.13606,1.590498,7.006819,3.47805,55.403279,3.94654,3.412541,29.799569,3.750275,1.729128,6.737381,7.687748,1.332704,39.918448,1.4757768288989,3.6725,0.592093,1,1.6
2003-12-01,69.893694,2.9543588751174,1.353432,2.9256337893951,1.312954,602.9045,8.276994,34.044638,2806.553548,0.814114,26.318917,6.058556,7.764046,215.560569,73.074,45.519531,8485.010748,4.389635,107.801899,1191.549597,3.798742,11.247003,1.545117,6.708855,3.4715714285714,55.425155,3.793254,3.302845,29.407049,3.750313,1.71068,6.504367,7.345098,1.265453,39.716042,1.4340254109791,3.6725,0.571451,1,1.599864
2004-01-01,71.516535,2.9089348305425,1.298274,2.8541518041763,1.296086,573.641429,8.276996,33.668768,2750.816774,0.792891,25.948073,5.90554,7.765795,209.574373,69.4335,45.401928,8381.98623,4.424726,106.341606,1183.057157,3.798672,10.916272,1.486689,6.813145,3.4675714285714,55.516961,3.736859,3.259193,28.823219,3.750209,1.697873,6.961363,7.244616,1.241408,39.091168,1.346397628677,3.6725,0.548782,1,1.6
2004-02-01,71.050159,2.9316520121543,1.285879,2.9324036136452,1.329894,584.306,8.277007,33.236557,2718.254828,0.790819,25.984421,5.892487,7.774091,208.093668,68.5125,45.25395,8435.128383,4.463434,106.582616,1166.18496,3.801981,11.034704,1.444205,6.939323,3.4839,56.134439,3.840843,3.20763,28.520447,3.750205,1.686191,6.765722,7.256947,1.244293,39.101333,1.3305744398943,3.6725,0.535303,1,1.818947
2004-03-01,71.392188,2.9138380746693,1.335097,2.90749820702,1.330482,603.912174,8.277004,33.307613,2670.924194,0.815598,26.90281,6.075634,7.792392,206.61171,71.050435,44.938093,8580.036206,4.506956,108.56468,1165.72046,3.800339,11.008461,1.514282,6.965534,3.4653913043478,56.299402,3.885581,3.264864,28.534612,3.750171,1.699457,6.632574,7.531818,1.278053,39.451562,1.3215112556652,3.6725,0.547457,1,1.92
2004-04-01,71.118802,2.8423616687644,1.347027,2.9033003725189,1.340862,608.187143,8.273703,33.014568,2641.568667,0.83446,27.134965,6.21138,7.79707,208.968087,73.075556,43.915586,8623.979444,4.547475,107.717074,1152.79328,3.800295,11.270205,1.562867,6.923352,3.47,55.937372,3.971923,3.394645,28.735716,3.75035,1.684899,6.583947,7.64783,1.2973,39.44859,1.3665579534669,3.6725,0.555201,1,1.92
2004-05-01,71.065582,2.9130944995829,1.418766,3.0846899450527,1.377713,635.7575,8.267444,33.496511,2719.518065,0.832926,26.634374,6.19737,7.796813,210.672149,73.378421,45.158763,9006.794334,4.586183,112.015272,1176.270274,3.798831,11.508529,1.622962,6.836162,3.4875714285714,55.808372,3.93245,3.3778,28.98414,3.750245,1.710833,6.783167,7.602844,1.282748,40.516182,1.5147085027814,3.6725,0.559379,1,1.91976
2004-06-01,71.110972,2.9660904947185,1.440422,3.1338539350286,1.358689,643.4965,8.281943,33.648946,2716.460333,0.823884,26.046493,6.124931,7.797456,208.467822,72.146667,45.482246,9391.281344,4.519338,109.455505,1158.467293,3.800112,11.386249,1.590094,6.826709,3.4775238095238,56.008514,3.782,3.357544,29.032618,3.75029,1.712896,6.435227,7.532866,1.251617,40.808077,1.4946647009498,3.6725,0.547275,1,1.92
2004-07-01,71.486152,2.9636299950006,1.397186,3.0434936141132,1.322388,632.393636,8.284922,33.895249,2651.130645,0.815355,25.721063,6.062556,7.799887,203.745249,71.519545,46.025296,9038.009733,4.496196,109.322561,1158.271427,3.800371,11.470536,1.546071,6.910144,3.4416,55.938966,3.640456,3.339857,29.086955,3.750306,1.711769,6.12652,7.498242,1.245116,40.942737,1.4547008888498,3.6725,0.542817,1,1.92
2004-08-01,72.253335,3.0166462781085,1.408404,3.0076558503621,1.314659,635.931818,8.281052,34.117957,2599.370645,0.821368,25.983536,6.108098,7.799658,204.40452,71.499048,46.296146,9252.457047,4.535386,110.497178,1157.520774,3.80041,11.393167,1.528103,6.843521,3.3957619047619,55.862438,3.639459,3.363172,29.226262,3.750281,1.7154,6.449297,7.545015,1.263883,41.514704,1.478368223227,3.6725,0.549815,1,1.92
2004-09-01,72.188634,3.0048812904989,1.423944,2.8938956489077,1.290566,616.551905,8.277545,33.907104,2553.415667,0.818521,25.866316,6.088221,7.799242,202.713887,71.730455,46.030606,9183.490326,4.490779,110.086791,1148.368596,3.800276,11.483024,1.517422,6.843146,3.3579545454545,56.226588,3.580954,3.361994,29.21977,3.75025,1.695789,6.543639,7.442099,1.263035,41.471838,1.5047870214454,3.6725,0.557648,1,1.92
2004-10-01,72.78013,2.9770113354911,1.365308,2.854009593827,1.24929,607.2785,8.28061,33.824844,2580.235161,0.800834,25.218611,5.956516,7.789227,197.555341,70.156667,45.735877,9103.909806,4.459703,108.89041,1142.007716,3.801584,11.401713,1.463842,6.595087,3.32135,56.370643,3.458116,3.290015,29.066186,3.750232,1.677269,6.396566,7.257134,1.235461,41.312378,1.4895681467994,3.6725,0.5537,1,1.91808
2004-11-01,72.69092,2.9551429694043,1.298552,2.7916730611551,1.196279,596.72,8.277495,32.772089,2530.164333,0.769859,24.08762,5.721089,7.776598,188.888742,67.101818,45.077849,9024.362265,4.404467,104.768539,1086.511006,3.800484,11.370809,1.42733,6.267764,3.3104285714286,56.297669,3.277838,3.068178,28.573815,3.750267,1.65091,6.048858,6.92771,1.171512,40.307997,1.4498752152767,3.6725,0.537823,1,1.9152
2004-12-01,72.115072,2.9671024526576,1.302496,2.71940409411,1.218188,576.17,8.276458,32.222137,2413.289032,0.745911,22.85242,5.544918,7.776473,183.347103,62.731818,43.918642,9234.878599,4.342402,103.781079,1050.7803,3.800852,11.204859,1.397546,6.131787,3.2813636363636,56.189346,3.084926,2.886162,27.907488,3.75019,1.641034,5.732251,6.699608,1.145973,39.215513,1.3954962995405,3.6725,0.518367,1,1.9152
2005-01-01,72.243225,2.9635667409721,1.307015,2.6967327789588,1.224194,574.119524,8.277004,31.936415,2364.517742,0.762311,23.100887,5.671978,7.795355,187.896645,62.6555,43.719175,9202.231755,4.379518,103.384043,1038.13811,3.800622,11.265542,1.419291,6.260424,3.2684761904762,55.692761,3.10976,2.909293,27.952722,3.750274,1.638863,5.97563,6.897205,1.179198,38.761824,1.3554893591878,3.6725,0.53257,1,1.9152
2005-02-01,72.33587,2.919875576001,1.281025,2.6010181816888,1.239286,573.584,8.276993,31.508456,2339.622857,0.768493,23.022171,5.71964,7.799713,187.276976,62.014,43.664336,9251.258174,4.371281,104.92694,1022.257309,3.800269,11.141393,1.398039,6.394235,3.2591,54.79011,3.063894,2.822935,27.963918,3.750346,1.638836,6.021002,6.981953,1.191308,38.48,1.3143827014768,3.6725,0.530001,1,1.9152
2005-03-01,71.829769,2.9233742218871,1.273266,2.705841734893,1.216972,586.482727,8.276999,31.12264,2356.807419,0.757648,22.557557,5.641895,7.799635,185.487328,59.946,43.651583,9376.552114,4.328262,105.181809,1007.169538,3.800324,11.153143,1.369927,6.203725,3.2595238095238,54.425182,3.040201,2.749827,27.635623,3.75021,1.630487,6.033942,6.885965,1.173891,38.567553,1.3133094920767,3.6725,0.52452,1,2.124652
2005-04-01,72.269137,2.9117253339864,1.293726,2.5806872180055,1.235973,580.455714,8.276493,31.526099,2351.016333,0.772948,23.291524,5.7584,7.798744,191.835728,62.3125,43.700283,9555.334251,4.371755,107.312797,1010.091112,3.799923,11.119302,1.388788,6.319878,3.2582,54.441218,3.212253,2.804095,27.809614,3.750262,1.65211,6.156461,7.085608,1.196118,39.546838,1.363822604164,3.6725,0.527874,1,2.1446
2005-05-01,72.832572,2.8979089701897,1.305576,2.4531842452542,1.25595,578.309048,8.276517,31.300612,2339.345484,0.787919,23.812015,5.865505,7.791057,198.533177,64.8315,43.486283,9479.705309,4.378063,106.66044,1002.342276,3.799983,10.977216,1.391861,6.36705,3.2551904761905,54.332254,3.289431,2.850251,27.946512,3.750277,1.651427,6.34457,7.243424,1.217213,39.83591,1.3704906895574,3.6725,0.538946,1,2.1446
2005-06-01,73.29112,2.8883102941328,1.304937,2.4160885015615,1.242152,585.473333,8.276496,31.365079,2331.444333,0.822078,24.689866,6.120255,7.776219,204.724127,65.140952,43.561008,9631.477252,4.482088,108.692609,1012.055714,3.800602,10.825889,1.411892,6.488823,3.2530952380952,55.255034,3.338043,2.970669,28.521303,3.750258,1.672243,6.75671,7.615179,1.265285,40.933447,1.3612862389785,3.6725,0.54991,1,2.1446
2005-07-01,73.538928,2.87204558299,1.329451,2.3736952736441,1.223772,575.76619,8.220864,31.922329,2322.786774,0.830808,25.073224,6.196503,7.775064,204.769424,65.114762,43.509885,9806.30897,4.561735,111.944126,1037.271352,3.787464,10.689888,1.47316,6.579984,3.2523684210526,55.988662,3.405044,2.961633,28.704452,3.750326,1.682959,6.712479,7.832501,1.29424,41.703174,1.3402696031813,3.6725,0.57121,1,2.1446
2005-08-01,72.978673,2.8781334094373,1.313411,2.3608094153323,1.205563,546.609545,8.10168,32.100213,2306.767419,0.813541,24.076302,6.06871,7.771363,198.902622,63.690455,43.614763,9993.175081,4.510584,110.625366,1021.259806,3.759729,10.687891,1.43791,6.440423,3.2577272727273,55.943745,3.289622,2.850213,28.482938,3.750357,1.662746,6.46828,7.598376,1.263288,41.167288,1.3451357407215,3.6725,0.55748,1,2.1446
2005-09-01,72.541334,2.9046765664114,1.306221,2.3007377285288,1.179031,536.700476,8.091871,32.916533,2295.474667,0.816052,23.92572,6.086486,7.762246,200.630332,62.116364,43.89609,10232.955676,4.543362,111.029225,1029.282756,3.768676,10.780864,1.429248,6.372318,3.3077272727273,56.119012,3.195461,2.864288,28.374339,3.750543,1.681094,6.359237,7.617382,1.264603,41.044158,1.3406165511106,3.6725,0.552959,1,2.1446
2005-10-01,72.840822,2.9543138608609,1.326488,2.2587497419931,1.177634,535.497,8.089293,33.484197,2292.72,0.832351,24.699813,6.210976,7.756563,209.625735,60.99619,44.836016,10086.404826,4.629036,114.904814,1045.964547,3.772933,10.841494,1.432666,6.521235,3.3809523809524,55.581563,3.265122,2.996155,28.570904,3.751271,1.691809,6.58677,7.842573,1.289296,40.911788,1.3592774673046,3.6725,0.56713,1,2.1446
2005-11-01,73.481452,2.9835442475899,1.360147,2.2131203426889,1.183129,529.881429,8.083792,33.582477,2279.736,0.848554,24.833418,6.329865,7.754284,213.022182,61.872273,45.680675,10041.300105,4.700666,118.447248,1040.549741,3.778675,10.675877,1.449933,6.643803,3.3763333333333,54.520688,3.36888,3.100797,28.780153,3.75076,1.698459,6.661021,8.113265,1.310905,41.126539,1.3603754821413,3.6725,0.576448,1,2.14466
2005-12-01,73.083971,3.0154500158137,1.347792,2.2800789312099,1.16209,514.330952,8.07571,33.309078,2278.539355,0.843503,24.438245,6.287586,7.753542,213.140857,63.52619,45.623186,9847.809627,4.612904,118.579271,1022.560225,3.778278,10.630454,1.439867,6.72571,3.4245238095238,53.521415,3.247655,3.086271,28.807721,3.750877,1.674716,6.362914,7.955516,1.30562,41.103249,1.3527533488629,3.6725,0.572926,1,2.144619
2006-01-01,73.21835,3.0731635919199,1.33457,2.274411814445,1.1588,524.476818,8.066496,32.094191,2273.710968,0.8263,23.734034,6.165226,7.754232,207.162936,61.498571,44.32697,9480.02275,4.621653,115.525045,983.314467,3.753253,10.555591,1.455529,6.640522,3.3935454545455,52.541075,3.156576,3.011877,28.365181,3.750868,1.632791,6.099043,7.693975,1.280295,39.634392,1.3350914946645,3.6725,0.566827,1,2.14464
2006-02-01,73.417683,3.0691107819704,1.348794,2.1601666696003,1.149512,525.7045,8.051049,32.334934,2255.771429,0.837665,23.795341,6.252406,7.759879,210.733014,64.1945,44.278058,9254.900167,4.704792,117.910723,969.95557,3.726374,10.487123,1.486116,6.751022,3.2891,51.745293,3.178145,2.964545,28.211763,3.750754,1.629054,6.121421,7.825215,1.305118,39.380654,1.3259575903268,3.6725,0.572105,1,2.144621
2006-03-01,73.541609,3.0767740870745,1.375964,2.1533298476335,1.157945,528.77087,8.035039,32.488847,2261.91871,0.831988,23.836207,6.207593,7.759589,217.010746,69.625652,44.406351,9159.370383,4.692074,117.274318,974.927639,3.703372,10.747489,1.576833,6.637237,3.339652173913,51.164396,3.231102,2.918102,27.868926,3.7509,1.621166,6.253816,7.822235,1.305433,38.965761,1.337048380327,3.6725,0.573511,1,2.1446
2006-04-01,72.963412,3.0683108524747,1.358037,2.1305328101882,1.14521,517.326316,8.015585,32.303754,2335.137667,0.815017,23.229117,6.081472,7.756535,216.367382,74.48625,44.895759,8929.443916,4.580372,117.025997,952.442509,3.660615,11.032758,1.608319,6.391022,3.3317777777778,51.399936,3.193198,2.843838,27.544709,3.750896,1.600835,6.084027,7.607987,1.283521,37.99371,1.3349986289651,3.6725,0.566133,1,2.1446
2006-05-01,72.065693,3.0565912736376,1.308946,2.1758795753665,1.109878,520.794091,8.015362,31.773064,2418.649355,0.783143,22.140255,5.839504,7.754259,205.467833,71.735238,45.349044,9033.568685,4.479307,111.758494,941.322393,3.610681,11.088805,1.584941,6.107479,3.2793181818182,52.170252,3.050483,2.746509,27.048046,3.749974,1.576659,6.331335,7.307481,1.2189,38.006736,1.4405846583596,3.6725,0.535125,1,2.144545
2006-06-01,73.230845,3.0819385200335,1.352153,2.2536326261766,1.113802,542.46,8.006742,32.475152,2542.22,0.790583,22.441646,5.895027,7.763697,215.384047,74.72381,45.964287,9368.681761,4.475466,114.722965,954.704724,3.665258,11.391298,1.617758,6.211012,3.264380952381,53.170687,3.183283,2.806797,27.003947,3.75064,1.591269,6.992244,7.301018,1.233406,38.373683,1.6016423111078,3.6725,0.542856,1,2.1446
2006-07-01,73.737649,3.0826999562105,1.329955,2.188801218349,1.127755,540.620476,7.990387,32.631903,2513.698387,0.788455,22.429835,5.881999,7.773755,218.783909,74.369048,46.426473,9132.095788,4.435825,115.664792,950.769986,3.668366,10.989578,1.620174,6.259209,3.24345,52.265336,3.150799,2.815976,26.916347,3.750429,1.58344,7.08745,7.267341,1.236826,37.99933,1.5541807680478,3.6725,0.542298,1,2.144565
2006-08-01,72.854689,3.0791552579186,1.310445,2.1571051204882,1.119162,538.527273,7.97274,32.789868,2388.983548,0.780571,22.007331,5.823785,7.776517,214.197447,70.396364,46.505511,9093.521393,4.379885,115.941304,961.200373,3.674717,10.877906,1.578327,6.23833,3.2346818181818,51.292676,3.047809,2.753137,26.754288,3.750474,1.575607,6.94966,7.188892,1.231374,37.617058,1.4676216799365,3.6725,0.528202,1,2.1446
2006-09-01,72.210667,3.0998002853942,1.323108,2.1671664428565,1.115974,538.652632,7.933299,32.906486,2398.708667,0.785721,22.301444,5.861563,7.782509,215.610468,70.149524,46.058559,9150.523504,4.35307,117.066152,952.770813,3.671182,10.979187,1.528383,6.487965,3.2480952380952,50.307599,3.115307,2.771551,26.757278,3.75052,1.57937,7.42937,7.280761,1.244635,37.43067,1.4826610496025,3.6725,0.530446,1,2.1446
2006-10-01,73.927342,3.0993868981472,1.326835,2.149696018995,1.128826,530.954762,7.901946,33.191865,2361.796452,0.792983,22.433426,5.912108,7.785921,211.798316,68.487727,45.40484,9174.113413,4.27537,118.670875,953.406217,3.678553,10.901475,1.511884,6.658025,3.2377272727273,49.974162,3.093664,2.790546,26.869643,3.750252,1.578428,7.650406,7.337672,1.260691,37.323211,1.4791588948228,3.6725,0.533315,1,2.1446
2006-11-01,72.242168,3.0707345471001,1.295325,2.152376369277,1.136102,527.437143,7.863102,32.821017,2290.438,0.776416,21.762417,5.789301,7.782261,200.971103,69.185455,44.782728,9138.636344,4.29196,117.312999,935.499152,3.643098,10.915061,1.495499,6.401258,3.2224761904762,49.829101,2.96969,2.71409,26.598226,3.75046,1.556485,7.268287,7.066271,1.236263,36.52701,1.4583389122402,3.6725,0.523267,1,2.1446
2006-12-01,71.261196,3.0612489774798,1.272595,2.1507770118716,1.151331,527.582105,7.822403,32.509693,2260.705484,0.756861,21.023311,5.642352,7.773117,192.215012,69.356316,44.549788,9084.448352,4.202475,117.183837,925.131058,3.550282,10.856754,1.445089,6.174135,3.2056315789474,49.401492,2.885541,2.583652,26.286631,3.750407,1.540502,7.045437,6.840278,1.208669,35.741857,1.4319191946578,3.6725,0.509256,1,2.1446
2007-01-01,71.806748,3.085709569304,1.277255,2.1405507150996,1.175894,540.51,7.788257,32.766681,2236.202258,0.769353,21.419735,5.734679,7.80006,195.33053,70.067619,44.242281,9075.12778,4.232105,120.449895,936.916267,3.507723,10.948923,1.438595,6.368832,3.1929090909091,48.891518,2.984806,2.60983,26.509418,3.750666,1.537323,7.189076,6.985474,1.242865,35.271273,1.4260266402441,3.6725,0.510366,1,2.1446
2007-02-01,71.472745,3.1026820029539,1.278031,2.0935031018399,1.170989,542.2665,7.75011,32.972342,2227.569643,0.764899,21.595179,5.701634,7.811557,193.74893,67.3665,44.058014,9067.75011,4.21577,120.546543,937.1445,3.495893,10.990643,1.442551,6.186256,3.19075,48.314726,2.978739,2.587149,26.316783,3.750522,1.533488,7.174375,7.028736,1.240021,33.987545,1.3966418635643,3.6725,0.510931,1,2.1446
2007-03-01,71.760202,3.1017403043737,1.261611,2.0897930330222,1.168464,538.487727,7.738153,33.021268,2202.844516,0.755213,21.189324,5.625892,7.813423,188.710476,66.979545,43.796399,9171.341928,4.203914,117.231931,943.101906,3.489979,11.115601,1.431374,6.142885,3.186,48.384367,2.934766,2.544503,26.105691,3.749686,1.524446,7.357084,7.022811,1.217693,32.716051,1.409243147625,3.6725,0.513708,1,2.1446
2007-04-01,70.62222,3.0875605246707,1.208713,2.0326954269858,1.134604,532.301,7.724155,33.153431,2144.900667,0.739896,20.727759,5.514429,7.815377,182.012561,65.284118,41.911926,9093.604542,4.076696,118.882925,930.754317,3.436632,10.986665,1.360976,6.007556,3.1786842105263,47.664218,2.822367,2.466677,25.825674,3.750486,1.514953,7.109678,6.834907,1.211526,32.560688,1.3586205819326,3.6725,0.502632,1,2.1446
2007-05-01,70.769246,3.0815607394673,1.212176,1.9838219814979,1.095032,522.01619,7.67417,33.270313,2009.415484,0.740134,20.894964,5.515374,7.818766,183.868603,63.119,40.668588,8827.727122,3.999102,120.804112,927.581911,3.401676,10.820558,1.364906,6.024252,3.1678181818182,46.72586,2.79915,2.430272,25.830384,3.750386,1.523261,7.020642,6.813804,1.22166,32.940393,1.3343532082498,3.6725,0.504291,1,2.1446
2007-06-01,70.201204,3.0771190142252,1.18719,1.9327180306862,1.065202,526.719048,7.632342,32.97174,1923.534333,0.745255,21.274138,5.548588,7.81408,186.534703,62.790952,40.686498,8985.048179,4.182252,122.632672,928.11496,3.445836,10.838536,1.321936,6.006073,3.17055,46.181655,2.837532,2.402957,25.915173,3.750511,1.536598,7.169212,6.952634,1.232854,32.411856,1.3211587431375,3.6725,0.503512,1,2.1446
2007-07-01,69.510965,3.1118849914613,1.152689,1.8813956543899,1.051188,519.8045,7.575348,32.80144,1951.843548,0.729123,20.67804,5.425393,7.819375,180.024269,60.615455,40.342684,9070.863109,4.24848,121.587087,918.4531,3.440224,10.805334,1.272051,5.787877,3.1612272727273,45.51051,2.747505,2.28545,25.5403,3.750515,1.515725,6.978627,6.696454,1.207933,30.530824,1.2814130445955,3.6725,0.491724,1,2.1446
2007-08-01,69.496024,3.1540331304651,1.207229,1.9629815838252,1.058613,522.922727,7.573048,32.961922,2056.086774,0.734129,20.451659,5.464042,7.815679,187.370132,65.043636,40.729885,9371.370058,4.224255,116.747369,934.811139,3.483795,11.047773,1.379363,5.853698,3.1584545454545,46.149121,2.798339,2.367405,25.635875,3.750748,1.522852,7.223648,6.844594,1.202668,31.819423,1.315815786864,3.6725,0.497492,1,2.1446
2007-09-01,68.75538,3.1451774864224,1.183736,1.9043294528739,1.027367,516.911176,7.522452,33.013049,2113.369667,0.719744,19.84588,5.362526,7.782764,182.353634,63.7405,40.231716,9304.049472,4.080165,115.007921,929.447216,3.472506,11.031769,1.393564,5.636608,3.13625,45.999243,2.727386,2.409526,25.313875,3.746769,1.51196,7.119318,6.682388,1.185706,32.07678,1.2623496316244,3.6725,0.495723,1,2.1446
2007-10-01,67.974343,3.1580125397966,1.113225,1.803177574151,0.976395,501.442727,7.502531,32.555575,2001.086129,0.702903,19.215048,5.239041,7.754508,176.441617,60.685217,39.402173,9099.086716,4.013183,115.941668,914.919713,3.374264,10.827529,1.317128,5.409685,3.0201818181818,44.207622,2.605337,2.357341,24.88268,3.739607,1.465429,6.774388,6.448021,1.174272,31.556919,1.2011308158771,3.6725,0.489311,1,2.1446
2007-11-01,66.707405,3.1354849181389,1.114919,1.7650566808548,0.964432,506.951429,7.420435,32.335326,2046.357,0.681078,18.207377,5.076965,7.778037,173.328709,60.784091,39.360267,9267.341439,3.912455,110.949462,918.277644,3.355964,10.88046,1.309631,5.415421,3.001380952381,43.091168,2.490998,2.365559,24.461775,3.730869,1.446664,6.710962,6.326298,1.12284,31.410345,1.1916203205245,3.6725,0.482812,1,2.1446
2007-12-01,67.178988,3.14409273054,1.146472,1.7880173259774,1.003405,499.276842,7.371391,32.415833,2013.834516,0.686388,18.064155,5.120379,7.797991,173.784189,62.252222,39.368408,9348.50044,3.90606,112.259666,931.255609,3.333957,10.850336,1.299301,5.499155,2.981,41.561263,2.472072,2.426358,24.566585,3.745177,1.448736,6.83836,6.474087,1.138838,30.30378,1.1802126465129,3.6725,0.494632,1,2.1446
2008-01-01,66.870646,3.1449307847108,1.134382,1.7742686904309,1.009804,480.896364,7.240733,32.368656,1983.184194,0.67948,17.70059,5.062439,7.804308,173.971266,64.30381,39.270983,9403.13689,3.748573,107.810744,942.861604,3.267513,10.914671,1.294729,5.406492,2.9506818181818,40.821496,2.45241,2.509835,24.481212,3.74966,1.431056,7.005469,6.40851,1.100949,30.411498,1.1770606109443,3.6725,0.507728,1,2.1446
2008-02-01,66.667169,3.1584131591944,1.095596,1.7304486651614,0.999527,467.217143,7.165917,31.640167,1905.294138,0.678146,17.210328,5.054899,7.797278,177.787496,66.485238,39.669915,9182.866845,3.607874,107.116111,944.233286,3.224089,10.766542,1.255428,5.390221,2.9058095238095,40.5793,2.425796,2.479033,24.503885,3.749534,1.410978,7.655868,6.350337,1.090493,31.254071,1.1956034254267,3.6725,0.509204,1,2.1446
2008-03-01,65.512837,3.1562137119147,1.079589,1.7029606832798,0.999382,442.942,7.074267,30.615825,1843.493226,0.644179,16.237567,4.803053,7.782315,167.466802,71.603889,40.188253,9171.526286,3.509392,100.878621,980.728827,3.185148,10.7352,1.24591,5.134631,2.8111052631579,41.234754,2.27803,2.395962,23.72058,3.748904,1.384051,7.966649,6.056419,1.012712,31.46216,1.2433545269135,3.6725,0.499121,1,2.1446
2008-04-01,64.918788,3.1664299697755,1.07515,1.6891127542255,1.013605,446.433636,6.998984,30.347614,1795.103,0.634944,15.914405,4.736899,7.791977,161.122926,74.047143,39.996067,9204.386153,3.521408,102.580483,987.891632,3.163113,10.514588,1.267313,5.056148,2.748,41.770219,2.185656,2.31316,23.523594,3.750592,1.36467,7.791721,5.949307,1.013631,31.588106,1.3014402559521,3.6725,0.504663,1,2.1446
2008-05-01,63.391289,3.1535006383967,1.053087,1.6599934879355,0.998361,470.1,6.972039,30.599379,1775.156129,0.642842,16.135234,4.796171,7.799739,159.240298,75.1695,42.137472,9279.857626,3.378258,104.33583,1036.924069,3.219151,10.43963,1.286354,5.055851,2.8048947368421,42.997373,2.188117,2.351703,23.722723,3.750537,1.366571,7.629496,5.985252,1.044444,32.102791,1.247601591241,3.6725,0.509169,1,2.1446
2008-06-01,63.135981,3.0486605359367,1.050867,1.6193924800464,1.016088,493.612381,6.898371,30.357749,1732.286333,0.64301,15.635828,4.795951,7.807285,155.889222,79.1365,42.798559,9288.165698,3.361299,106.906652,1031.921801,3.257702,10.327353,1.313233,5.138738,2.8918571428571,44.302383,2.169262,2.350562,23.644343,3.750112,1.368147,7.938927,6.027414,1.037771,33.207765,1.2349617910488,3.6725,0.508952,1,2.1446
2008-07-01,61.875676,3.0214773771436,1.039159,1.5914730951286,1.013017,502.241364,6.836474,30.407196,1781.045161,0.634154,14.921174,4.73072,7.800047,147.00818,78.423043,42.810033,9158.54326,3.37559,106.826127,1017.51239,3.250442,10.216678,1.325442,5.104098,2.8487142857143,44.827868,2.066748,2.26791,23.353086,3.749719,1.359482,7.630102,5.996867,1.026877,33.495317,1.2129568911996,3.6725,0.502925,1,2.1446
2008-08-01,61.329671,3.0328051911872,1.133236,1.6100174967082,1.052872,516.702,6.851819,31.205449,1847.477419,0.668063,16.228197,4.983387,7.808289,157.594251,81.643,42.964338,9149.190702,3.555717,109.276898,1046.288021,3.32908,10.103038,1.409118,5.325603,2.8925714285714,44.95862,2.199809,2.356537,24.215235,3.750321,1.404243,7.661558,6.278354,1.082966,33.857787,1.1801215010798,3.6725,0.529656,1,2.1446
2008-09-01,60.949507,3.0787011962673,1.221149,1.7893858634135,1.058048,530.17,6.837663,31.977302,2066.187,0.696091,17.053174,5.191664,7.787801,167.540013,91.222273,45.520993,9346.932868,3.53656,106.617581,1134.308927,3.4423,10.63393,1.482179,5.67749,2.9660909090909,46.70882,2.349439,2.523113,25.316699,3.752396,1.430133,8.066171,6.656942,1.109709,34.287401,1.2418474004319,3.6725,0.556342,1,2.1446
2008-10-01,62.307384,3.2322213389964,1.455199,2.187744827154,1.176903,618.394545,6.836149,32.681389,2288.858065,0.751621,18.616516,5.602887,7.75894,195.753083,114.094783,48.514641,9985.963652,3.671301,100.111719,1322.721941,3.52144,12.646817,1.646367,6.462694,3.0753636363636,47.977344,2.691811,2.815193,26.451227,3.757283,1.476892,9.738907,7.407117,1.140938,34.442222,1.4763429379766,3.6725,0.59144,1,2.1446
2008-11-01,68.023329,3.3281006867291,1.522453,2.2755880595983,1.218249,651.5055,6.829188,33.106768,2333.660333,0.785486,19.790393,5.850681,7.750966,208.428937,135.3205,48.812381,11770.650941,3.893596,96.819209,1400.721355,3.588078,13.096643,1.771679,6.919838,3.0921666666667,49.087992,2.932284,2.972237,27.330845,3.751596,1.50674,10.116989,7.955188,1.190896,35.089813,1.5981526833652,3.6725,0.652498,1,2.1446
2008-12-01,70.731298,3.4228911330024,1.496823,2.4007334672783,1.235212,649.3165,6.856521,33.151395,2251.510323,0.745201,19.452421,5.551944,7.750534,197.431343,123.9895,48.476463,11373.9597,3.872565,91.161063,1378.522191,3.553929,13.44556,1.796357,7.009588,3.11405,47.998288,2.980245,2.921143,28.171892,3.751763,1.480381,9.995913,8.005875,1.147404,35.045721,1.5547553165384,3.6725,0.672608,1,2.1446
2009-01-01,71.676706,3.4640291802554,1.484058,2.3115539592473,1.226639,623.007619,6.835803,33.381751,2253.506129,0.755724,20.540746,5.631614,7.756627,211.615755,123.718095,48.732567,11183.2867,3.913242,90.421242,1361.640968,3.573103,13.884532,1.824635,6.961955,3.1514,47.101828,3.198703,3.201957,32.0052,3.751155,1.491504,9.920334,8.106163,1.128601,34.911682,1.6048285183671,3.6725,0.693946,1,2.1446
2009-02-01,71.890249,3.5101642715728,1.542892,2.322133917408,1.246844,605.998,6.836795,34.267877,2512.344286,0.782243,22.26499,5.828809,7.753668,233.367568,113.8285,49.191393,11916.200224,4.101806,92.542258,1442.589668,3.634693,14.59178,1.944031,6.871251,3.2364,47.584664,3.63539,3.353093,35.831489,3.750585,1.518394,10.013451,8.533048,1.165846,35.322121,1.6647270733215,3.6725,0.693783,1,2.1446
2009-03-01,72.904308,3.6517667815499,1.50306,2.3156764622518,1.262754,592.931364,6.836298,34.333832,2469.634839,0.766963,20.89111,5.714557,7.750343,233.327163,114.68,51.206147,11865.546066,4.166767,97.835667,1453.892752,3.675304,14.671584,1.882456,6.781288,3.1750454545455,48.362602,3.545348,3.28489,34.622864,3.750145,1.529158,9.963661,8.577447,1.156366,35.770805,1.7129714271862,3.6725,0.705064,1,2.1446
2009-04-01,73.126745,3.6927760353132,1.402894,2.213568244722,1.227256,583.175714,6.831558,33.675429,2374.607667,0.758238,20.301867,5.648217,7.750284,223.888231,126.634444,50.073429,11030.800382,4.191967,98.73546,1334.514532,3.606081,13.466983,1.75337,6.662259,3.08535,48.115128,3.360853,3.18791,33.521838,3.750205,1.502839,9.005133,8.250067,1.148442,35.436927,1.6133159890346,3.6725,0.680507,1,2.1446
2009-05-01,72.319056,3.7239045719404,1.30666,2.0689194616843,1.151402,565.717895,6.824454,32.863323,2227.317742,0.732805,19.588683,5.45706,7.75113,206.611165,126.35,48.493517,10357.85368,4.070925,96.609295,1252.915031,3.520777,13.185335,1.660955,6.443534,2.9944,47.328023,3.231646,3.05573,31.927858,3.750086,1.460884,8.387716,7.7546,1.107813,34.611831,1.5569240662315,3.6725,0.648193,1,2.1446
2009-06-01,72.991524,3.7660645861507,1.245997,1.9542646906629,1.124581,553.08,6.833818,32.785386,2089.460333,0.713503,18.939514,5.312508,7.750739,200.109642,126.6575,47.745891,10213.677502,3.942664,96.599155,1261.991916,3.517777,13.328907,1.567385,6.378005,2.9908095238095,47.82949,3.216865,3.006151,31.076147,3.750132,1.452447,8.042309,7.757174,1.080809,34.134147,1.5464814291731,3.6725,0.611228,1,2.1446
2009-07-01,73.088341,3.8059672407007,1.242649,1.9325758697117,1.123503,540.420455,6.831898,32.912504,2049.239677,0.709885,18.31098,5.285636,7.750161,193.144629,127.356087,48.435847,10109.863647,3.889101,94.473409,1262.511311,3.546672,13.35595,1.552845,6.353434,3.01285,48.07349,3.050378,2.994591,31.511551,3.7502,1.449595,7.951677,7.685931,1.07917,34.050694,1.5176651943652,3.6725,0.611149,1,2.1446
2009-08-01,72.842508,3.8371030018438,1.197186,1.8443112236501,1.087956,546.884286,6.832462,32.874658,2017.618065,0.7009,17.975484,5.2175,7.750676,189.284631,127.1465,48.331416,10002.128334,3.833281,94.838413,1239.883733,3.517404,13.005906,1.478675,6.07002,2.9509047619048,48.222279,2.895578,2.956609,31.679346,3.750129,1.442199,7.949479,7.163986,1.067897,34.022675,1.4884011426207,3.6725,0.604637,1,2.1446
2009-09-01,72.502817,3.8426563745142,1.160991,1.8215725719338,1.081822,549.070952,6.828305,32.581697,1978.033,0.686827,17.409737,5.111927,7.750345,186.718018,124.606364,48.360601,9854.374231,3.764383,91.44315,1214.736738,3.493112,13.409617,1.421268,5.904368,2.9099545454545,48.053827,2.855988,2.913543,30.7468,3.750236,1.423019,7.520835,7.004407,1.040393,33.81632,1.4910534182623,3.6725,0.612113,1,2.1446
2009-10-01,72.243988,3.8275372457098,1.103065,1.7395090483948,1.054266,545.832857,6.827034,32.319018,1901.400323,0.674987,17.455229,5.024498,7.750086,181.230262,123.893636,46.719172,9488.038434,3.725416,90.376697,1174.334282,3.403571,13.220943,1.354444,5.642816,2.872,46.852989,2.844926,2.893695,29.442586,3.750159,1.398088,7.488165,6.959195,1.021817,33.411647,1.4729969115039,3.6725,0.618002,1,2.1446
2009-11-01,72.223364,3.811915652159,1.087814,1.728404524075,1.059776,507.781429,6.827408,32.320501,1976.879333,0.670522,17.307983,4.989681,7.750051,181.670471,123.744286,46.561921,9464.581037,3.778436,89.157259,1163.464988,3.389624,13.107248,1.371208,5.64205,2.8846666666667,47.04658,2.792655,2.876315,28.954911,3.750138,1.388682,7.519399,6.928707,1.012814,33.279823,1.4926603279039,3.6725,0.602737,1,2.143021
2009-12-01,72.278514,3.8071632623079,1.107852,1.7497680272459,1.053657,501.45,6.827716,32.264667,2018.012581,0.68454,17.862054,5.094293,7.752824,187.0482,125.06619,46.598661,9464.691818,3.789293,89.814057,1165.520017,3.412229,12.851419,1.395009,5.7541,2.8776842105263,46.331693,2.836995,2.89439,30.048388,3.750478,1.395566,7.478057,7.125104,1.028127,33.219907,1.5065053076186,3.6725,0.615827,1,2.1446
2010-01-01,72.051204,3.8041926128828,1.094877,1.7789907292461,1.042701,500.6625,6.82705,31.876534,1983.426774,0.700779,18.313529,5.215511,7.762268,188.823041,125.866,45.921593,9294.162769,3.711192,91.31662,1138.551071,3.375408,12.810407,1.376852,5.733625,2.85675,46.038862,2.852401,2.899978,29.833854,3.749819,1.396463,7.462595,7.14371,1.034682,33.036335,1.4734978934098,3.6725,0.618727,1,3.613716
2010-02-01,72.90557,3.849567398738,1.127724,1.8439715667605,1.056105,532.557,6.829202,32.07785,1951.723929,0.730765,18.984195,5.439826,7.767553,198.190269,128.202,46.347239,9342.57013,3.745591,90.2073,1156.458506,3.415467,12.944072,1.433304,5.916768,2.85425,46.26492,2.933531,3.010529,30.165921,3.7501,1.412108,7.670371,7.270551,1.072104,33.143803,1.5167799942826,3.6725,0.640189,1,4.2893
2010-03-01,72.923111,3.8611841243459,1.096816,1.786079679368,1.023634,523.162609,6.826301,31.866328,1908.991935,0.73706,18.824758,5.484941,7.76156,195.613855,127.543478,45.498183,9164.054105,3.741927,90.678521,1136.904134,3.322578,12.572097,1.422484,5.923785,2.8395217391304,45.692763,2.867592,3.012031,29.570538,3.7502,1.399622,7.413505,7.169869,1.067373,32.509688,1.5345745880225,3.6725,0.664514,1,4.2893
2010-04-01,73.104895,3.8746347826994,1.078908,1.7567396081616,1.004571,520.624286,6.825847,31.494761,1937.449,0.746006,18.881012,5.552384,7.762741,198.095432,127.509444,44.474133,9027.307162,3.712895,93.48913,1114.838304,3.202724,12.230519,1.40339,5.917226,2.8401,44.599005,2.893218,3.081451,29.19235,3.750191,1.380392,7.359661,7.207395,1.069534,32.28403,1.4906258190071,3.6725,0.652393,1,4.2893
2010-05-01,74.377782,3.8984989616482,1.149793,1.8113017959226,1.039674,533.2065,6.82786,31.908585,1983.593226,0.796253,20.433638,5.925162,7.787003,220.424081,129.622105,45.871562,9167.03415,3.792175,92.150954,1167.272869,3.253567,12.726313,1.434233,6.283838,2.8458095238095,45.625736,3.23095,3.32594,30.468961,3.7502,1.393157,7.651761,7.695449,1.129109,32.402927,1.5491738126869,3.6725,0.682452,1,4.2893
2010-06-01,74.829288,3.9232606130419,1.172771,1.8069342531536,1.038186,536.668095,6.818724,32.287953,1926.846,0.819193,21.119427,6.0955,7.788969,230.599608,128.588095,46.575814,9149.599017,3.853854,90.919565,1215.053211,3.264656,12.725567,1.447366,6.476799,2.83845,46.358678,3.363377,3.476029,31.25188,3.750205,1.399213,7.651056,7.841742,1.127877,32.46633,1.5788402624698,3.6725,0.678042,1,4.2893
2010-07-01,74.357202,3.9331833602701,1.14253,1.7698644113176,1.04334,531.721429,6.776661,32.164635,1874.41129,0.783286,19.841237,5.837181,7.77682,222.253323,123.451818,46.836289,9042.43803,3.855994,87.49927,1205.232799,3.204796,12.820436,1.404056,6.282232,2.8231052631579,46.261127,3.197296,3.337508,30.648776,3.750164,1.37748,7.546955,7.438081,1.054155,32.321287,1.5405914444469,3.6725,0.654503,1,4.289557
2010-08-01,74.672894,3.9362727860517,1.112101,1.7598344675428,1.040297,509.324091,6.787788,31.944783,1821.200645,0.775758,19.243803,5.77901,7.7705,218.355028,119.477143,46.582396,8975.961311,3.793216,85.333608,1180.855966,3.152838,12.765699,1.400877,6.154192,2.802380952381,45.172882,3.095237,3.288861,30.39959,3.750132,1.355832,7.305698,7.30908,1.040168,31.744314,1.5112733851784,3.6725,0.63888,1,4.289709
2010-09-01,74.913889,3.9511300031184,1.067546,1.7202196222895,1.034401,493.933,6.743384,31.769404,1805.772333,0.765702,18.876066,5.702582,7.765502,216.065655,116.791364,45.990426,8966.601364,3.735115,84.376573,1161.283496,3.105063,12.812361,1.374329,6.060568,2.7909545454545,44.216796,3.02802,3.266187,30.808944,3.75015,1.334791,7.137426,7.063651,1.001983,30.817655,1.4948465406313,3.6725,0.642893,1,4.2893
2010-10-01,73.703764,3.9564881182269,1.019203,1.682177824599,1.018332,484.0415,6.667656,30.883041,1808.607097,0.719577,17.652272,5.365669,7.759123,197.172752,111.697143,44.425031,8927.471412,3.611597,81.794824,1122.731956,3.100628,12.43725,1.331064,5.836485,2.7918,43.378653,2.842113,3.078868,30.327195,3.750195,1.303521,6.919762,6.67729,0.968,29.959184,1.4247860647583,3.6725,0.630594,1,4.2893
2010-11-01,73.929595,3.9663596220041,1.011499,1.7125781844463,1.012563,482.316667,6.653556,30.327645,1862.994,0.732405,18.043039,5.459858,7.755143,201.830799,112.451818,44.998574,8949.049389,3.643776,82.513022,1130.764855,3.118132,12.328046,1.296366,5.966332,2.806,43.557046,2.895115,3.145033,30.996623,3.750155,1.298787,6.979728,6.823317,0.984214,29.889007,1.444039100995,3.6725,0.62611,1,4.2893
2010-12-01,74.532655,3.9761530765743,1.006324,1.6934495398138,1.008084,474.778095,6.646918,29.871515,1922.33129,0.756462,19.043339,5.637752,7.774228,210.00771,115.701364,45.119178,9020.565395,3.601955,83.290905,1145.064713,3.124991,12.389943,1.330362,5.97754,2.81605,43.91113,3.022936,3.247442,30.815463,3.750345,1.305791,6.818648,6.850269,0.969047,30.109431,1.5249397727573,3.6725,0.641569,1,4.289286
2011-01-01,73.666008,3.9802419652306,1.004306,1.6746558879053,0.993814,489.440952,6.59882,29.100858,1867.076774,0.748811,18.309408,5.579996,7.780409,206.191524,116.802381,45.444252,9040.263163,3.585499,82.628231,1119.460013,3.061184,12.121501,1.305204,5.854665,2.787380952381,44.228191,2.912477,3.191736,30.138487,3.750205,1.287046,6.933142,6.6736,0.956725,30.556582,1.5657684250142,3.6725,0.634199,1,4.28975
2011-02-01,72.929451,4.0198364082734,0.992262,1.667891008025,0.987948,475.691,6.582346,29.285832,1882.371429,0.732703,17.787326,5.462653,7.78905,198.673423,116.5355,45.435447,8913.42963,3.658784,82.625214,1117.297261,3.043538,12.068755,1.313319,5.730358,2.7709,43.634701,2.876792,3.110866,29.267749,3.750325,1.276396,7.189947,6.43899,0.950626,30.711226,1.5899865412439,3.6725,0.620102,1,4.2893
2011-03-01,72.124966,4.0344561651802,0.989688,1.6587002621983,0.976598,479.652174,6.564889,29.511597,1881.814839,0.714394,17.42571,5.327541,7.792824,193.532794,115.211739,44.969881,8760.236947,3.562409,81.719776,1120.141351,3.034723,12.00551,1.348514,5.593011,2.7797391304348,43.481824,2.867856,2.973611,28.435452,3.750304,1.268491,6.919223,6.348004,0.919178,30.364287,1.5794033417608,3.6725,0.618992,1,4.2893
2011-04-01,71.684029,4.0628088051557,0.94622,1.5850676206152,0.957986,471.32,6.528038,29.006237,1809.834,0.692559,16.830611,5.164692,7.773936,183.730387,112.98,44.394225,8651.296483,3.432907,83.391242,1085.47074,3.012488,11.718059,1.269533,5.406485,2.8158947368421,43.18256,2.749284,2.839894,28.072253,3.750206,1.248195,6.730929,6.212541,0.898811,30.076806,1.5216695877767,3.6725,0.611432,1,4.2893
2011-05-01,71.97154,4.0815441104696,0.936579,1.6123163516728,0.967781,467.728636,6.495278,28.759273,1800.50871,0.697143,16.998718,5.198321,7.774367,186.126296,114.503636,44.937699,8565.631891,3.46728,81.174937,1084.54169,3.016193,11.651792,1.256205,5.464429,2.7752380952381,43.179919,2.747029,2.86822,27.923047,3.750214,1.238033,6.864323,6.244143,0.873864,30.2477,1.5756468402666,3.6725,0.611899,1,4.2893
2011-06-01,71.973301,4.0928338933159,0.942929,1.5881899504242,0.97744,469.411905,6.474716,28.852427,1783.159333,0.695079,16.880584,5.183833,7.785532,185.5065,115.055789,44.842587,8567.674282,3.417581,80.448579,1080.967082,3.029321,11.810927,1.227854,5.442619,2.7644285714286,43.41677,2.759728,2.915178,27.987344,3.750168,1.234555,6.798084,6.334321,0.8404,30.52804,1.6039850913648,3.6725,0.616827,1,4.2893
2011-07-01,72.716244,4.1184192596349,0.928882,1.5654627920724,0.956142,462.937143,6.458199,28.82822,1761.593871,0.701133,17.061878,5.227641,7.788971,187.689958,116.07,44.415067,8532.8289,3.421385,79.402519,1058.802874,2.994763,11.672346,1.18327,5.456964,2.7416842105263,42.737966,2.801234,2.973877,27.927894,3.750176,1.217004,6.800976,6.404536,0.824845,30.109418,1.6582611650136,3.6725,0.620295,1,4.2893
2011-08-01,72.514478,4.1642129844942,0.95176,1.5957204656394,0.981016,466.790455,6.404306,28.977025,1785.56,0.69723,16.923655,5.194205,7.797816,189.907128,114.445,45.36496,8540.589719,3.544493,76.995641,1075.081447,2.985612,12.232163,1.192771,5.430133,2.7397142857143,42.414871,2.872114,2.963575,28.790517,3.750204,1.208989,7.078507,6.390566,0.780956,29.892052,1.753191206968,3.6725,0.611235,1,4.2893
2011-09-01,73.873542,4.2014384006055,0.977825,1.7404255809963,1.002049,483.69381,6.390335,29.718984,1833.319667,0.726457,17.840558,5.409343,7.794763,207.151626,116.720909,47.658523,8804.075516,3.68898,76.79352,1122.025567,3.084576,13.034379,1.230211,5.612332,2.7441363636364,43.090347,3.152531,3.112377,30.754974,3.750523,1.251797,7.556105,6.636469,0.872456,30.436426,1.7970056704508,3.6725,0.633225,1,4.2893
2011-10-01,74.028961,4.216523169946,0.987402,1.776385474281,1.020363,511.744211,6.369916,30.273649,1907.609032,0.729854,18.130188,5.433153,7.778669,216.604039,115.952857,49.285598,8865.47543,3.667205,76.653714,1151.898832,3.135168,13.45078,1.267173,5.655174,2.7321,43.352412,3.176282,3.156098,31.283701,3.750252,1.276609,7.968076,6.652204,0.897376,30.862828,1.831113371376,3.6725,0.635168,1,4.2893
2011-11-01,74.234382,4.2580458538303,0.989778,1.7865019058329,1.025252,508.437619,6.355616,30.235383,1919.475,0.737802,18.789365,5.490123,7.782408,228.105859,117.236818,50.791083,9011.707677,3.727404,77.470746,1134.303113,3.154377,13.697767,1.297486,5.74539,2.7052380952381,43.33757,3.270654,3.213885,30.845711,3.750355,1.28934,8.157283,6.743071,0.908054,30.962715,1.8125880251126,3.6725,0.632583,1,4.2893
2011-12-01,74.819512,4.2873545327507,0.986767,1.8348142671781,1.022959,517.171905,6.340506,30.25966,1933.35129,0.758942,19.365612,5.642022,7.777241,230.885658,120.939524,52.522753,9079.759,3.773417,77.811325,1148.405765,3.15976,13.749352,1.297823,5.878307,2.6965263157895,43.661404,3.398003,3.284702,31.546683,3.750282,1.295304,8.182803,6.844071,0.931573,31.188843,1.8693969995579,3.6725,0.640485,1,4.2893
2012-01-01,75.971233,4.319364381666,0.961354,1.7889839064899,1.01307,501.339545,6.312756,30.016782,1853.282258,0.775004,19.787969,5.762402,7.763567,238.231318,123.654545,51.197583,9074.221396,3.808335,76.967734,1143.077694,3.111653,13.419169,1.250218,5.948332,2.6930454545455,43.560124,3.392028,3.364816,31.342168,3.750245,1.27951,8.013967,6.858868,0.938381,31.554837,1.8413259422469,3.6725,0.644854,1,4.2893
2012-02-01,74.602912,4.3468876615096,0.932201,1.7188410114723,0.997675,481.488571,6.300218,29.552331,1782.754828,0.756264,18.938937,5.622169,7.754988,219.835323,123.336667,49.1978,9008.926776,3.741122,78.458511,1123.392175,3.023193,12.791799,1.198264,5.711744,2.6837619047619,42.663933,3.163943,3.290706,29.815153,3.750262,1.254166,7.660066,6.669962,0.912856,30.714302,1.7592417114734,3.6725,0.632921,1,4.28959
2012-03-01,74.304387,4.3558130554199,0.949759,1.7933249288915,0.993943,485.395455,6.312179,29.536777,1766.331613,0.757553,18.693031,5.63271,7.762553,221.400366,126.316364,50.403962,9152.751377,3.763424,82.477133,1127.047131,3.047424,12.744312,1.219906,5.705389,2.6713636363636,42.901125,3.134022,3.308099,29.377527,3.750277,1.259341,7.611161,6.732626,0.913679,30.722774,1.7901695335251,3.6725,0.632159,1,4.289545
2012-04-01,73.980978,4.3947745506671,0.966284,1.8542365638286,0.992873,486.001,6.30022,29.457467,1774.249,0.759802,18.849873,5.652384,7.762104,224.003884,126.746471,51.812474,9169.542568,3.750427,81.296217,1136.186936,3.060228,13.06098,1.222837,5.751529,2.6573333333333,42.657951,3.174627,3.327085,29.486532,3.750243,1.250524,7.830651,6.735667,0.91353,30.876436,1.7870541443367,3.6725,0.624465,1,4.2893
2012-05-01,74.883361,4.4461063276518,1.003133,1.9832859997098,1.010191,497.088095,6.31877,29.499896,1793.276774,0.782165,19.80172,5.81418,7.763832,229.777629,127.061,54.47138,9317.356536,3.829888,79.72825,1158.625903,3.104047,13.63008,1.293591,5.91735,2.6695454545455,42.941953,3.359314,3.474009,30.949233,3.750257,1.263211,8.168313,7.034037,0.939564,31.342662,1.8106009266583,3.6725,0.628588,1,4.2893
2012-06-01,77.841738,4.4726107759728,1.001957,2.0483469382335,1.027831,505.628095,6.360714,29.928538,1792.546667,0.798362,20.470491,5.933849,7.759057,234.3924,127.525714,56.01639,9444.412326,3.89298,79.240284,1164.482035,3.180252,13.934058,1.282422,6.019872,2.6709,42.720077,3.43099,3.562752,32.874279,3.750381,1.278618,8.387027,7.085099,0.958882,31.646264,1.8232055392512,3.6725,0.643309,1,4.2893
2012-07-01,81.074012,4.5452725872408,0.970926,2.0275540980783,1.014051,491.9345,6.371012,29.976782,1783.820323,0.813875,20.710793,6.053917,7.755866,233.004654,125.868182,55.426469,9444.352679,3.991321,78.985946,1142.666521,3.166807,13.367738,1.252453,6.069484,2.6352857142857,41.87161,3.404915,3.707556,32.508204,3.750236,1.260853,8.250818,6.953937,0.977518,31.634313,1.8132484970277,3.6725,0.641486,1,4.2893
2012-08-01,81.316451,4.6044585490647,0.954912,2.029780538066,0.993164,480.994091,6.360052,29.957158,1805.523226,0.806519,20.180334,6.00487,7.756215,224.959326,120.181818,55.535195,9497.874676,4.01444,78.692963,1132.192889,3.116427,13.193465,1.234334,5.906925,2.6163333333333,42.074267,3.301246,3.643732,31.962455,3.750274,1.248386,8.272348,6.678235,0.968721,31.431295,1.7976026392973,3.6725,0.636191,1,4.2893
2012-09-01,79.655831,4.6671782864892,0.962466,2.0275981886384,0.978809,474.971765,6.322066,29.522651,1802.746333,0.777992,19.256776,5.799055,7.754253,221.126548,122.8395,54.49421,9558.57711,3.945643,78.171123,1123.821076,3.080548,12.946273,1.223124,5.752382,2.6032,41.717493,3.216882,3.502567,31.432567,3.75023,1.231973,8.285577,6.607059,0.940448,30.99384,1.8029577325604,3.6725,0.620961,1,4.2893
2012-10-01,79.478568,4.7235484897561,0.970839,2.0296782399847,0.986615,475.362727,6.273282,29.248872,1804.400968,0.770782,19.222473,5.748647,7.751828,217.43424,124.141739,53.07324,9601.611757,3.852097,78.981996,1106.337111,3.056034,12.887802,1.219071,5.70965,2.588,41.383135,3.165661,3.516549,31.105456,3.750239,1.223918,8.648979,6.639856,0.932459,30.684518,1.8023635782245,3.6725,0.62174,1,4.2893
2012-11-01,79.69681,4.7947756496101,0.961296,2.0666903994099,0.996863,480.5705,6.236381,29.123301,1821.013667,0.779608,19.7753,5.814819,7.750667,220.059301,127.207727,54.822263,9622.806103,3.895714,81.017717,1087.599231,3.058274,13.073035,1.220841,5.720021,2.599,41.096239,3.221573,3.529581,31.379677,3.7503,1.223551,8.807858,6.710496,0.939555,30.707766,1.7937791694551,3.6725,0.626697,1,4.2893
2012-12-01,78.565804,4.8785503033358,0.954844,2.078183992544,0.989645,477.128421,6.235729,29.059025,1792.494839,0.762283,19.220368,5.686943,7.750291,217.838114,126.408333,54.646414,9637.091436,3.778641,83.612486,1075.846849,3.054642,12.856078,1.202528,5.602963,2.5672222222222,41.004599,3.122091,3.422832,30.727199,3.750338,1.22027,8.627534,6.594687,0.921688,30.632027,1.7866137659004,3.6725,0.619232,1,4.2893
2013-01-01,78.183671,4.9478371949359,0.95258,2.0314625620259,0.992494,472.668636,6.223514,29.099404,1769.672581,0.752659,19.239301,5.615905,7.753331,221.278274,128.658636,54.24363,9661.234658,3.74091,89.047084,1066.811215,3.041156,12.700377,1.194861,5.555819,2.5522727272727,40.717713,3.117548,3.299399,30.242457,3.75027,1.228575,8.799979,6.488883,0.924745,30.047955,1.7717946029674,3.6725,0.626616,1,4.2893
2013-02-01,78.052828,5.0073441555763,0.969533,1.9727232179785,1.008961,472.3445,6.234145,29.641392,1790.547857,0.748661,19.072541,5.584862,7.75566,219.163147,127.6885,53.850727,9681.692915,3.694907,93.117683,1087.496686,3.099219,12.716308,1.192434,5.557653,2.5783684210526,40.688326,3.121873,3.281978,30.194518,3.75031,1.238557,8.892363,6.369378,0.920649,29.821937,1.7771151390052,3.6725,0.645725,1,5.655368
2013-03-01,79.066922,5.083275263831,0.967059,1.9820854334215,1.024788,472.484,6.217318,29.738917,1813.74871,0.771422,19.794129,5.751189,7.759244,233.753206,125.278421,54.427459,9712.363041,3.684717,94.869816,1103.371943,3.109372,12.520736,1.207722,5.775205,2.5942631578947,40.739739,3.20644,3.388415,30.804805,3.750281,1.246898,9.192964,6.439087,0.946201,29.515601,1.8091710365534,3.6725,0.663352,1,6.2842
2013-04-01,78.911996,5.1504062126364,0.962612,2.0006528094887,1.01854,472.137273,6.184893,29.836125,1830.231333,0.767735,19.839015,5.723716,7.762148,229.308292,118.842,54.333561,9722.576615,3.620798,97.904468,1121.531003,3.046756,12.198709,1.178299,5.791923,2.5978636363636,41.186047,3.1754,3.361226,31.322337,3.750232,1.237568,9.104705,6.483281,0.936544,29.063309,1.7968788779212,3.6725,0.653146,1,6.284186
2013-05-01,79.215998,5.2353965054895,1.011799,2.0347789109269,1.021276,479.582857,6.140364,29.804494,1847.92129,0.770342,19.943195,5.741821,7.761973,225.217178,121.147,55.061479,9762.161335,3.637939,101.018171,1112.818792,3.019645,12.308261,1.215189,5.822768,2.6445909090909,41.361491,3.220031,3.340295,31.339535,3.750322,1.249452,9.383537,6.60387,0.95669,29.786123,1.8287863719762,3.6725,0.654142,1,6.2842
2013-06-01,79.088069,5.3264449136651,1.059907,2.1695726380838,1.030951,502.886,6.134439,29.955581,1909.849333,0.758286,19.533033,5.655013,7.760342,224.232694,121.817895,58.406113,9882.12874,3.629371,97.366185,1136.107238,3.145739,12.944678,1.264914,5.869022,2.7477368421053,42.958442,3.248548,3.397217,32.338982,3.750385,1.259683,10.015181,6.584822,0.934402,30.832274,1.8978453058595,3.6725,0.64599,1,6.2842
2013-07-01,79.508277,5.4335962363065,1.091699,2.2505913189156,1.041288,504.962273,6.134045,29.955896,1901.542581,0.764609,19.837011,5.702407,7.756403,225.472168,122.52913,59.769353,10082.096857,3.605265,99.695216,1126.507907,3.191467,12.760597,1.268506,6.028231,2.777,43.347424,3.268656,3.383054,32.768344,3.750452,1.268735,9.914928,6.622541,0.94552,31.126862,1.9323402725555,3.6725,0.65902,1,6.2842
2013-08-01,80.438064,5.574652474041,1.107632,2.341832800023,1.040857,512.588571,6.121697,29.959114,1902.104194,0.751355,19.398643,5.603603,7.755551,225.004112,119.652381,63.071268,10645.121065,3.577105,97.930827,1116.443874,3.278119,12.92258,1.264473,5.964598,2.8019047619048,43.931303,3.178139,3.333804,33.040264,3.750359,1.27285,10.082077,6.539358,0.927001,31.610194,1.9628593533053,3.6725,0.645451,1,6.2842
2013-09-01,81.75566,5.7307881077451,1.077363,2.2739211113327,1.035216,504.57,6.120028,29.648122,1919.512333,0.749265,19.322629,5.587979,7.75435,224.598693,121.029524,63.896438,11293.601266,3.569202,99.203056,1083.845908,3.252609,13.072635,1.229409,5.973373,2.7788095238095,43.71603,3.1749,3.344208,32.605891,3.750422,1.263207,9.986812,6.500747,0.924492,31.704039,2.0194154205122,3.6725,0.630673,1,6.2842
2013-10-01,81.39263,5.8418807535349,1.050897,2.1900151606184,1.036121,500.806364,6.103982,29.396553,1885.13129,0.733446,18.821502,5.470903,7.753862,216.197767,120.775652,61.612587,11081.838931,3.537417,97.781882,1066.947053,3.174526,13.01217,1.199204,5.956159,2.7692380952381,43.131318,3.073306,3.259778,32.083543,3.750273,1.243567,9.92232,6.416062,0.903333,31.206377,1.9872404155103,3.6725,0.621353,1,6.284195
2013-11-01,80.353865,6.0072230306048,1.072616,2.2945063034462,1.048298,519.25,6.093644,29.530098,1921.753,0.741147,19.956459,5.52796,7.752487,220.622219,121.609524,62.626136,11542.728668,3.535978,100.028352,1062.842328,3.199859,13.069257,1.210048,6.081431,2.7984,43.586399,3.104455,3.294528,32.726338,3.75034,1.247555,10.200158,6.581497,0.912829,31.642019,2.0245296149796,3.6725,0.620937,1,6.2842
2013-12-01,78.781279,6.3132541865567,1.112332,2.344912521272,1.063967,529.4505,6.07492,29.725563,1932.956129,0.729759,20.083899,5.44418,7.753709,219.104533,117.376842,61.855358,12007.896673,3.504198,103.385798,1055.940322,3.248507,13.009862,1.215674,6.133717,2.7855,44.185995,3.047528,3.257247,32.884723,3.750287,1.258345,10.379208,6.538281,0.893569,32.343635,2.063345630469,3.6725,0.610345,1,6.2842
2014-01-01,78.260678,7.0443849065172,1.129833,2.3832626757078,1.093626,537.029545,6.051951,30.163434,1957.287097,0.734749,20.194689,5.482275,7.757857,222.246392,115.807727,62.092845,12102.707301,3.495102,103.942137,1068.270202,3.306747,13.222823,1.208667,6.166552,2.8091818181818,45.0128,3.071191,3.321401,33.821009,3.750505,1.273102,10.892096,6.490724,0.904984,32.932593,2.2260536838095,3.6725,0.607445,1,6.2842
2014-02-01,78.005137,7.8580516780043,1.114493,2.3855439046772,1.10509,554.4085,6.081207,30.313385,2038.4925,0.732177,20.094182,5.463683,7.761698,227.114465,114.1025,62.197126,11913.432949,3.517526,102.019534,1070.796044,3.308985,13.293043,1.205572,6.11849,2.81295,44.837008,3.056239,3.288704,35.327887,3.750355,1.266274,10.969663,6.495738,0.894167,32.630768,2.2099880639153,3.6725,0.604128,1,6.2842
2014-03-01,77.734444,7.9231669951781,1.100904,2.3285450188695,1.110678,563.843333,6.173422,30.412208,2019.713226,0.723474,19.819905,5.399894,7.761432,225.355634,112.892857,60.986503,11420.644633,3.47897,102.354868,1070.717917,3.281666,13.199241,1.171934,5.998061,2.8066666666667,44.783211,3.037578,3.250788,36.134091,3.750336,1.266971,10.751499,6.414769,0.880953,32.38573,2.2158824963294,3.6725,0.601699,1,6.2842
2014-04-01,78.674451,8.0009931351642,1.07374,2.2345014873525,1.099105,554.640952,6.225025,30.206687,1938.360333,0.723989,19.873342,5.405044,7.754364,222.530921,112.337778,60.352524,11439.890687,3.475813,102.530867,1043.479018,3.257161,13.066796,1.161887,5.973325,2.7945,44.631095,3.030105,3.23045,35.690349,3.750364,1.255771,10.556795,6.539635,0.882506,32.330879,2.1279924310735,3.6725,0.597434,1,6.2842
2014-05-01,78.904891,8.0362391857203,1.074538,2.2219457726102,1.088717,555.402,6.237806,30.127992,1915.360968,0.728267,19.981617,5.435871,7.752297,221.806288,112.689,59.296068,11527.934784,3.466411,101.763971,1024.689635,3.22861,12.934236,1.162101,5.93608,2.7872857142857,43.879761,3.044062,3.221533,34.835087,3.750443,1.251731,10.413006,6.576083,0.888813,32.542215,2.0926352572514,3.6725,0.593767,1,6.2842
2014-06-01,79.309684,8.1226207209081,1.067989,2.2356518716544,1.083528,553.063333,6.231294,29.993242,1887.039333,0.735712,20.195291,5.487541,7.751797,225.029914,113.707368,59.742616,11894.713371,3.455305,102.056261,1019.282986,3.219462,12.986502,1.160109,6.043664,2.794380952381,43.806363,3.042307,3.231959,34.395077,3.750695,1.251277,10.674783,6.688568,0.896182,32.514078,2.119425463466,3.6725,0.591576,1,6.2842
2014-07-01,79.510236,8.152797370801,1.065065,2.2238618851942,1.072748,558.208182,6.199749,29.951124,1857.644194,0.738628,20.28156,5.50754,7.750441,228.831841,114.266957,60.053118,11661.65202,3.421565,101.723027,1020.992149,3.183328,12.987191,1.15067,6.195458,2.786380952381,43.461407,3.061213,3.257219,34.715856,3.750533,1.242675,10.662463,6.819478,0.897432,32.10596,2.119690394066,3.6725,0.585801,1,6.2842
2014-08-01,80.027095,8.3036689624371,1.07433,2.2693046490444,1.092485,579.052,6.155322,29.98301,1898.125161,0.751,20.889733,5.598778,7.750512,235.74295,116.008,60.880534,11717.384155,3.497468,102.966938,1024.420448,3.177274,13.145609,1.185283,6.197075,2.8147142857143,43.796199,3.148129,3.323277,36.181396,3.750356,1.248287,10.667678,6.899946,0.910045,32.024104,2.1616333362573,3.6725,0.598769,1,6.2842
2014-09-01,81.243298,8.4134585985079,1.104478,2.3329269894693,1.100465,593.468,6.13945,30.119806,1973.716667,0.775198,21.394048,5.771241,7.752622,242.780238,119.008182,60.902123,11909.158627,3.635279,107.283792,1035.671791,3.218749,13.233627,1.228106,6.340925,2.8641363636364,44.21122,3.247922,3.418255,38.027426,3.750578,1.263123,10.975762,7.126255,0.936103,32.196199,2.2128041957075,3.6725,0.613241,1,6.2842
2014-10-01,83.479504,8.4738382203133,1.139138,2.4475863891587,1.12163,589.98,6.126127,30.405765,2048.567419,0.789121,21.770238,5.874851,7.757492,242.929822,120.816522,61.383819,12144.177216,3.728403,107.989769,1061.550321,3.269706,13.470768,1.269672,6.560289,2.9062727272727,44.826523,3.319506,3.484168,40.983343,3.751517,1.274738,11.068606,7.243833,0.953114,32.462762,2.2550607784747,3.6725,0.622296,1,6.2842
2014-11-01,84.825728,8.5114659029053,1.15715,2.5520052712871,1.133431,592.4595,6.126481,30.730907,2128.683667,0.801792,22.183223,5.96656,7.754491,246.060358,123.6095,61.702492,12168.812002,3.831189,116.282652,1098.743959,3.347237,13.618306,1.277122,6.808123,2.9252,44.981068,3.377223,3.550939,46.117874,3.751981,1.296741,11.093521,7.407282,0.964339,32.799419,2.2357662187476,3.6725,0.63384,1,6.2842
2014-12-01,86.878693,8.5437673775792,1.210656,2.6355499055192,1.152844,612.919,6.190039,31.361807,2342.253548,0.811005,22.416841,6.034072,7.75476,252.10322,124.9645,62.750777,12448.457341,3.933261,119.263228,1102.861444,3.479291,14.491398,1.287307,7.282858,2.9616666666667,44.676726,3.419057,3.615755,57.01748,3.753695,1.314843,11.481964,7.627212,0.975292,32.89504,2.2953614629516,3.6725,0.639286,1,6.2842
2015-01-01,89.31054,8.5956168562957,1.238548,2.6358326420225,1.208578,620.909524,6.218976,31.653991,2397.258065,0.860865,24.013087,6.405371,7.753179,272.412013,131.568095,62.127985,12577.718329,3.946062,118.279355,1089.443147,3.584231,14.695188,1.309586,7.686937,3.00575,44.558212,3.682561,3.862842,64.623189,3.755635,1.337772,11.581296,8.105487,0.940472,32.744084,2.3369952478134,3.6725,0.659874,1,6.2842
2015-02-01,93.984635,8.6781429130257,1.28353,2.8175556773383,1.25102,623.6175,6.252176,31.549482,2420.6725,0.881106,24.325687,6.564343,7.755336,270.395427,132.0265,62.060003,12779.777919,3.893775,118.671782,1101.805845,3.596873,14.917962,1.342373,7.594064,3.07885,44.20812,3.679506,3.906342,64.38301,3.751906,1.355261,11.58941,8.361738,0.935587,32.56722,2.4634001609057,3.6725,0.652448,1,6.2842
2015-03-01,96.508742,8.7746634774037,1.292723,3.1385799010386,1.260657,628.503182,6.239525,31.446976,2585.362258,0.923022,25.270315,6.88511,7.758302,280.090157,136.824091,62.507222,13059.713672,3.997923,120.340684,1112.913186,3.680966,15.222515,1.338807,7.978785,3.0918636363636,44.500799,3.808325,4.092572,60.109581,3.750589,1.376229,12.069237,8.53261,0.979129,32.625487,2.591157910983,3.6725,0.667782,1,6.2842
2015-04-01,98.05311,8.867465837467,1.293347,3.0433493791172,1.235252,614.727619,6.202888,30.999634,2505.248,0.927893,25.460337,6.927239,7.750956,277.818847,136.15,62.749088,12941.921488,3.939151,119.617625,1085.809143,3.629513,15.241516,1.318976,7.892591,3.12025,44.403047,3.728239,4.097119,52.638186,3.750617,1.348962,12.023162,8.652919,0.963044,32.535328,2.6666156101757,3.6725,0.669149,1,6.2842
2015-05-01,98.378583,8.9528349655589,1.266918,3.0594869585264,1.217068,607.596842,6.203361,30.601023,2437.535161,0.897068,24.576982,6.693156,7.752395,274.805537,132.516667,63.78329,13140.341708,3.864595,120.87394,1094.480452,3.605002,15.281634,1.355648,7.544909,3.1506,44.612757,3.66129,3.989902,50.569295,3.750225,1.334851,11.974883,8.345565,0.932133,33.552597,2.6451014503726,3.6725,0.646932,1,6.2842
2015-06-01,98.496158,9.0470168070378,1.295814,3.1162740937041,1.235549,629.994762,6.205743,30.902352,2562.477667,0.89187,24.354406,6.65359,7.752875,278.224541,132.28381,63.841815,13305.018946,3.825079,123.730861,1113.69721,3.740998,15.470255,1.430978,7.808179,3.1614285714286,45.042146,3.708914,3.98405,54.611949,3.7503,1.345871,12.303734,8.269815,0.932406,33.726155,2.7020209081168,3.6725,0.642839,1,6.2842
2015-07-01,99.497511,9.1414264448471,1.350067,3.219914419124,1.284578,650.139545,6.208657,31.190915,2732.035806,0.909492,24.641718,6.786289,7.751714,283.326036,134.007391,63.657459,13387.496747,3.790506,123.397559,1146.635017,3.803729,15.942648,1.504495,8.126924,3.1814,45.302814,3.776403,4.037254,57.485738,3.75035,1.361619,12.456972,8.536429,0.954208,34.341952,2.7015090034065,3.6725,0.642836,1,6.2842
2015-08-01,103.400922,9.2457847335736,1.370608,3.5113855917684,1.314006,688.115714,6.339296,32.194952,3012.587419,0.897978,24.281783,6.701296,7.752783,279.796866,131.786,65.104408,13796.084329,3.845054,123.128729,1179.040751,4.064607,16.543746,1.526203,8.242773,3.238619047619,46.260758,3.766927,3.97206,65.824137,3.750606,1.397955,12.908946,8.544454,0.967702,35.426692,2.8563249711933,3.6725,0.641214,1,6.2842
2015-09-01,105.906735,9.3636267212745,1.417037,3.8914637843793,1.326236,691.729048,6.36852,32.666599,3066.408,0.891207,24.142042,6.649287,7.750136,279.08034,128.148182,66.213696,14415.507429,3.913881,120.175646,1185.248848,4.303348,16.827754,1.578631,8.295012,3.2188636363636,46.747857,3.75875,3.942321,66.66453,3.750543,1.415108,13.641602,8.3707,0.972551,36.02745,3.0152569670335,3.6725,0.651725,1,6.2842
2015-10-01,105.876356,9.4631160300783,1.387388,3.8809629120242,1.307161,685.314286,6.350274,32.444694,2929.472258,0.890221,24.12977,6.641088,7.750069,277.103841,126.391364,65.075532,13781.487731,3.864393,120.022268,1144.705031,4.256716,16.575019,1.494872,8.270032,3.2486,46.350045,3.784277,3.937256,63.159251,3.750165,1.400238,13.493957,8.322466,0.968755,35.685982,2.9272008545295,3.6725,0.65233,1,6.2842
2015-11-01,107.697852,9.6077920012475,1.398198,3.7815427110754,1.327261,704.002381,6.371098,32.638078,3001.376333,0.931577,25.189118,6.949728,7.750625,290.894049,131.110952,66.173864,13679.976052,3.889728,122.583549,1154.318023,4.315102,16.636439,1.524505,8.623292,3.3368571428571,47.07348,3.958729,4.141102,65.015749,3.751282,1.414063,14.135676,8.675565,1.009172,35.798156,2.8736210037252,3.6725,0.658187,1,6.2842
2015-12-01,107.238286,11.096213890442,1.379858,3.8744362480109,1.370089,704.238,6.453057,32.832413,3244.201613,0.919451,24.849553,6.860223,7.750819,289.058901,130.055714,66.547421,13870.495775,3.879621,121.691553,1174.486718,4.285323,17.051687,1.483314,8.700751,3.383,47.196541,3.944373,4.140416,70.187985,3.752368,1.408567,15.002025,8.500345,0.995486,36.002918,2.9233268992441,3.6725,0.667406,1,6.2842
2016-01-01,107.403767,13.603787182617,1.428163,4.0535649797724,1.4224,721.948,6.574136,33.449014,3270.195161,0.92086,24.887802,6.871369,7.781838,289.77539,130.263,67.407629,13876.805831,3.95063,118.1659,1204.029691,4.342897,18.051352,1.533545,8.830918,3.4376,47.564592,4.058479,4.172475,77.221856,3.752375,1.432881,16.352767,8.5479,1.007483,36.14184,3.0122868708682,3.6725,0.694838,1,6.2842
2016-02-01,106.553284,14.699730049992,1.402287,3.9624047588824,1.38075,704.084762,6.549882,33.253298,3354.955862,0.9016,24.379469,6.72843,7.782674,279.824476,128.265238,68.257846,13509.029445,3.906821,114.809661,1216.890631,4.184109,18.461679,1.508428,8.621205,3.5061428571429,47.612658,3.96412,4.040437,77.172079,3.750435,1.406022,15.774528,8.483818,0.993383,35.615903,2.9423486243235,3.6725,0.699249,1,6.2842
2016-03-01,109.457556,15.007115504104,1.335744,3.7124721498361,1.324321,682.067727,6.506778,32.642133,3128.789032,0.901115,24.375992,6.719561,7.761778,280.371273,126.972,66.945572,13180.31672,3.867871,112.972374,1184.984404,4.070045,17.656076,1.485008,8.49724,3.4076666666667,46.601896,3.868976,4.02488,70.246151,3.750552,1.373882,15.428134,8.367023,0.983989,35.218325,2.8898720119428,3.6725,0.702987,1,8.691243
2016-04-01,108.685765,14.411666237959,1.305383,3.5604721222523,1.283968,669.932381,6.478554,32.332494,2997.727,0.881915,23.839332,6.563863,7.756598,274.681232,123.8265,66.479807,13168.765131,3.775566,109.609653,1146.981882,3.900795,17.497138,1.451449,8.221382,3.3018571428571,46.386026,3.801631,3.944292,66.523579,3.750147,1.350028,14.612414,8.115868,0.963907,35.08174,2.834062585431,3.6725,0.698722,1,9.975
2016-05-01,109.70801,14.13690793464,1.367092,3.5351819698493,1.293196,681.870455,6.530542,32.548045,2993.508387,0.884204,23.896431,6.577255,7.763622,278.162533,123.6525,66.930688,13429.997964,3.812186,108.946858,1175.496391,4.045661,18.123655,1.470206,8.226275,3.334,46.812201,3.893996,3.978156,65.843379,3.750536,1.369907,15.330956,8.218744,0.977831,35.422834,2.9382557465309,3.6725,0.687614,1,9.975
2016-06-01,110.09253,14.110072504698,1.351262,3.4347843631912,1.28937,681.071905,6.592455,32.337659,2992.858667,0.890646,24.102417,6.623789,7.762245,279.666061,123.329048,67.292875,13331.162649,3.858286,105.478207,1167.228933,4.075335,18.652645,1.420942,8.308021,3.3168095238095,46.465632,3.918757,4.028446,65.145034,3.75025,1.354132,15.085254,8.313528,0.9702,35.287754,2.9155013119931,3.6725,0.704188,1,9.975
2016-07-01,110.554634,14.88661038979,1.327552,3.2762514980816,1.303582,657.567143,6.677528,32.108616,2960.999677,0.903484,24.431721,6.721032,7.756966,284.010286,122.014286,67.194144,13119.166314,3.856527,104.128204,1142.012649,4.017946,18.562289,1.401673,8.464834,3.2989473684211,47.072118,3.971963,4.052564,64.365407,3.750347,1.35057,14.405367,8.559909,0.981779,35.048834,2.9623123368672,3.6725,0.759878,1,9.975
2016-08-01,109.451829,14.835290311636,1.310258,3.2093390984191,1.298471,658.890455,6.648173,31.553868,2952.766774,0.891965,24.105021,6.636927,7.75627,276.693243,117.849545,66.920763,13162.231247,3.796058,101.227281,1110.916379,4.026261,18.475937,1.381712,8.298109,3.3333181818182,46.607825,3.835869,3.977381,64.930142,3.750152,1.347336,13.753821,8.465959,0.970561,34.710296,2.9618199348917,3.6725,0.762791,1,9.975
2016-09-01,109.266332,15.088122386309,1.31713,3.249680925171,1.309057,668.632381,6.673025,31.480587,2924.265333,0.891907,24.10126,6.642429,7.756305,275.312935,114.818182,66.733506,13108.745554,3.764691,101.871757,1109.631052,4.112328,19.178924,1.367115,8.202966,3.3825909090909,47.590414,3.853672,3.969201,64.42986,3.751336,1.359294,14.030217,8.531541,0.973849,34.725388,2.9686163220797,3.6725,0.760146,1,9.975
2016-10-01,110.087269,15.186807845738,1.312328,3.1883239661074,1.323626,663.922105,6.729756,31.584111,2929.38871,0.907036,24.510178,6.74854,7.757317,278.46889,114.130476,66.731599,13024.818815,3.819445,103.826998,1127.456055,4.175685,18.897366,1.397497,8.164193,3.3862380952381,48.344224,3.907313,4.076487,62.587949,3.750724,1.383768,13.930506,8.805366,0.98742,35.068687,3.0757724196715,3.6725,0.810832,1,9.975
2016-11-01,110.501771,15.34607963047,1.327448,3.3401919688355,1.344489,666.117619,6.842736,31.74638,3110.258667,0.926326,25.041881,6.892376,7.756171,286.089954,112.288636,67.664608,13336.151851,3.842529,108.34595,1163.991097,4.33965,20.087033,1.398859,8.41163,3.4031578947368,49.237159,4.068349,4.177842,64.395505,3.750709,1.410819,13.928047,9.12398,0.996461,35.337054,3.2893874923129,3.6725,0.804643,1,9.975625
2016-12-01,110.78625,15.874894023505,1.361899,3.35769364736,1.33467,667.168095,6.922789,32.011967,3009.863871,0.948636,25.642366,7.054235,7.758992,296.181745,112.527619,67.85614,13408.157954,3.832299,116.109858,1184.35362,4.459465,20.506282,1.421311,8.561968,3.395619047619,49.791055,4.20761,4.284513,62.001158,3.751159,1.435868,13.862976,9.210317,1.019767,35.789088,3.5018444555586,3.6725,0.801046,1,9.975
2017-01-01,109.919432,15.902536308037,1.342877,3.1968318794711,1.322054,661.194286,6.895511,31.700099,2941.399355,0.942206,25.459657,7.005738,7.756612,291.125964,114.389545,68.098877,13360.660718,3.8199,115.080029,1181.94343,4.458064,21.345162,1.406131,8.479089,3.3402727272727,49.742701,4.114814,4.241693,59.825623,3.750623,1.429719,13.568718,8.961545,1.009432,35.46784,3.7554799330646,3.6725,0.811219,1,9.975
2017-02-01,109.813949,15.607942944472,1.304776,3.1027218500603,1.310042,643.2095,6.872602,30.874472,2879.556071,0.939664,25.390694,6.986202,7.759952,289.884334,111.535,66.984848,13330.103048,3.727478,112.913112,1142.476493,4.442866,20.296942,1.384435,8.325647,3.2601,49.995994,4.048181,4.24127,58.394544,3.750275,1.414562,13.190278,8.904521,1.001645,35.00831,3.6652162599301,3.6725,0.801255,1,9.975
2017-03-01,109.811332,15.535007178865,1.311984,3.1272834819824,1.338945,661.202609,6.897014,30.650011,2942.286129,0.936016,25.292506,6.959797,7.766634,289.899618,109.591739,65.823713,13342.194501,3.651402,112.957353,1133.769803,4.437613,19.314607,1.427772,8.509293,3.264,50.24398,4.012983,4.256593,57.949097,3.750217,1.405156,12.929234,8.918354,1.002132,34.87477,3.6717991177202,3.6725,0.810213,1,9.975
2017-04-01,109.843037,15.355791171728,1.328075,3.1352884183189,1.343575,655.743333,6.891173,30.376486,2876.821667,0.932703,25.016827,6.937047,7.774475,290.594305,110.4375,64.539288,13304.468824,3.651462,110.318991,1133.720897,4.404426,18.772321,1.435168,8.57949,3.2476666666667,49.838735,3.952322,4.224288,56.490471,3.750282,1.398519,13.467623,8.948359,1.000409,34.475182,3.651655763505,3.6725,0.791172,1,9.975
2017-05-01,108.827411,15.697465107607,1.345577,3.203095889427,1.36035,671.539545,6.885102,30.150551,2924.225667,0.904505,24.035498,6.729493,7.787299,280.201841,102.975714,64.450711,13321.924569,3.592952,112.236762,1126.011705,4.315264,18.781877,1.438577,8.502532,3.2730454545455,49.838625,3.798854,4.119006,57.128486,3.750067,1.394935,13.266024,8.781935,0.986275,34.460943,3.5689255836337,3.6725,0.773732,1,9.975
2017-06-01,108.334617,16.098160495768,1.323405,3.2903251445468,1.330603,665.153333,6.808887,30.278802,2957.098333,0.890555,23.38977,6.623563,7.798931,274.542333,101.41,64.455023,13304.348591,3.531705,110.941917,1132.086221,4.27848,18.147732,1.384252,8.45939,3.268,49.907403,3.750329,4.071719,57.983161,3.75,1.383967,12.914511,8.686391,0.96837,34.000804,3.5223827793161,3.6725,0.781223,1,9.975
2017-07-01,108.666999,17.130794254513,1.283533,3.2087242209277,1.272122,658.171429,6.773221,30.411833,3036.583871,0.868839,22.658407,6.461245,7.809191,266.499084,104.585714,64.45638,13347.209383,3.552808,112.495383,1134.014763,4.290613,17.836113,1.360445,8.166869,3.2492105263158,50.652577,3.680566,3.969684,59.744066,3.75,1.371827,13.149754,8.331721,0.960783,33.739341,3.5638350375692,3.6725,0.769885,1,9.975
2017-08-01,109.626506,17.430567013469,1.26364,3.1508402940358,1.261092,644.241818,6.670848,30.240542,2973.204839,0.84701,22.107707,6.299947,7.821627,257.799544,106.058182,63.986356,13342.494454,3.599997,109.856392,1131.539008,4.28396,17.814705,1.369305,7.894313,3.2416363636364,50.955863,3.613875,3.878355,59.535297,3.75,1.36107,13.239541,8.087659,0.96539,33.258319,3.5096885560779,3.6725,0.77178,1,9.975
2017-09-01,111.68805,17.24097120464,1.254534,3.1321567646342,1.228692,625.541579,6.568458,30.140388,2917.085,0.839346,21.885918,6.244845,7.81349,258.833909,106.293333,64.462392,13305.576176,3.531842,110.731514,1132.167869,4.212627,17.83037,1.378719,7.828975,3.246380952381,50.973182,3.583526,3.860298,57.660491,3.75,1.349972,13.158501,8.001887,0.962726,33.150529,3.4730192771837,3.6725,0.750922,1,9.975
2017-10-01,114.047439,17.431890078844,1.284437,3.1902909050619,1.259105,629.5465,6.625751,30.270792,2953.755806,0.850666,21.918149,6.331426,7.805704,263.668611,105.516818,65.071886,13529.068445,3.510194,112.935803,1132.199164,4.229041,18.802374,1.420229,7.994379,3.2511818181818,51.439443,3.62616,3.904147,57.729318,3.75,1.360322,13.708665,8.178344,0.982152,33.233998,3.6778557778233,3.6725,0.757681,1,9.975
2017-11-01,114.952783,17.510867608512,1.311471,3.2584298121231,1.276007,633.767619,6.6216,30.088178,3013.466667,0.852009,21.758714,6.340622,7.805138,265.732878,104.27,64.854238,13525.107125,3.5171,112.797776,1100.850752,4.166549,18.93064,1.451885,8.185358,3.2407619047619,50.891738,3.601316,3.948695,58.962814,3.75,1.35558,14.074178,8.389976,0.991688,32.906177,3.8943087390961,3.6725,0.756511,1,9.975
2017-12-01,115.148006,17.599440847463,1.308423,3.2899446005119,1.276501,636.923684,6.596276,29.970508,2991.761935,0.844888,21.667458,6.28877,7.813236,264.592425,104.793158,64.266335,13559.118743,3.505898,112.906978,1084.327003,4.075471,19.125527,1.436494,8.314657,3.2465789473684,50.356318,3.551299,3.915848,58.643383,3.75,1.346563,13.168687,8.39575,0.987615,32.644751,3.8450975876522,3.6725,0.74573,1,9.975
2018-01-01,114.180656,18.999770307317,1.257611,3.2111915703481,1.243291,605.528636,6.42725,29.419594,2868.572258,0.819851,20.867945,6.104174,7.819532,253.551427,102.802727,63.654439,13375.471706,3.42274,110.886321,1066.377995,3.95556,18.931439,1.377299,7.909165,3.215380952381,50.598019,3.413316,3.811491,56.659773,3.75,1.32167,12.20867,8.051053,0.961141,31.901343,3.7728679483361,3.6725,0.724229,1,9.975
2018-02-01,113.862119,19.841203491811,1.27024,3.2484087158376,1.25747,596.839,6.322437,29.247657,2860.252857,0.809896,20.506299,6.030278,7.822038,252.477269,100.8915,64.435412,13601.083821,3.49644,107.948161,1078.329894,3.913207,18.647667,1.368086,7.832727,3.2486,51.930561,3.373519,3.77081,56.857196,3.75,1.319646,11.827397,8.049341,0.934801,31.494448,3.7829489168209,3.6725,0.715919,1,21089.775
2018-03-01,113.98578,20.238746412626,1.288035,3.2770126857265,1.292402,603.445238,6.321415,29.217525,2847.930645,0.810642,20.613956,6.038473,7.840837,253.077962,99.629,65.054934,13758.855,3.467424,106.07695,1071.654028,3.903566,18.639168,1.378137,7.769737,3.25215,52.114203,3.412164,3.77868,57.165299,3.75,1.315016,11.853078,8.236634,0.947183,31.274496,3.8904216900486,3.6725,0.715687,1,41273.261927
2018-04-01,114.199718,20.221351843659,1.301123,3.4063809539004,1.272624,600.547619,6.300631,29.393048,2766.285,0.814625,20.663211,6.067235,7.848431,253.940224,99.586842,65.702752,13814.746362,3.537541,107.658473,1069.508097,3.888385,18.379544,1.380182,7.836999,3.23085,52.051815,3.416366,3.794386,61.17414,3.75,1.316038,12.118415,8.449318,0.968596,31.3227,4.0730218850444,3.6725,0.710468,1,56813.562205
2018-05-01,116.013404,23.518002422244,1.32868,3.6334777818777,1.28662,626.119048,6.374249,29.887493,2861.825806,0.846676,21.709421,6.306179,7.848803,268.355989,103.977,67.551007,14048.74362,3.58913,109.693159,1077.194707,3.969843,19.556957,1.438886,8.09743,3.2738181818182,52.274968,3.628202,3.928874,62.348531,3.75,1.339278,12.545182,8.755503,0.997212,31.985952,4.4462760584348,3.6725,0.742731,1,72987.528409
2018-06-01,116.969396,26.480667801933,1.334107,3.7718761151126,1.312512,636.14619,6.466318,30.086958,2889.689,0.856336,22.075174,6.379151,7.847229,276.351574,106.852381,67.786743,14038.132761,3.604859,110.058908,1094.385655,4.000436,20.305519,1.440522,8.113417,3.27115,53.124255,3.685601,3.992499,62.763654,3.75,1.347633,13.297024,8.802342,0.99008,32.481638,4.6307090575358,3.6725,0.752594,1,83600
2018-07-01,117.653786,27.665262835525,1.351409,3.8307757239226,1.314116,652.407,6.71802,30.566046,2885.321935,0.855759,22.121719,6.377335,7.847832,277.779161,106.481364,68.716034,14407.848955,3.645107,111.447072,1123.629428,4.050007,19.039029,1.473646,8.127633,3.2768571428571,53.393641,3.700251,3.979635,62.807437,3.75,1.363313,13.401054,8.820928,0.994563,33.283188,4.7707749394661,3.6725,0.759279,1,129228.5
2018-08-01,118.335136,29.780978936242,1.364896,3.9270197984811,1.304292,656.250909,6.84865,30.721225,2958.666774,0.865963,22.239092,6.456472,7.849635,279.726435,107.629091,69.639795,14566.43941,3.665489,111.004118,1121.707961,4.093609,18.862907,1.499401,8.326991,3.288380952381,53.286375,3.711437,4.021464,66.389387,3.75,1.368733,14.099176,9.063546,0.988282,33.031264,5.9314463364506,3.6725,0.776637,1,
2018-09-01,118.005464,38.41979941124,1.388641,4.1183059615851,1.3047,680.914706,6.855803,30.738685,3033.768,0.857763,21.970757,6.397461,7.837537,278.621723,110.537,72.229002,14871.692535,3.590308,111.960762,1120.087299,4.139862,19.033224,1.516044,8.252334,3.3116,53.999448,3.688941,3.986094,67.660576,3.75,1.371175,14.780029,8.957542,0.968041,32.605685,6.3341592637521,3.6725,0.765824,1,
2018-10-01,118.683642,37.273002081882,1.407056,3.7653594009232,1.300548,676.840909,6.921122,30.893821,3084.830968,0.870816,22.484143,6.496071,7.837905,282.010836,116.918696,73.619441,15176.716431,3.657046,112.86609,1132.129409,4.158965,19.155107,1.531361,8.254915,3.3340681818182,53.942973,3.748583,4.063043,65.83929,3.75,1.379612,14.503313,9.042531,0.993871,32.787828,5.8262863071572,3.6725,0.7687,1,
2018-11-01,118.563257,36.37708754657,1.379508,3.7806045926306,1.319509,677.612,6.939536,30.819611,3194.034333,0.879773,22.816824,6.564101,7.829816,283.5787,122.978182,71.753184,14649.432944,3.705659,113.303265,1126.879405,4.18312,20.240466,1.476086,8.469766,3.374675,52.748465,3.784552,4.100606,66.4686,3.75,1.374972,14.086406,9.054315,1.000912,32.964208,5.3574056033051,3.6725,0.775233,1,
2018-12-01,118.568974,37.864237135018,1.39212,3.8838103866014,1.341991,681.986842,6.886526,30.798867,3218.550968,0.878423,22.693832,6.557704,7.820106,283.502848,121.318333,70.816106,14504.478897,3.753977,112.332389,1122.727613,4.168859,20.106442,1.464743,8.613139,3.3640263157895,52.823232,3.768434,4.087806,67.354221,3.75,1.369916,14.218566,9.027206,0.991992,32.710925,5.3258771253825,3.6725,0.78859,1,
2019-01-01,118.378261,37.435003267633,1.399351,3.7403570425973,1.331105,677.061818,6.788843,30.83408,3165.188065,0.875952,22.468275,6.539628,7.842002,280.127939,119.684545,70.774544,14159.530333,3.685585,108.916181,1122.487078,4.117049,19.181623,1.475995,8.552055,3.3438636363636,52.453819,3.759227,4.122449,66.838552,3.75,1.356496,13.854872,8.994764,0.989562,31.812373,5.3750101937287,3.6725,0.776097,1,
2019-02-01,118.664257,38.34410654259,1.400337,3.7207584317113,1.320999,656.3045,6.738166,30.801521,3115.838571,0.880989,22.664502,6.574511,7.84785,280.07501,119.9275,71.234619,14039.493185,3.626247,110.369242,1122.645145,4.076397,19.184787,1.462847,8.584825,3.321475,52.160016,3.803759,4.18343,65.825628,3.75,1.353612,13.821538,9.249246,1.001467,31.302547,5.2760059095286,3.6725,0.76879,1,
2019-03-01,119.029347,41.12739062144,1.411996,3.8373466858651,1.336374,667.678571,6.71252,30.858599,3128.684194,0.884778,22.718023,6.602641,7.849423,279.52761,119.952857,69.50756,14209.025043,3.617377,111.190659,1132.214426,4.077929,19.231982,1.463448,8.598414,3.3046904761905,52.517785,3.801784,4.206768,65.145331,3.75,1.354264,14.378407,9.290151,1.000719,31.735311,5.4841385503692,3.6725,0.759331,1,
2019-04-01,119.385062,43.178103653477,1.406118,3.8921592952956,1.337862,667.399048,6.717222,30.85632,3156.765,0.88984,22.848757,6.642631,7.844967,285.801294,120.313889,69.409239,14147.575701,3.596142,111.61519,1142.934991,4.1143,18.986172,1.487772,8.563331,3.303825,52.028403,3.814235,4.234162,64.65256,3.75,1.356011,14.145166,9.327389,1.007252,31.856181,5.7579419926411,3.6725,0.766854,1,
2019-05-01,119.589581,44.842825403097,1.44096,4.0053216968699,1.346319,692.00381,6.860944,31.264428,3304.494516,0.894093,23.03917,6.676653,7.848236,290.562126,123.038571,69.80985,14390.784733,3.59283,109.926408,1184.855276,4.172261,19.126866,1.525076,8.743632,3.3323636363636,52.289046,3.840808,4.255303,64.925128,3.75,1.37157,14.428238,9.600028,1.010658,31.803184,6.0523622895142,3.6725,0.779445,1,
2019-06-01,119.171364,43.839908668966,1.440189,3.8607960838101,1.329278,692.409,6.901175,31.286457,3259.227667,0.8855,22.673346,6.611988,7.826106,285.623912,124.677778,69.428644,14221.194117,3.597224,108.100594,1173.554544,4.158957,19.288567,1.515852,8.630701,3.32565,51.735091,3.775365,4.184005,64.114278,3.75,1.362784,14.588867,9.409717,0.988854,31.115504,5.8105509572458,3.6725,0.789036,1,
2019-07-01,119.369551,42.424956373516,1.431716,3.7808934777374,1.309748,686.059545,6.877214,31.078448,3206.600323,0.891421,22.77405,6.654961,7.812016,289.956216,124.681304,68.751616,14035.226772,3.543909,108.220917,1176.926792,4.123402,19.04141,1.496645,8.610048,3.2902142857143,51.110886,3.797127,4.215174,63.206111,3.75,1.361009,14.031641,9.413768,0.987287,30.798216,5.6628279311926,3.6725,0.801769,1,
2019-08-01,119.816252,51.947992781069,1.476763,4.0131659207367,1.327303,713.703333,7.062691,31.395189,3410.728065,0.898802,23.19064,6.70523,7.841193,293.83016,123.763333,71.174543,14235.287734,3.509436,106.218906,1210.721963,4.188175,19.676948,1.555175,8.964749,3.37756,52.196124,3.906817,4.249544,65.806308,3.75,1.384873,15.156228,9.649186,0.978989,30.754369,5.6509020520187,3.6725,0.822856,1,
2019-09-01,120.231531,56.624486392186,1.468762,4.1174294469929,1.324785,718.442222,7.117783,31.096717,3399.457,0.908787,23.508047,6.782671,7.835813,302.128206,125.02381,71.399432,14096.88483,3.523207,107.454216,1195.066286,4.185421,19.572988,1.576272,9.01546,3.3573571428571,52.077991,3.956135,4.305911,64.896599,3.75,1.379812,14.832495,9.721165,0.990846,30.57018,5.703831912979,3.6725,0.809655,1,
2019-10-01,119.919799,58.323237567202,1.472208,4.0908103387789,1.319335,721.032273,7.097845,30.688633,3433.310645,0.904811,23.244267,6.758315,7.842305,299.921603,124.591304,71.040744,14118.743665,3.517788,108.126677,1184.103694,4.187577,19.335232,1.579399,9.152992,3.3597857142857,51.447629,3.892026,4.301302,64.319491,3.75,1.370803,14.92432,9.774316,0.993528,30.363247,5.7925516984541,3.6725,0.792132,1,
2019-11-01,119.989707,59.720282920461,1.464207,4.1537850557209,1.323897,776.53,7.019423,30.475931,3401.473,0.904915,23.103282,6.761541,7.82838,301.901618,123.604286,71.47012,14068.296093,3.481265,108.89443,1168.417681,4.156857,19.3109,1.562394,9.147507,3.3717,50.730621,3.878034,4.31632,63.865975,3.75,1.361643,14.789904,9.636983,0.993374,30.243686,5.7389209258131,3.6725,0.776056,1,
2019-12-01,119.601912,59.859088934054,1.453576,4.1123160370588,1.317351,770.3905,7.016311,30.274662,3378.050645,0.899828,22.943193,6.723521,7.805379,297.580493,122.022105,71.183558,14009.235488,3.475972,109.093716,1175.363957,4.147562,19.13428,1.517479,9.037143,3.3535909090909,50.778469,3.844615,4.299284,62.977034,3.75,1.357057,14.442791,9.432713,0.983091,30.199511,5.8506126486495,3.6725,0.762434,1,
2020-01-01,119.632063,59.962248997596,1.458483,4.1460397448803,1.30839,772.647727,6.921604,30.038199,3311.189355,0.900894,22.71647,6.732303,7.77294,301.251049,123.496364,71.289605,13725.361768,3.460879,109.33262,1167.671032,4.079003,18.804038,1.514504,8.95383,3.3272272727273,50.841529,3.82953,4.305186,61.953761,3.75,1.351606,14.422797,9.508535,0.969748,30.463755,5.9285028660781,3.6725,0.765091,1,
2020-02-01,120.49699,61.304632179586,1.499876,4.3401819593929,1.328317,796.3795,6.997025,30.173003,3411.052759,0.917069,22.972671,6.851727,7.774905,309.207139,126.717,71.510946,13785.029703,3.432473,110.069926,1195.431169,4.162584,18.831177,1.564823,9.291964,3.390075,50.774018,3.92191,4.387036,64.109716,3.75,1.38995,15.006278,9.691342,0.976455,31.328713,6.0704090642205,3.6725,0.771162,1,
2020-03-01,121.350805,63.119246118126,1.609086,4.8827164087736,1.394039,839.375455,7.021889,30.146499,3877.048387,0.904184,24.040655,6.754526,7.764878,312.677148,134.708182,74.526435,15244.035904,3.603765,107.510132,1218.794813,4.299159,22.373726,1.652949,10.220161,3.4913636363636,51.03023,4.016785,4.36572,74.562569,3.75,1.416921,16.658505,9.835346,0.957615,32.095682,6.3451713795214,3.6725,0.809157,1,
2020-04-01,127.475001,65.575179360438,1.590064,5.3222656462958,1.407435,853.379048,7.075899,30.084085,3977.393333,0.920667,25.099945,6.869696,7.751282,328.394563,144.445,76.21759,15815.61597,3.569474,107.689087,1223.456768,4.355318,24.27013,1.667231,10.43732,3.3975,50.695754,4.183223,4.453398,75.258642,3.75,1.42461,18.581644,10.02098,0.970809,32.632618,6.8697536404501,3.6725,0.806015,1,
2020-05-01,128.620527,67.615066290121,1.534154,5.642320331754,1.396066,821.805263,7.107124,29.951174,3858.191613,0.917339,25.015438,6.841259,7.752013,321.773931,143.881053,75.674093,14859.125889,3.517585,107.197007,1229.527019,4.341507,23.455254,1.641183,10.078647,3.42115,50.560752,4.151293,4.437229,72.687993,3.75,1.418175,18.114871,9.721341,0.969977,32.062482,6.9286874760783,3.6725,0.813492,1,
2020-06-01,128.72752,69.400282646914,1.450335,5.1876453968027,1.355405,793.718095,7.084636,29.657551,3701.604333,0.888553,23.707576,6.623953,7.750293,308.942297,135.6385,75.721254,14205.574256,3.455786,107.618647,1207.319973,4.275424,22.287245,1.552597,9.534275,3.4701666666667,50.053812,3.94958,4.29986,69.315436,3.75,1.393758,17.125254,9.318186,0.951842,31.167275,6.824525987287,3.6725,0.798621,1,
2020-07-01,128.374226,71.30264557111,1.422529,5.2867547211441,1.350601,784.729091,7.009634,29.429201,3657.866774,0.872574,23.138001,6.497797,7.751079,306.45979,138.263478,74.922385,14531.494955,3.431248,106.770804,1198.762699,4.264026,22.422411,1.518592,9.296797,3.5167045454545,49.393295,3.882698,4.221833,71.536975,3.75,1.387689,16.76631,9.035432,0.934548,31.414644,6.8773581162911,3.6725,0.789358,1,
2020-08-01,128.330406,73.152360001889,1.389353,5.4429875937952,1.323456,784.661905,6.928833,29.393419,3783.025806,0.845465,22.123475,6.295363,7.750264,294.999676,136.6725,74.595697,14712.932682,3.399951,106.023167,1186.539672,4.185477,22.197199,1.515977,8.94499,3.5639285714286,48.767815,3.719678,4.090026,73.851759,3.75,1.369253,17.233744,8.715674,0.910346,31.20627,7.2827162049298,3.6725,0.761603,1,
2020-09-01,128.717516,75.053083524234,1.383005,5.3993237734471,1.321741,773.402381,6.812286,29.211696,3750.215333,0.84805,22.679087,6.311011,7.75019,305.828866,137.966818,73.545565,14833.5746,3.421863,105.576395,1177.56937,4.149725,21.657177,1.499456,9.140572,3.5549090909091,48.525009,3.793369,4.121756,75.989904,3.75,1.365661,16.735519,8.84378,0.914678,31.374799,7.5550972215858,3.6725,0.771296,1,
2020-10-01,128.933561,77.423470590148,1.403047,5.6195590242518,1.321338,788.267143,6.728191,28.697071,3833.788387,0.849257,23.110981,6.320492,7.750378,307.881552,138.995455,73.535524,14733.009224,3.394128,105.211897,1143.96949,4.152027,21.283774,1.506241,9.275699,3.5956136363636,48.497622,3.856856,4.139906,77.650722,3.75,1.359513,16.446491,8.829525,0.912023,31.248496,7.957672381046,3.6725,0.770622,1,
2020-11-01,128.695643,79.933236842105,1.374134,5.434421949482,1.30703,762.884762,6.602048,28.537222,3685.626667,0.844779,22.358933,6.290179,7.752604,303.99107,136.813333,74.216223,14212.904675,3.36001,104.42004,1114.817069,4.111809,20.407156,1.456232,9.078055,3.6077619047619,48.25857,3.797306,4.11437,76.886703,3.75,1.34692,15.546436,8.643247,0.911096,30.446672,7.9856715580192,3.6725,0.756973,1,
2020-12-01,131.596074,82.637872222222,1.328504,5.1487267495395,1.281517,734.733,6.541034,28.202857,3466.127097,0.821741,21.62133,6.11476,7.752083,295.009583,127.462857,73.632669,14155.578434,3.246965,103.766465,1094.96919,4.056244,19.960808,1.410175,8.711291,3.602619047619,48.09199,3.680123,4.002087,74.152324,3.75,1.332716,14.897784,8.360346,0.888617,30.082975,7.7098386149555,3.6725,0.744699,1,
2021-01-01,132.673675,85.970835,1.295261,5.3491530474326,1.273017,723.556,6.46877,28.006111,3491.321613,0.821664,21.478821,6.112087,7.753131,295.137222,128.577,73.120054,14060.124465,3.225009,103.78096,1099.912077,4.038734,19.923546,1.390611,8.517403,3.624575,48.064022,3.724917,4.004178,74.416814,3.75,1.326109,15.142728,8.294999,0.886867,30.012458,7.3997506368595,3.6725,0.733442,1,
2021-02-01,132.93566,88.674622222222,1.289957,5.4086250665861,1.269159,722.6265,6.45869,27.941053,3554.504286,0.82661,21.388905,6.147281,7.752934,296.046901,128.3465,72.802874,14054.04063,3.271755,105.383723,1111.829985,4.045674,20.297082,1.380634,8.49687,3.645275,48.273097,3.717095,4.029701,74.358566,3.75,1.327557,14.765804,8.339479,0.897486,30.01095,7.0909127255042,3.6725,0.721383,1,
2021-03-01,133.736926,91.066368181818,1.297999,5.6516362290153,1.258068,726.366087,6.510379,28.268261,3612.768387,0.840449,22.001353,6.249809,7.765314,307.276368,127.323478,72.824742,14400.899814,3.311414,108.738183,1130.85174,4.110374,20.795591,1.40246,8.527576,3.708152173913,48.560861,3.865511,4.10848,74.492767,3.75,1.342559,14.982875,8.546889,0.929934,30.78793,7.6750840146331,3.6725,0.721703,1,
2021-04-01,132.95435,92.863845,1.297703,5.5574342922262,1.250194,707.845238,6.515889,28.238182,3650.776,0.834848,21.643358,6.208559,7.768927,301.02597,125.846111,74.64591,14537.55976,3.272984,108.936114,1116.950302,4.120415,20.036393,1.401616,8.380159,3.69945,48.474144,3.808158,4.11004,76.092594,3.75,1.333623,14.399953,8.484064,0.920952,31.347629,8.1752849467676,3.6725,0.72234,1,
2021-05-01,133.531933,94.104826315789,1.288768,5.3075166242125,1.213005,712.2595,6.431057,27.9165,3735.666129,0.823353,21.044201,6.12263,7.76536,291.195411,123.128947,73.20969,14320.323226,3.262288,109.147915,1123.407494,4.128224,19.981424,1.384641,8.309927,3.7735476190476,47.935919,3.728353,4.05502,73.997927,3.75,1.3299,14.060686,8.354674,0.903077,31.279059,8.3855708752549,3.6725,0.710217,1,
2021-06-01,134.002323,95.25429047619,1.308448,5.0374958152659,1.221411,726.5445,6.424389,27.78,3685.042667,0.830167,21.131069,6.173477,7.76185,290.528938,121.851905,73.575495,14357.985572,3.252246,110.098791,1122.74232,4.134572,20.012013,1.4067,8.421964,3.9103095238095,48.181764,3.736404,4.087586,72.595012,3.75,1.333363,13.910048,8.399219,0.908212,31.440847,8.6187941904412,3.6725,0.712869,1,
2021-07-01,134.885059,96.237780952381,1.347152,5.1541435401419,1.25243,750.440476,6.474174,27.997143,3826.449,0.845902,21.685788,6.291207,7.770533,302.209459,124.430455,74.534735,14505.682014,3.2709,110.261106,1145.743853,4.202454,19.971858,1.432322,8.777881,3.94025,50.13179,3.858731,4.166487,73.929386,3.75,1.35503,14.519902,8.626463,0.918304,32.640018,8.5931104880144,3.6725,0.724206,1,
2021-08-01,135.338,97.213814285714,1.369248,5.2572350404414,1.259578,779.828182,6.476238,27.859091,3881.183548,0.849508,21.637056,6.317672,7.784104,298.889759,126.225714,74.124449,14379.398907,3.223117,109.826204,1161.064944,4.21861,20.068507,1.43331,8.85157,4.0861904761905,50.195273,3.88121,4.18227,73.573175,3.75,1.354719,14.767656,8.6784,0.914221,33.092937,8.4770772075193,3.6725,0.724522,1,
2021-09-01,136.459464,98.284995454545,1.366794,5.2650485299421,1.266738,783.62619,6.45756,27.720952,3821.537667,0.849631,21.574215,6.317916,7.780905,299.52828,128.261364,73.604971,14257.493034,3.206713,110.158244,1172.931143,4.167705,20.02374,1.416861,8.65412,4.1074772727273,50.22572,3.881388,4.203239,72.872839,3.75,1.34786,14.56177,8.641604,0.922466,33.067945,8.5559283001119,3.6725,0.727997,1,
2021-10-01,137.132714,99.24912631579,1.350648,5.5340771516371,1.244372,813.9505,6.421615,27.9225,3773.384194,0.861965,21.976113,6.412842,7.779759,311.01468,129.006667,74.953777,14179.304927,3.214444,113.09842,1181.962991,4.163899,20.455395,1.418112,8.459743,4.01505,50.713812,3.95716,4.265041,71.347672,3.75,1.350929,14.851751,8.667782,0.923011,33.455183,9.2060803826872,3.6725,0.73004,1,
2021-11-01,138.223086,100.31007142857,1.368282,5.5575299853494,1.256419,812.624762,6.389192,27.809,3902.901,0.876236,22.248976,6.516807,7.79064,319.425962,130.691818,74.473561,14279.055918,3.117932,114.0021,1184.327021,4.178865,20.865014,1.424877,8.73368,4.0195952380952,50.353344,4.071543,4.33681,72.830991,3.75,1.356941,15.515413,8.80371,0.921969,33.093675,10.731657599335,3.6725,0.742882,1,
2021-12-01,138.895357,101.8885,1.396099,5.6477515684295,1.279445,849.121905,6.368903,27.748095,3963.133548,0.884663,22.334017,6.578573,7.798744,325.112165,130.176364,75.352399,14317.542565,3.133998,113.943368,1184.103517,4.210906,20.892185,1.472845,8.962444,4.0369772727273,50.351875,4.081543,4.378376,73.861267,3.75,1.362686,15.864837,9.087827,0.92077,33.555844,13.628418108924,3.6725,0.75086,1,
2022-01-01,139.543281,103.9846,1.393861,5.5388962010842,1.262351,822.05,6.356662,27.672,3999.616129,0.883871,21.628328,6.576936,7.792289,317.031148,129.11619,74.444012,14342.082089,3.136627,114.907434,1196.3974,4.189757,20.495984,1.483948,8.84499,3.8892857142857,51.262052,4.02364,4.3711,76.504375,3.75,1.350985,15.492416,9.155475,0.919283,33.238098,13.568861237067,3.6725,0.738057,1,
2022-02-01,140.546115,106.30711052632,1.395251,5.1931296344771,1.271602,807.068,6.344247,27.871579,3935.835714,0.881733,21.548153,6.560785,7.799522,314.778913,125.211,74.971907,14346.64246,3.213955,115.197497,1197.819111,4.187372,20.438138,1.497302,8.865129,3.7908,51.281629,4.011027,4.360864,78.404665,3.75,1.34671,15.223552,9.288606,0.922373,32.634954,13.658242555638,3.6725,0.738761,1,
2022-03-01,142.488817,109.4585,1.356429,4.9809689486462,1.265996,799.187391,6.345085,28.431304,3807.170968,0.907563,22.695467,6.752598,7.822778,341.840979,130.134348,76.228148,14340.852026,3.240899,118.621772,1221.270987,4.199719,20.554542,1.456521,8.836649,3.7387826086957,52.106735,4.313145,4.490837,103.990095,3.75,1.358747,14.987056,9.571686,0.929809,33.259572,14.632688201839,3.6725,0.759054,1,
2022-04-01,143.568438,113.33447368421,1.355732,4.7470713190819,1.262065,815.123,6.43484,29.093333,3792.982,0.9245,22.591056,6.877463,7.840925,346.58577,129.364118,76.171185,14389.188229,3.245511,126.297161,1236.581998,4.271769,20.079277,1.47732,8.893955,3.7411111111111,52.009378,4.29777,4.570891,77.899186,3.75,1.365845,15.053751,9.538774,0.944012,33.796304,14.725992463301,3.6725,0.773415,1,
2022-05-01,145.570745,117.77367,1.417655,4.9602248051027,1.284592,849.39,6.695864,29.599524,4019.079355,0.9454,23.398706,7.034254,7.848983,363.438673,130.992857,77.309526,14579.311974,3.380488,128.797172,1266.913409,4.380946,20.029491,1.561388,9.591254,3.7575454545455,52.390829,4.394948,4.675962,63.312741,3.75,1.382205,15.895372,9.922467,0.978958,34.403281,15.633396755192,3.6725,0.803284,1,
2022-06-01,145.806105,122.73574,1.424073,5.0373925350403,1.281348,857.7695,6.694826,29.602857,3930.766667,0.946557,23.398483,7.041631,7.848179,375.486791,131.168,78.095657,14701.498332,3.411335,134.002052,1279.293865,4.40073,19.996236,1.575144,9.748052,3.7471428571429,53.721879,4.399132,4.680171,57.178557,3.75,1.384141,15.805015,10.034813,0.969643,34.953753,16.999889336914,3.6725,0.811781,1,
2022-07-01,146.314157,128.44539047619,1.45958,5.3758026775898,1.294865,953.70619,6.733494,29.8745,4367.805806,0.982536,24.163666,7.312656,7.849086,397.061418,136.62381,79.596326,14990.112544,3.468714,136.734618,1308.636184,4.440392,20.529835,1.614811,10.004252,3.9021842105263,55.920378,4.68526,4.853305,58.2214,3.75,1.396159,16.86116,10.390054,0.970287,36.379669,17.478738977898,3.6725,0.834665,1,
2022-08-01,142.450548,135.29029545455,1.436653,5.1448155194335,1.291304,904.352273,6.801665,30.09,4322.469355,0.987459,24.260956,7.345984,7.84654,397.119533,138.491364,79.536995,14833.861186,3.298435,135.140827,1321.125584,4.466128,20.131407,1.595494,9.706831,3.8737954545455,55.827877,4.664387,4.832744,60.391918,3.75,1.383883,16.706257,10.37147,0.956842,35.848864,18.03947020065,3.6725,0.834418,1,
2022-09-01,140.559909,143.62523333333,1.496837,5.2305491571371,1.331841,921.0075,7.019708,31.278571,4433.651,1.009978,24.822288,7.510835,7.849352,408.307056,141.742727,80.240606,14993.569049,3.452104,142.95638,1395.459263,4.54491,20.066882,1.685973,10.273471,3.8977045454545,57.640402,4.789303,4.958934,59.8215,3.75,1.413683,17.556072,10.893012,0.973477,37.035271,18.324428819112,3.6725,0.883518,1,
2022-10-01,140.263062,152.59289473684,1.574975,5.2572963440445,1.371718,955.894737,7.194049,31.959,4711.830323,1.017846,24.965969,7.571679,7.84969,425.817917,144.014762,82.354363,15441.781269,3.544254,147.295108,1428.449406,4.694445,19.997215,1.760849,10.577483,3.9787142857143,58.765261,4.890042,5.013958,61.115843,3.75,1.425218,18.138297,11.145957,0.996456,37.948508,18.589477887819,3.6725,0.886136,1,
2022-11-01,139.251141,162.11833333333,1.515645,5.2764826545196,1.343977,917.052857,7.173986,31.433,4926.660667,0.980708,23.899576,7.295256,7.829991,398.79531,144.130909,81.701479,15660.230958,3.479779,142.33331,1357.580104,4.609436,19.450217,1.650416,10.135513,3.8773095238095,57.511225,4.605858,4.819176,60.852995,3.75,1.386812,17.489334,10.669893,0.965212,36.371691,18.613050391811,3.6725,0.852182,1,
2022-12-01,137.577482,172.90316,1.481294,5.2497355000777,1.357903,875.661429,6.975291,30.652381,4788.490645,0.944418,22.920775,7.024261,7.785027,385.044385,142.372857,82.479831,15585.493742,3.452777,134.886621,1294.443158,4.412306,19.60633,1.57338,9.867195,3.829175,55.614309,4.422923,4.648843,65.814987,3.75,1.351689,17.2864,10.374977,0.931662,34.770434,18.662293415698,3.6725,0.821135,1,
2023-01-01,136.253295,182.24409090909,1.441639,5.205512413885,1.344137,826.335714,6.795227,30.3865,4715.203871,0.928699,22.250744,6.907941,7.820285,367.817389,143.068636,81.854937,15256.60288,3.448019,130.519767,1245.753696,4.326784,18.998847,1.564955,9.950578,3.8327857142857,54.942074,4.36238,4.573186,68.875975,3.75,1.326437,17.115378,10.406134,0.925008,33.285955,18.78624628133,3.6725,0.819235,1,
2023-02-01,136.42091,191.89239444444,1.448065,5.1694195753813,1.34394,798.2575,6.836268,30.228947,4803.1125,0.933363,22.131799,6.948638,7.84656,359.243463,142.9065,82.596541,15150.287405,3.544868,132.898198,1277.707586,4.367828,18.621462,1.588263,10.223129,3.840875,54.826822,4.42568,4.581626,72.78275,3.75,1.33114,17.900806,10.427058,0.924456,34.057674,18.850319538777,3.6725,0.826466,1,
2023-03-01,135.990457,203.10553636364,1.497742,5.210784364236,1.368336,809.503913,6.894324,30.535217,4766.305806,0.934169,22.124273,6.955469,7.848629,359.671745,140.028261,82.306583,15287.42356,3.618916,133.595186,1306.131693,4.466693,18.423958,1.610611,10.542518,3.7796086956522,54.721636,4.380675,4.601936,76.103586,3.75,1.340876,18.271729,10.488419,0.925534,34.480682,19.006817297819,3.6725,0.823874,1,
2023-04-01,135.4444,216.55591666667,1.494253,5.0143699139007,1.348641,803.836842,6.88939,30.5595,4542.674333,0.911788,21.369498,6.794451,7.849645,342.231383,136.343125,81.99678,14874.096882,3.635752,133.58277,1323.936758,4.427576,18.070845,1.611358,10.502182,3.7656111111111,55.440615,4.223519,4.501028,80.995543,3.75,1.331971,18.162608,10.336883,0.897725,34.235704,19.353505545139,3.6725,0.803409,1,
2023-05-01,135.952157,231.190835,1.504286,4.9775006924641,1.35152,798.635455,6.989238,30.729091,4540.089032,0.920274,21.714579,6.854689,7.836778,342.681573,138.3525,82.322671,14831.380756,3.668354,137.055868,1327.169093,4.520434,17.736276,1.608792,10.798199,3.6887045454545,55.768846,4.172735,4.55341,79.212595,3.75,1.339449,19.039999,10.464336,0.897288,34.202341,19.77901173142,3.6725,0.800978,1,
2023-06-01,135.900073,248.76167,1.490605,4.8617694042894,1.329803,799.8725,7.16332,30.840476,4209.268,0.922596,21.860738,6.87264,7.832139,341.910808,137.799545,82.210951,14939.639441,3.64437,141.270392,1297.474361,4.63159,17.251843,1.631674,10.809894,3.6508571428571,55.791568,4.115666,4.576058,83.319333,3.75,1.346547,18.733059,10.772413,0.9008,34.91772,23.762379437,3.6725,0.792151,1,
2023-07-01,135.042748,266.46468571429,1.485267,4.8019685641,1.321931,813.397143,7.187955,31.2005,4069.233548,0.904425,21.608697,6.738675,7.816689,342.830382,132.764762,82.148483,15048.236277,3.667039,141.036086,1283.514713,4.590215,16.919561,1.606032,10.264444,3.6037631578947,54.886533,4.018456,4.468892,90.474048,3.75,1.334285,18.187145,10.523814,0.874009,34.586652,26.513009626989,3.6725,0.776475,1,
2023-08-01,136.044109,322.1341,1.541796,4.8976506996807,1.347884,855.659545,7.25081,31.823913,4070.725161,0.916717,22.100306,6.83152,7.825837,352.968533,131.829,82.8241,15253.271088,3.745921,144.808172,1323.036516,4.61062,16.976699,1.667997,10.462884,3.6928157894737,56.341664,4.088729,4.529562,95.285348,3.75,1.350804,18.766689,10.828382,0.878891,35.013468,26.930422799962,3.6725,0.787377,1,
2023-09-01,137.018824,349.99801428571,1.555813,4.9393470727356,1.353218,884.403684,7.297713,32.0435,4004.520667,0.936042,22.82143,6.979678,7.828677,361.727842,135.23619,83.058366,15373.951408,3.818242,147.702213,1333.418004,4.682362,17.293854,1.685873,10.719722,3.7296666666667,56.782454,4.30423,4.648069,96.622259,3.75,1.363071,18.980356,11.083753,0.898622,35.852397,27.018244217788,3.6725,0.806504,1,
2023-10-01,137.166114,350.020415,1.575091,5.0659930924399,1.370353,926.347,7.308831,32.302381,4222.433226,0.946756,23.275269,7.06319,7.824634,364.820377,138.706364,83.212726,15759.848385,3.979318,149.62059,1351.327214,4.747077,18.071402,1.696135,11.008924,3.8444090909091,56.79873,4.272323,4.703657,97.122281,3.75,1.369211,19.066816,11.026989,0.903907,36.49645,27.881553058743,3.6725,0.821765,1,
2023-11-01,134.548018,353.84041,1.53923,4.9004391961717,1.371987,886.614286,7.225581,31.875,4038.804667,0.925352,22.658001,6.90138,7.807135,350.89283,140.121364,83.278994,15594.59803,3.805372,149.754135,1307.099329,4.68807,17.385389,1.668724,10.916059,3.761880952381,55.780693,4.07383,4.599223,90.41279,3.75,1.34866,18.540945,10.686949,0.891517,35.465225,28.659952683884,3.6725,0.805484,1,
2023-12-01,134.332452,641.99473157895,1.497147,4.9005693984696,1.344104,874.665789,7.142167,31.2515,3948.206774,0.917265,22.451435,6.838798,7.80989,350.208597,138.107368,83.281037,15510.191074,3.674258,144.208058,1305.340356,4.661791,17.213817,1.610362,10.580994,3.7336842105263,55.574133,3.97497,4.55945,90.817186,3.75,1.332971,18.654987,10.276752,0.866047,35.017593,29.095140715016,3.6725,0.790353,1,
2024-01-01,134.420736,818.34545454545,1.505925,4.9123181198949,1.341677,907.986818,7.171082,31.211429,3915.19871,0.917013,22.664984,6.838346,7.816883,350.346919,137.042273,83.112024,15634.632719,3.713205,146.228331,1327.099395,4.686432,17.081132,1.620632,10.408262,3.74,56.019845,4.002593,4.562079,88.680288,3.75,1.335969,18.813607,10.347192,0.859087,35.214576,30.093277425086,3.6725,0.787457,1,
2024-02-01,134.449824,834.91403684211,1.531641,4.9616358396219,1.349224,963.442381,7.193399,31.433,3931.438621,0.926394,23.374785,6.90626,7.821607,359.476896,137.755714,82.967509,15654.528892,3.644912,149.496806,1331.557002,4.767885,17.084789,1.632096,10.546304,3.8218055555556,56.033221,4.007228,4.608463,91.518255,3.75,1.344502,18.998281,10.422062,0.876566,35.860019,30.81503964529,3.6725,0.791754,1,
2024-03-01,134.449519,850.33772105263,1.52556,4.9812503057786,1.354484,967.9325,7.201611,31.692381,3899.34129,0.919791,23.263287,6.858489,7.82262,363.397105,136.993684,83.011992,15695.144828,3.627785,149.719466,1331.984181,4.715982,16.796033,1.643647,10.597475,3.7095526315789,55.864422,3.961482,4.572068,91.731633,3.75,1.340409,18.851752,10.398856,0.888131,35.944987,32.02924256553,3.6725,0.786643,1,
2024-04-01,134.471714,868.958335,1.535317,5.1250569556373,1.366685,960.138182,7.238992,32.335,3867.975333,0.93221,23.564202,6.953907,7.830714,365.818529,140.172,83.398692,16088.909516,3.751171,153.842528,1369.829547,4.767077,16.786538,1.677262,10.891083,3.7131590909091,57.023764,4.011056,4.635925,92.958567,3.75,1.356666,18.866222,10.80559,0.909871,36.778598,32.340313487981,3.6725,0.798509,1,
2024-05-01,134.413587,886.86363636364,1.509183,5.1356694524459,1.36695,917.877143,7.233124,32.328636,3869.100645,0.924899,22.955137,6.900259,7.811364,358.109773,138.686,83.38491,16070.473998,3.705286,155.872827,1364.166243,4.714278,16.79145,1.648084,10.728093,3.7309772727273,57.824997,3.958333,4.601725,90.607153,3.75,1.350863,18.412887,10.746269,0.909158,36.632012,32.241890283907,3.6725,0.791389,1,
2024-06-01,134.499205,903.77941764706,1.506247,5.3804878545471,1.370932,926.081053,7.254512,32.376842,4042.797,0.929492,23.032123,6.933227,7.809544,366.942085,138.78,83.475074,16355.060924,3.724766,157.84151,1380.627243,4.71053,18.231206,1.630229,10.612533,3.7846315789474,58.720355,4.016354,4.625843,87.75688,3.75,1.352082,18.414999,10.489295,0.893719,36.706423,32.594219305779,3.6725,0.786737,1,
2024-07-01,134.351752,923.76515454545,1.499214,5.5380668468977,1.371096,937.560909,7.262014,32.645,4036.921935,0.922184,23.329789,6.880042,7.809242,362.273353,137.811304,83.599017,16251.83934,3.679842,157.853196,1382.891537,4.678803,18.111878,1.658524,10.803842,3.7644,58.480485,3.948583,4.586032,87.49165,3.75,1.346569,18.254466,10.634754,0.892303,36.263678,32.917638444814,3.6725,0.777704,1,
2024-08-01,134.202241,942.92044545455,1.503937,5.5573913762851,1.366714,929.895238,7.150139,32.235909,4065.546452,0.908168,22.86741,6.776251,7.795844,358.45879,137.91619,83.912549,15755.654008,3.73069,146.262754,1351.93561,4.414268,19.143037,1.644944,10.707301,3.741325,56.952175,3.897686,4.519559,89.160161,3.75,1.315747,18.041091,10.404176,0.858217,34.751126,33.696343278156,3.6725,0.773332,1,
2024-09-01,132.473286,961.8254047619,1.476613,5.5404434376777,1.353938,926.214444,7.078402,31.956,4182.512333,0.900436,22.600327,6.717232,7.791107,355.54871,137.045238,83.811913,15325.898509,3.732419,143.240012,1331.500752,4.263065,19.596077,1.606857,10.612117,3.7682142857143,56.056909,3.85034,4.479104,91.234505,3.75,1.296311,17.616405,10.22709,0.84762,33.328834,34.056855685556,3.6725,0.756569,1,
2024-10-01,133.166183,981.56817727273,1.490353,5.6128442532334,1.37505,933.812273,7.08703,32.092857,4249.47,0.91713,23.20146,6.84112,7.769981,368.606507,136.789524,84.028033,15579.97169,3.76178,149.683031,1361.640107,4.299945,19.682231,1.643294,10.814074,3.7535909090909,57.464152,3.959326,4.562719,96.160226,3.75,1.309923,17.57264,10.460009,0.860795,33.393439,34.250093377144,3.6725,0.765754,1,
2024-11-01,133.505124,1001.8377157895,1.530367,5.8073073711908,1.397515,971.6,7.208144,32.355263,4408.652333,0.940876,23.805272,7.017322,7.779672,385.067442,138.028095,84.35734,15820.990648,3.717806,153.564796,1394.473749,4.43507,20.335786,1.690427,11.045377,3.77885,58.712281,4.075457,4.682034,100.68745,3.75,1.336478,17.928839,10.897661,0.880181,34.430952,34.453909994086,3.6725,0.784472,1,
2024-12-01,134.23495,1020.7061421053,1.577463,6.0929764753434,1.423427,982.296,7.281319,32.574286,4385.14871,0.954343,23.988506,7.118372,7.773677,393.17907,138.538421,84.978151,16043.654478,3.616592,153.737873,1438.089559,4.459456,20.263907,1.738644,11.208759,3.7348947368421,58.40756,4.075412,4.74774,102.259648,3.75,1.349842,18.191169,10.978699,0.891295,34.158952,34.984956264172,3.6725,0.790238,1,
2025-01-01,135.502795,1043.5643954545,1.605843,6.0280921900016,1.439464,1000.763636,7.298065,32.877143,4307.567419,0.965891,24.305317,7.206413,7.785153,397.693019,140.446364,86.289648,16257.719936,3.617165,156.394987,1452.302656,4.465488,20.568088,1.776571,11.344829,3.7456904761905,58.413408,4.101955,4.805487,100.412125,3.75,1.361126,18.721082,11.088183,0.909265,34.23549,35.550841202919,3.6725,0.810462,1,
2025-02-01,134.99346,1058.4625,1.587404,5.7675457144741,1.43038,956.62,7.274878,32.811053,4127.953929,0.96042,24.084429,7.163968,7.782171,387.182728,140.4775,87.044671,16346.254017,3.567769,151.83177,1445.442818,4.442869,20.482628,1.76116,11.19599,3.6983947368421,58.048961,4.007206,4.780025,92.742305,3.75,1.34673,18.483263,10.802658,0.904085,33.795239,36.198545767927,3.6725,0.79784,1,
2025-03-01,133.640538,1069.0347222222,1.587804,5.7716044344553,1.435977,932.551905,7.250495,32.979048,4137.684516,0.92544,23.137309,6.903457,7.772864,369.997128,134.43,86.519274,16471.795852,3.657072,149.138189,1458.764815,4.435013,20.244301,1.747093,10.686732,3.6525714285714,57.384226,3.87013,4.605685,86.023414,3.75,1.336312,18.267758,10.150085,0.883523,33.796075,37.168114328111,3.6725,0.774577,1,
2025-04-01,132.648705,1121.5679842105,1.591615,5.7750555562544,1.400477,961.957143,7.298978,32.644091,4280.258,0.892066,22.336746,6.659091,7.76467,362.54668,129.532778,85.586366,16828.893574,3.697817,144.210988,1442.646997,4.415716,20.076841,1.71781,10.558028,3.6992105263158,56.849483,3.804468,4.440291,83.4256,3.75,1.324709,18.904236,9.789203,0.835936,33.789501,38.140969651601,3.6725,0.761556,1,
2025-05-01,132.654273,1147.52916,1.553623,5.6705029111124,1.387341,941.0125,7.212968,30.221429,4203.377097,0.886719,22.099667,6.614923,7.804689,358.181554,129.079,85.248385,16427.943664,3.563376,144.665617,1388.743478,4.264257,19.440536,1.68453,10.28309,3.6601428571429,55.632187,3.771899,4.497044,80.204832,3.75,1.293614,18.09972,9.648524,0.829623,32.93585,38.828228754872,3.6725,0.747937,1,
2025-06-01,130.551374,1181.3552631579,1.538986,5.5501806203475,1.367985,938.037,7.181275,29.623,4113.485,0.868414,21.540547,6.478104,7.848674,349.17804,124.536429,85.946915,16304.709697,3.479297,144.597991,1366.259546,4.241762,19.040376,1.659815,10.059132,3.6039047619048,56.353816,3.704534,4.381468,78.667861,3.75,1.283615,17.855951,9.560341,0.814601,32.618798,39.451222898822,3.6725,0.737957,1,
2025-07-01,129.786557,1267.0227318182,1.529764,5.5335684537459,1.368723,951.55,7.172676,29.339545,4040.848387,0.856442,21.089449,6.391212,7.849799,341.886204,121.949565,86.160244,16297.380629,3.352662,146.909476,1377.963419,4.23597,18.699444,1.667541,10.151932,3.5562,56.880086,3.643476,4.343561,78.772404,3.75,1.281214,17.769122,9.590885,0.798599,32.442901,40.237678871047,3.6725,0.740557,1,
2025-08-01,129.929433,1329.537495,1.540701,5.4543702928959,1.380489,966.3035,7.173868,30.15381,4047.411613,0.859768,21.078754,6.417094,7.826682,340.864313,123.0145,87.558293,16307.869653,3.396632,147.697875,1390.351115,4.227054,18.719331,1.69552,10.201314,3.5432,57.133279,3.663762,4.35485,80.127786,3.75,1.285655,17.731452,9.59589,0.807025,32.460212,40.835769703853,3.6725,0.743943,1,
2025-09-01,129.493714,1399.8977363636,1.516796,5.3711510751076,1.383078,960.3675,7.124541,30.369524,3922.212,0.85237,20.75265,6.362421,7.785562,333.819417,121.867727,88.305816,16535.289469,3.344216,147.926825,1393.0871,4.212088,18.502004,1.699649,9.947414,3.5012857142857,57.28867,3.630154,4.324904,82.970805,3.75,1.284975,17.456058,9.376432,0.796936,32.00528,41.331669068262,3.6725,0.740663,1,
2025-10-01,129.97213,1432.0227272727,1.528823,5.3837385078737,1.399809,953.973182,7.120151,30.603182,3877.844839,0.859833,20.90726,6.421269,7.774913,335.26095,122.291739,88.419079,16603.718117,3.284758,151.466872,1423.821779,4.215481,18.426492,1.736713,10.028451,3.4155476190476,58.368525,3.653247,4.37413,80.921374,3.75,1.296089,17.280374,9.432247,0.798718,32.575157,41.856010464718,3.6725,0.749393,1,
2025-11-01,130.399745,1427.6176470588,1.537329,5.3397610749461,1.405538,935.6975,7.10623,31.134444,3786.183333,0.865047,20.963724,6.460124,7.776546,332.354211,127.008,88.848166,16698.566352,3.25507,155.115084,1459.858273,4.154087,18.421849,1.768025,10.155849,3.37285,58.879371,3.665775,4.400267,80.315284,3.75,1.30255,17.222221,9.508146,0.803605,32.383314,42.292199279218,3.6725,0.761209,1,
2025-12-01,129.6988,1447.8377210526,1.506057,5.4492004549248,1.38092,916.163,7.045322,31.352273,3791.471935,0.854083,20.719301,6.379686,7.781743,328.787495,126.680526,90.029331,16695.131937,3.215467,155.863964,1466.816268,4.092745,18.088546,1.729441,10.114623,3.3667368421053,58.880784,3.607542,4.34837,78.401623,3.75,1.291328,16.841192,9.305879,0.797006,31.609535,42.676550035324,3.6725,0.747325,1,
