Date,DZD,ARS,AUD,BDT,BRL,KHR,CAD,CLP,CNY,TWD,COP,EUR,CZK,DKK,HKD,HUF,ISK,INR,IDR,ILS,JPY,KRW,MYR,MXN,NZD,NOK,PEN,PHP,PKR,PLN,RON,RUB,SAR,SGD,ZAR,SEK,CHF,THB,TRY,AED,GBP,USD,VEF,VND
1996-01-01,100.0,100.0,100.0,100.0,100.0,100.0,100.0,100.0,100.0,100.0,100.0,100.0,100.0,100.0,100.0,100.0,100.0,100.0,100.0,100.0,100.0,100.0,100.0,100.0,100.0,100.0,100.0,100.0,100.0,100.0,100.0,100.0,100.0,100.0,100.0,100.0,100.0,100.0,100.0,100.0,100.0,100.0,100.0,100.0
1996-02-01,100.0,100.0,100.0,100.0,100.0,100.0,100.0,100.0,100.0,100.0,100.0,100.0,100.0,100.0,100.0,100.0,100.0,100.0,100.0,100.0,100.0,100.0,100.0,100.0,100.0,100.0,100.0,100.0,100.0,100.0,100.0,100.0,100.0,100.0,100.0,100.0,100.0,100.0,100.0,100.0,100.0,100.0,100.0,100.0
1996-03-01,100.0,100.0,100.0,100.0,100.0,100.0,100.0,100.0,100.0,100.0,100.0,100.0,100.0,100.0,100.0,100.0,100.0,100.0,100.0,100.0,100.0,100.0,100.0,100.0,100.0,100.0,100.0,100.0,100.0,100.0,100.0,100.0,100.0,100.0,100.0,100.0,100.0,100.0,100.0,100.0,100.0,100.0,100.0,100.0
1996-04-01,100.0,100.0,100.0,100.0,100.0,100.0,100.0,100.0,100.0,100.0,100.0,100.0,100.0,100.0,100.0,100.0,100.0,100.0,100.0,100.0,100.0,100.0,100.0,100.0,100.0,100.0,100.0,100.0,100.0,100.0,100.0,100.0,100.0,100.0,100.0,100.0,100.0,100.0,100.0,100.0,100.0,100.0,100.0,100.0
1996-05-01,100.0,100.0,100.0,100.0,100.0,100.0,100.0,100.0,100.0,100.0,100.0,100.0,100.0,100.0,100.0,100.0,100.0,100.0,100.0,100.0,100.0,100.0,100.0,100.0,100.0,100.0,100.0,100.0,100.0,100.0,100.0,100.0,100.0,100.0,100.0,100.0,100.0,100.0,100.0,100.0,100.0,100.0,100.0,100.0
1996-06-01,100.0,100.0,100.0,100.0,100.0,100.0,100.0,100.0,100.0,100.0,100.0,100.0,100.0,100.0,100.0,100.0,100.0,100.0,100.0,100.0,100.0,100.0,100.0,100.0,100.0,100.0,100.0,100.0,100.0,100.0,100.0,100.0,100.0,100.0,100.0,100.0,100.0,100.0,100.0,100.0,100.0,100.0,100.0,100.0
1996-07-01,100.0,100.0,100.0,100.0,100.0,100.0,100.0,100.0,100.0,100.0,100.0,100.0,100.0,100.0,100.0,100.0,100.0,100.0,100.0,100.0,100.0,100.0,100.0,100.0,100.0,100.0,100.0,100.0,100.0,100.0,100.0,100.0,100.0,100.0,100.0,100.0,100.0,100.0,100.0,100.0,100.0,100.0,100.0,100.0
1996-08-01,100.0,100.0,100.0,100.0,100.0,100.0,100.0,100.0,100.0,100.0,100.0,100.0,100.0,100.0,100.0,100.0,100.0,100.0,100.0,100.0,100.0,100.0,100.0,100.0,100.0,100.0,100.0,100.0,100.0,100.0,100.0,100.0,100.0,100.0,100.0,100.0,100.0,100.0,100.0,100.0,100.0,100.0,100.0,100.0
1996-09-01,100.0,100.0,100.0,100.0,100.0,100.0,100.0,100.0,100.0,100.0,100.0,100.0,100.0,100.0,100.0,100.0,100.0,100.0,100.0,100.0,100.0,100.0,100.0,100.0,100.0,100.0,100.0,100.0,100.0,100.0,100.0,100.0,100.0,100.0,100.0,100.0,100.0,100.0,100.0,100.0,100.0,100.0,100.0,100.0
1996-10-01,100.0,100.0,100.0,100.0,100.0,100.0,100.0,100.0,100.0,100.0,100.0,100.0,100.0,100.0,100.0,100.0,100.0,100.0,100.0,100.0,100.0,100.0,100.0,100.0,100.0,100.0,100.0,100.0,100.0,100.0,100.0,100.0,100.0,100.0,100.0,100.0,100.0,100.0,100.0,100.0,100.0,100.0,100.0,100.0
1996-11-01,100.0,100.0,100.0,100.0,100.0,100.0,100.0,100.0,100.0,100.0,100.0,100.0,100.0,100.0,100.0,100.0,100.0,100.0,100.0,100.0,100.0,100.0,100.0,100.0,100.0,100.0,100.0,100.0,100.0,100.0,100.0,100.0,100.0,100.0,100.0,100.0,100.0,100.0,100.0,100.0,100.0,100.0,100.0,100.0
1996-12-01,100.0,100.0,100.0,100.0,100.0,100.0,100.0,100.0,100.0,100.0,100.0,100.0,100.0,100.0,100.0,100.0,100.0,100.0,100.0,100.0,100.0,100.0,100.0,100.0,100.0,100.0,100.0,100.0,100.0,100.0,100.0,100.0,100.0,100.0,100.0,100.0,100.0,100.0,100.0,100.0,100.0,100.0,100.0,100.0
1997-01-01,112.9845992434878,318.39805750822137,83.50866364816753,100.0,134.80964379812107,100.0,76.94572158451437,100.78083244621602,79.28970805800621,100.0,149.55902017784894,91.81473483715097,66.7649020707842,94.8133556548919,109.2331955981175,109.40527055916718,184.1504595715152,122.12230979096236,403.01565539441907,113.58431871447235,68.31197381068372,134.18060530895767,132.39909009045732,163.0322251307325,103.18202671271095,96.54842640758457,90.59277657838972,178.57640033914686,206.8857448950608,96.50552831904045,500.0800016280321,535.9639468145768,92.589241732001,94.51199942458746,100.0,105.34218473720026,77.57779267160296,126.85718489460152,1233.4481869349381,100.78036168106719,109.16910846790418,97.37502019421392,812.1801668829496,100.0
1997-02-01,116.423493494198,323.01519354408094,83.92019157606899,100.0,135.99802922186765,100.0,77.06477083903266,104.39074342481179,80.77071406782527,100.0,144.26881816658522,90.97494746196287,67.55790066866724,94.0682642096782,110.36812583873625,109.33289255136262,184.1877939028014,124.39139625913506,409.0366765177082,114.10714724146847,66.05889592691535,133.929159160621,134.92706791885865,164.15768821509764,103.46172501012614,97.00095083722103,91.72119513923664,181.14283712273556,210.82190380539078,96.7173542393774,369.0368647873287,549.0705044526405,94.64503132456717,94.89817836309051,100.0,103.66809843414318,76.65504175278267,128.59037489771382,1199.8588784831209,103.04996973591145,110.06960851287823,98.97096476932465,823.9193474927216,100.0
1997-03-01,118.51619569959607,325.32309968029034,86.50367029206292,100.0,135.49575591076862,100.0,76.27555007278126,105.50245256684998,80.97226759690317,100.0,146.26150737148294,90.81362190507258,66.12192647185816,94.27391898941183,110.67834228041708,108.92540084824549,184.43650901382728,125.07422288163103,406.1155874809453,113.900544697259,66.49917747727507,131.9870506803121,135.96303754158862,160.96322660160953,104.13507453243707,95.81595886527212,92.46777026554165,181.44000355541942,211.8453777479287,96.44672146091428,337.08608096175243,551.1135041310687,95.37707927445116,93.78486244021572,100.0,101.4020726385572,76.87920154951716,129.026697449765,1158.466514460071,103.33943063492963,109.77706083346348,99.76031655750919,818.7809179843978,100.0
1997-04-01,119.03331524208514,326.60869871554013,86.04537653206887,100.0,135.28996762502743,100.0,75.12686826266659,105.06489765458235,81.60260892254342,100.0,146.68812864578865,90.75269403730451,64.78059413895998,94.00309180721302,111.09372150078755,107.75569093485807,185.12612167187444,125.7214014831676,406.85098830159916,113.31577258309875,65.11459770140058,130.86824500981294,135.43302983792898,162.2601800124438,103.98292483742169,93.66927096093325,91.92754296978993,182.3351213611459,212.56935318928703,95.55602189895448,372.8906774543488,549.1426228784042,96.16087306523524,94.13839755302752,100.0,101.58531292680091,77.29510406722117,129.3698956494171,1102.6546372286384,104.23717523927117,111.96071479636656,100.48464922970379,818.2841602239922,100.0
1997-05-01,119.68668282626966,326.4834773241156,84.50360049908294,100.0,133.57128217566955,100.0,75.69934872874217,104.04846030443753,80.53529247132037,100.0,143.94358564528486,90.74911452364375,62.144775216765154,94.12591102491112,110.40042075732255,106.76508936359551,186.18269180984598,125.01937562106052,398.869748348106,112.35928660532232,68.87527282297468,129.51620238061489,133.43336269995723,162.07852132161494,102.90351172279438,92.02892348146116,91.66549456254559,179.76749860700667,210.09049720301095,93.83246237597254,370.88046116607234,545.3480286749399,95.46649777266936,93.6084076709793,100.0,101.32631177679473,78.60073809172707,128.8597571697766,1048.1400422768963,102.27933596501072,111.74019111815849,99.35250339758265,811.0661149598634,100.0
1997-06-01,120.28975102737056,327.70228815436263,81.85528750571181,100.0,132.68472591382354,100.0,75.35890071218302,104.15993486154804,79.95814550685175,100.0,142.78097674709565,90.34625190495638,60.283949322900824,93.4921384464685,110.0017767266867,105.86056998988647,186.90485779118023,125.07678917550409,394.2391249912863,110.79316228996703,71.51996035034342,129.28321470491647,131.72337459493303,160.8250769341744,102.30468332539155,90.56901375341107,92.20894740703937,178.13950256503833,209.60433767054437,92.75706332766698,370.7177220394886,548.4512518270709,95.33702629561381,93.69303798758534,100.0,101.03556996122404,78.36716626600312,134.11007135704844,1004.0681394048718,101.05541372644915,113.15184021102098,99.09847150490374,808.8339816044522,100.0
1997-07-01,121.11461548027897,331.1480421162088,81.69650140153628,100.0,133.16765696595715,100.0,75.91061554278818,105.19547136907548,80.78372758524807,100.0,140.94652629633316,89.57841496402035,59.51374847080025,91.80313465343937,110.91796234485594,104.58948280099074,187.9193917185768,126.87284576096755,389.25746258453125,109.46142356307622,72.12616141965151,130.4631347974298,130.6506351708967,162.64233765118686,99.55542654597646,89.05120795507582,93.26052996040036,171.90696779705635,211.58187735402868,90.20604809053879,379.6646227803589,559.0814139416833,96.7868058267242,94.17325285486503,100.0,102.35398576605137,77.92273324186306,109.73906058513829,958.0416854568439,102.422900954347,117.46162529000492,99.92312273223118,801.2850954509648,100.0
1997-08-01,121.51177113547107,335.71443058835564,83.44680066002115,100.0,133.93950404825645,100.0,75.51946598615113,107.1201895650777,82.09987328601967,100.0,138.14553776108897,89.24978107537204,59.994526464366636,91.6642203846156,112.46562731243364,104.23249723908998,188.57474682287096,128.3928129511322,366.38855511285874,112.03207404686297,71.73377425182967,131.92375727985558,124.90983992773906,164.91168497450627,98.13586935697805,89.21995043152347,94.52205147539371,164.95660328248218,215.41397007613315,90.2621742082547,374.7234990410286,570.0169390077203,98.82358137945701,93.78405267030323,100.0,102.72595651379027,78.19076558596392,104.73425081458831,918.9521527975485,104.59442068896931,115.17683143291721,101.63375679088938,801.5242805694132,100.0
1997-09-01,122.45840468030458,335.25738567741524,82.40750286834788,100.0,132.66092829275277,100.0,75.61995269117006,107.2233733819325,82.76593963914465,100.0,127.286244262016,90.14030200884827,59.916913193216125,92.46100726637795,113.08000676961707,103.65876242852079,188.0682849024771,126.96699325092347,335.62694571789456,111.7782645584745,70.7979451899487,131.29696896481016,115.17270431253033,164.8605710767124,98.32912340532951,91.3741743661761,95.02455744949981,150.93337938914988,216.1406761217651,89.23579310893041,365.8656111855131,558.9405923933941,99.43712555451816,94.92211673563628,100.0,104.67187526870771,79.1086585347078,97.35963681301337,871.4979769122617,105.90773706170387,113.54195536670824,102.13923770216493,802.8306953745168,100.0
1997-10-01,122.81331456397983,335.3698188322823,82.94266708884281,100.0,131.4581124646407,100.0,75.57574401418475,107.43287460604742,83.37651648921934,100.0,122.66965275025024,90.67090836043535,60.20939112335299,92.6654521160783,113.80095207382202,102.53144897465735,185.86567641343413,127.86845524707967,282.73011989084245,110.45136101673398,71.67980203095091,130.08986646607477,106.86909540611131,163.10061393702557,98.77364524154054,93.15026961697677,94.37143826226608,142.8626598750548,206.55805911973678,88.82292417908516,354.45710230908554,550.2922248877051,99.98612991471353,94.11571763888351,100.0,104.95822819856386,79.2286180500106,92.32366278902285,823.8689818957075,106.67069368000197,114.83093685863899,102.64236637578779,800.7580836340541,100.0
1997-11-01,123.49165068964096,336.7835907699343,81.04601651656746,100.0,130.74666043266717,100.0,74.35147849264398,105.8410658226804,85.02062337964115,100.0,119.74405766652983,91.27056716176288,59.063249264772246,93.03325722452087,115.06749306687023,101.49284448187541,185.35716462754485,124.63530174822021,300.67497666599604,109.51590127100594,70.04380728805234,118.26591488486503,105.94047139401519,154.93326636116655,98.54361240853711,92.31503174033075,92.99179240787039,144.92915072671278,199.94410176192082,86.10942284507148,348.07906256236447,544.573379473328,101.56174052731144,94.31031421289077,100.0,103.9309417598089,80.91560921717596,89.88754393709601,778.1457893336894,108.9688052618477,118.27953346746136,104.47431748390818,801.1686245787203,100.0
1997-12-01,124.63042060250038,344.3487816310833,82.15034157781686,100.0,132.93157552446831,100.0,74.19429909994298,106.1621589481938,89.70976109896804,100.0,121.0426359282931,91.30946346855096,57.771909547092704,92.92265286252592,118.45324734387681,101.37969857761281,187.98394859579227,122.16269931800655,226.14197084041896,112.0535669483366,71.5267050633097,83.75932422376523,99.2390806221913,158.79666023705624,97.79771443572936,91.97491294983013,95.22885096755857,140.1048037358451,207.49713405220177,87.79756361305856,353.7473834870181,555.7199959758468,107.81270417951994,95.3553377852194,100.0,103.44735920419248,81.11665648430719,82.85251360458648,750.0178177088444,116.20888628756047,119.64238943095475,108.14585161105738,801.129431011426,100.0
1998-01-01,125.44619848471368,351.2233685744912,85.5622356084781,100.0,134.4833497167023,100.0,73.77803921544499,104.87491387057209,92.7009434022857,100.0,119.61806531981453,91.16659997549205,57.81245861474743,92.83877185678655,121.3052381847891,101.2931800534342,188.31900650337923,126.23299563298136,121.72008265728658,112.55271244820193,75.52096950430935,77.0405186338796,88.9646974764253,157.39646587368924,98.54348667163919,90.71193894115346,95.73710053794015,125.50112369932135,213.87081186310658,89.49004051784713,348.020945676189,560.6382238068759,111.67059811483935,94.71139229576526,100.0,102.6013613959712,80.65229135764423,71.87425293005406,718.1880181484119,120.44817503634222,120.67812319453925,111.35404008633296,798.851366135893,100.0
1998-02-01,125.67380444856744,350.5940167595276,85.95556934113246,100.0,132.78816181283696,100.0,73.91853048102853,105.27886572758585,90.97317296587516,100.0,117.37518301913497,90.94802198719931,59.1888207445668,92.836712363136,119.48803999121729,100.53259091888305,189.4502112465085,125.84006757805098,123.43271075922242,111.42877575910329,76.18640036701436,78.95474043912198,99.95046854190075,152.12474070573174,97.030429981217,89.83762497824563,93.73505906796422,129.405526780983,210.88579096394312,89.25073212270203,351.06049374085063,554.4498110937275,109.91953836371073,95.96599224312658,100.0,101.49348681029784,80.98831710296147,80.7303885803954,679.8348601743265,117.51507001500067,120.27525971907005,110.01397035355696,788.1844505320023,100.0
1998-03-01,125.80721087930999,351.52720744023173,85.20454516281686,100.0,132.04938178707383,100.0,74.85965745664043,104.20458694570169,90.67585596644612,100.0,116.64856164886395,90.70783653375682,60.324055351241036,92.15131372038053,119.01665010178388,99.56056827428367,189.069490225564,123.95668655227709,116.55361068818546,111.67563235565869,73.5022303773131,86.40951862223051,101.09250207326828,150.76009775087283,95.31582265189523,89.37897910730919,93.65445917908343,133.67501773169928,210.48548538069167,91.49326793374722,353.5487566426406,551.855307579279,109.42719946903851,96.89711690092776,100.0,103.02828046795665,79.72392678519206,89.82778962427703,644.4346898640841,117.21072336040919,122.10976410155013,109.59524526555693,779.9058177653504,100.0
1998-04-01,126.08707771199504,351.523345201842,82.5275743377103,100.0,130.83949065153223,100.0,74.14898101410769,103.61310037767686,90.45558838289894,100.0,116.51596996066915,90.95010387589123,60.555272945825266,92.12390460685074,118.74414456537778,98.86942675859245,190.05322641867244,123.03403645815882,137.0533807098031,107.87051691828111,70.9799763011198,92.56347899651377,100.76086158344617,152.0522260003333,92.42332228090149,89.45090607220854,93.28208420074783,135.31414255940902,209.2337890306704,92.17518291532197,345.8993904663649,547.3707904816305,108.85557795978656,97.7791513470935,100.0,104.51119783037495,78.4645040229702,93.66750014386173,617.3540513193503,116.83548094839654,122.45815660911678,109.53635256820971,766.0445391331344,100.0
1998-05-01,126.76944104068235,352.07952199845704,80.75376171809735,100.0,129.9738861539901,100.0,73.39323290714067,104.06766899822347,91.24462582103487,100.0,114.32281154958656,91.75976035650869,62.104570387927836,93.40022372831784,119.412649144508,98.34498337802668,190.9990132949686,121.29897499113778,115.33676691150558,108.68159481178414,70.1379175736749,92.88453206292941,99.70886640445238,150.61808355082388,91.17683678583256,89.87354560818252,92.59112205652501,133.67545424330217,210.19638742013393,91.14072438307724,340.017248108362,540.9439489799469,109.5419331996587,96.25415230306088,100.0,105.44276299442672,79.25598483102556,95.88942074801639,597.0857581323224,118.25095198371436,119.13133976966664,110.50688933007623,758.5603553388013,100.0
1998-06-01,127.05311973008313,355.8192534847788,79.72419963473378,100.0,130.3809750537812,100.0,72.59562816115408,104.74233090492307,93.0591850416494,100.0,115.19551465344662,91.86303573129526,61.22055140863159,93.43760812442096,121.01856226722063,96.9028336173596,192.68521688058001,117.83503811265727,85.51312225727136,109.56278253897051,69.07702197309423,95.39745718372667,97.70002590924769,145.17361402699845,88.99795375282143,89.13417049813256,91.25857618951973,132.8890191407557,212.63972037890778,90.49803901462161,339.7419248185645,543.1980673828896,111.54474428402,95.06238176265778,100.0,103.37249348382036,79.02155336303102,91.01203089188591,581.4871207472625,121.35134127743675,121.65480327668885,112.92266201161097,752.257647681859,100.0
1998-07-01,127.12566070954223,357.76490633709136,81.65828858240573,100.0,129.83530414755126,100.0,71.57702959223364,102.68169873585751,92.7751833182167,100.0,116.65516156239877,91.8248621934564,64.1870489926073,93.42381813074442,120.911640694528,96.47644480806612,192.80581521613098,117.61387853871246,80.98139174151974,110.01713031134368,68.8236689576153,103.3795206471749,93.8570421205796,145.57625635059873,89.67563997046854,88.92553019158478,91.06325414617177,128.3837529571226,205.08701088353533,91.12637358605109,336.1127944906972,540.6825867870863,111.39181039042508,94.61146032934808,100.0,102.6590048733774,78.20855911362797,93.5488897697161,567.4570804764043,121.04693457774982,121.60534328738726,113.26044176821071,732.9188798121784,100.0
1998-08-01,126.4432139855841,360.03566083642016,78.39337429058197,100.0,129.26673657865442,100.0,69.52438798745861,101.95770851462898,93.77366033675482,100.0,115.84690446324907,92.46523462449552,63.8633776906714,94.42330325465086,121.54550548025477,95.72709102524647,193.65846692863568,117.57299023310776,93.94134914300209,108.89171662503274,67.06968885565246,102.60677557876103,93.80932759894361,138.49054419683821,88.2073337601404,88.20005712387872,90.39182564797447,125.66155342694545,206.09165444740873,88.77782554967804,337.288069419378,488.4321722415665,112.1966172722193,92.78505039384353,100.0,101.11886735005724,79.27809974632073,93.48630368472749,560.2438451232613,122.29842032149318,121.08792605399871,115.39849926945736,719.0129113151843,100.0
1998-09-01,126.59198396468472,357.7342220961521,76.0979066017536,100.0,126.93144169984487,100.0,69.66486040118306,100.74845170026565,93.28023811216836,100.0,105.06258117875453,94.77453160712368,67.74644838228198,96.77024804081685,119.59108829369815,98.96378194224805,194.49424377378577,117.47401563951487,101.02668229027252,102.93835916413774,71.52486914781495,96.49340564931833,101.0151153415015,126.68021971328747,87.0999112529867,87.68390826206627,87.26225023007258,120.39412985745552,201.33046816260688,90.0410965261304,340.57116651501576,221.96131044392394,109.66480229556635,91.41718934437681,100.0,101.16557251568233,81.84513138980846,93.45025201359492,567.7139548452575,118.48392039071531,121.27822731834077,114.42921292646177,705.9805000438619,100.0
1998-10-01,125.65432971969432,353.0536647978306,76.58807465390363,100.0,123.47670842262109,100.0,68.16816968097294,99.7477581461385,90.14243363027514,100.0,99.16922657123365,95.52167915738127,69.3350393039497,98.13776785016334,116.56695794406143,98.93412336164893,193.8105537240268,114.98776970975548,123.54631472587603,92.25382516472284,77.89433188394953,95.23574478892672,96.6316277122294,126.55146733999996,86.7197945755124,87.2853834514348,85.7295966694168,118.17377718687283,196.03405053757567,90.65695686528767,323.5063237179737,199.72860865685286,105.96042427010947,93.49554614136154,100.0,99.14573649846639,83.463751684413,94.76727257168042,549.3028680027297,112.63206359669469,118.90445866966444,111.64269333313727,719.8467184671231,100.0
1998-11-01,124.24019383933103,355.32980002264105,78.24040909952566,100.0,123.72105198624823,100.0,68.38560199797496,99.9770855968763,89.82822176184075,100.0,101.28260197580978,94.93947680879569,69.46227366489917,97.40365059115388,116.46126488310861,100.40099415631802,192.40663628859255,115.42766665896957,136.70089416839147,92.63822097126764,77.67878355107048,98.7022625904462,96.12555071509291,128.79510374823738,88.02666737190313,88.71919806467054,84.9713041669114,126.40147703573585,196.64399908986553,93.96517902422782,313.2773832016306,195.25124517516707,106.0186905829349,93.20098460246587,100.0,98.9674858523533,82.05354862458712,98.72908943369822,530.2860532457252,112.17784006086393,118.24612503578085,111.43397265840397,722.3123278991214,100.0
1998-12-01,122.48920742320865,356.0062437779364,75.64013626224528,100.0,122.10805304615239,100.0,68.11935104621,97.28227248572712,89.20489550095046,100.0,103.6866743318065,95.4278147270359,69.35017733564374,97.97949638591817,115.70663556905289,101.9410065951103,193.3350681693272,115.00116195097809,135.80545003866519,93.48359541761585,79.5427785927657,104.82926052825535,95.31886730594084,129.73984587483548,86.1219445405389,86.77019145714486,83.39433570917083,128.0701815077188,195.69099567716307,93.72956149297427,299.2068707573983,159.86953722946893,105.00213328169549,91.73834774714071,100.0,97.95891807621425,83.11653024519903,98.58319598643868,512.2729867297585,110.63050544031654,118.54765111493373,110.66953330809035,724.9149583163767,100.0
1999-01-01,121.93903283286281,382.4727043926302,76.84213211826251,100.0,97.58323762929952,100.0,69.03948219975979,98.03517478651153,88.96409298502661,100.0,101.33295299790615,95.50097768055683,68.57916922730706,97.31022464174845,115.40506618542659,104.49595617042378,194.54242239937577,115.82223600128536,121.4108578146315,96.32657146617272,82.85337372011519,108.48602599087968,95.2042224811047,126.2616148551118,87.8798021534008,88.86045413135105,81.54290022918923,129.86385426924517,196.1307981986674,94.05298158959387,282.80686523946355,140.95117164412224,105.24658305976237,89.78635740507603,132.34325500888443,101.66822226606698,82.39732197799201,97.34782634457378,492.40038955429117,109.66659764563889,117.91163777947689,110.89533319920328,731.1921024774512,100.0
1999-02-01,122.10541452862078,416.78308425151675,78.96886222615967,100.0,77.69379153729125,100.0,70.32983270662332,97.19674376096205,90.34102618443252,100.0,103.27929715207634,95.00879757439439,64.65900111312222,96.6659365212955,116.40844760936335,104.6092311243515,194.96699435679434,117.55233654960237,120.40834374597176,98.55654871602528,81.12030985439932,108.83598285929543,96.54940574679534,129.2027733836578,89.49705994256479,87.94567652533706,79.88499492010202,129.98967374629808,198.83137302095304,90.61618840967914,269.99119990071205,144.658708233386,107.56128360321206,89.6273045737908,132.5684294666806,103.0269534009429,82.25448870934925,97.69897690239296,477.038778482854,111.5172220750236,119.20206015185282,112.1608432945403,735.1604623762205,100.0
1999-03-01,121.39937764616519,419.60473015240825,79.01466103095302,100.0,79.48324687492408,100.0,69.6310449706237,98.28965491251796,91.72243005837755,100.0,105.30707039354625,94.45386264419689,64.29498180841502,96.2236464762137,117.50382869833406,103.35991647201983,195.6219460457865,119.22517710842632,120.2643494714446,101.09518575572474,79.91408816905276,106.41795185989258,97.94260059354252,133.16440623277916,88.88525526763718,88.8345934837936,81.02432381289904,131.44118532400594,201.21180990282767,89.48181880296839,239.92888950971647,141.5782909634287,109.4063172653183,89.0253169178721,132.7635361215618,101.83961640200796,81.85563062172493,98.0814792830975,461.8127042427094,113.33980870320413,121.29774369975334,113.43952724138933,733.7768538271963,100.0
1999-04-01,120.15162753852286,407.02265239573336,80.29353097507324,100.0,89.33383551501993,100.0,70.93782146820938,99.63341194438172,91.6694297803942,100.0,103.86593945446666,94.01539542225048,64.33471988106149,95.79809706068103,117.47205993603207,103.94107417988681,194.9446285678423,118.8711304356749,124.10667130290909,101.05234968217955,79.67413080114498,108.11495667949053,97.71079911798377,137.36954021589216,90.36847467992443,90.33122960572963,81.64165448243409,133.52950787643135,201.5890390098476,89.7550685629526,235.39704784487773,136.28966245233224,109.46959177599209,89.88746735439459,135.19427884645282,101.44108592155952,81.138384977488,97.64795038590995,445.6096253114492,113.3621516801416,121.55171208135388,112.64880949184388,721.1672769962818,100.0
1999-05-01,119.65385304138263,406.9631267019469,82.81523547696133,100.0,90.49184114438283,100.0,72.37657015463057,99.17703912003901,91.76672303238864,100.0,99.60944015409544,93.75968270089611,64.61472063440375,95.59360003315346,117.49995510436675,104.5161410434287,193.86905889148719,118.6186511903848,134.65896333458497,99.94729002703674,77.78884319116857,108.96206164948093,97.71026587721067,138.1546959350763,91.32991943946364,90.99283803327455,82.45093093383448,135.18412475857488,201.4881788932873,91.54696896266047,229.09210818654674,141.0149728762017,109.72826638383563,90.01391974155929,134.37036090610607,100.38438071455434,80.95041795679253,99.49856787004266,429.6379993849821,113.65473965648458,122.44627724218358,112.34745366015221,713.3910917837026,100.0
1999-06-01,120.2008067084668,416.0386487098405,82.10507727763907,100.0,86.94749893751488,100.0,72.05489503288906,96.39567022740974,91.57510102988054,100.0,97.4381592197821,93.08330051271864,65.30245689072258,94.84239499485119,117.40813585679435,104.28499567023141,194.83975813820237,118.11724357435283,145.63160018931862,101.6757493439427,78.65602414230887,111.59212474084062,97.53942219427415,136.38686201565469,88.35684569054585,90.91179918279803,83.23977932302769,134.78435164027823,181.3055073121641,92.86821704535986,225.62979374557548,144.7347534230952,110.20192862840621,90.18457504475103,137.68206987215842,101.29355344149069,80.7733215454711,99.62768365133392,417.2566863112145,113.69900491047488,122.72214836987739,112.97410392435481,711.493064296817,100.0
1999-07-01,120.56090022070647,419.74898919008695,82.03077705273674,100.0,85.39714061135093,100.0,71.14094160703598,93.78562046922238,91.41631686853545,100.0,91.0426897843878,93.1235536372376,66.31340342073683,94.6577388924854,117.26936711195725,103.80384945833063,195.07122299022282,117.69331385882928,157.9666432442747,101.73662407208155,79.4222044292017,109.50588930415088,97.18618928871128,138.46391189956515,87.22206596673078,90.79818837249614,84.23387023898783,133.01549562871872,180.49590888393408,94.64250661034433,224.75527736704865,145.55806482974654,110.3182443302714,90.95923430534215,137.6827981117451,102.33469530260977,80.33885511569873,98.77018124707926,404.99629922843593,113.46972661045507,121.20628149805886,113.17083149282739,707.4176340362627,100.0
1999-08-01,120.86829998833544,422.20625663031876,79.60740947029463,100.0,80.77090275356908,100.0,70.58012480029905,93.67620993636919,90.27722441700249,100.0,87.37052006874403,93.65942547121328,66.85707746020549,95.03232061714937,116.3644558152,103.16488245159925,195.6131048868975,116.23591767358437,141.81448117769085,97.83002476588945,83.88860531778568,107.68805650972719,96.1165346413889,137.99543720190178,86.63292564820519,90.3061257265935,82.79455841497928,128.00054657434,179.00233058399715,91.08560028177732,219.25787518460675,141.02526352466413,109.11855691099272,91.1378061863122,135.07166200985455,102.83939313546952,80.94626032191357,95.04656245915672,390.0459854449518,111.48116027187471,121.79464447162552,112.23185979064101,702.5479003312428,100.0
1999-09-01,121.08077752519107,424.1718944554217,79.8256056232496,100.0,80.28270725782136,100.0,71.16326343994066,91.2845217037569,89.56879602533667,100.0,83.15560030792864,93.23395276336224,67.05534719191724,94.50433431619999,115.86868329788611,102.40976062850665,196.40705346669165,116.11100871903855,126.20190453865771,96.97725646859332,89.3493268911147,106.96631714999528,95.74109309247058,138.55585020663318,85.46135409031275,89.91203902709235,81.67980069703663,124.22737071495924,178.54147708702976,88.9590070868445,218.04774179584547,137.41961536597415,108.82287264909421,89.79512899149458,136.3156009879141,103.69640341248727,80.49699632068081,89.63523020927894,376.64563648294376,110.26960991051627,123.68584196494483,111.57509640644889,694.6857170255889,100.0
1999-10-01,121.41026466840694,427.23942516089704,79.59084022170198,100.0,76.96610113889115,100.0,71.11058576562803,88.67611434224578,89.01449558465309,100.0,82.90483565885461,93.72474882131718,66.78699585185201,94.95059669241367,115.24870872021357,102.0339338917656,198.61610814155628,115.11302421332819,137.4949937037856,95.60871876605769,89.61001123865313,105.76272509954426,94.85847747044359,135.19348093432933,83.54532192360614,89.70287508835575,80.26282875832983,123.12881020707873,176.75624442542107,87.16460057979553,211.32512765483918,134.4726597197941,107.99952656306249,90.44263502108473,134.01513118230426,103.08015645574594,81.2736234727439,90.09478506701534,361.0019810226951,109.2258464285188,124.78154766254117,111.19816551729782,689.250762538818,100.0
1999-11-01,121.81513205970703,428.8210653348562,78.00165529128161,100.0,79.27252598352716,100.0,71.70139755505761,87.9759615205009,89.00489178225293,100.0,84.86585471797062,92.89225713877377,66.98873309241826,94.12041297692932,115.35831166033891,102.59061802929578,200.33011736367015,116.42890948890864,148.17439374480062,98.04972632320039,90.93674760297813,108.51139476056375,94.74151416931831,137.51634568311118,83.77060463768076,89.78828979434357,80.69171959253934,122.82437201061236,177.93410384426357,86.72213536371038,208.049702256401,134.80478383370243,108.52852171969283,90.89967240032198,134.96786201124578,103.23144050838052,79.95667795319143,91.74052404572399,348.02607876563354,109.25694964365944,124.8231940026255,111.28210308749986,686.0264193559184,100.0
1999-12-01,121.91277332104316,425.04339600295714,78.05066164227235,100.0,83.47656467417077,100.0,71.32655491428027,88.65598272330519,88.67282082982798,100.0,87.75976939527997,92.19250161696408,67.28299986155648,93.38011672410418,115.25631791547106,102.36745779076175,200.7537601730305,116.77654693942043,144.73567387685426,99.68101725627282,92.94531990879504,112.17067852521683,94.53610585372128,137.4696603173124,83.04932789762611,90.0223272588187,80.7705857129338,121.95263610265104,178.41321248554794,90.01748805790045,205.8620922387334,133.69720504202402,108.5353630707996,90.48202319065413,135.64282359039038,102.91489275749481,79.57464460147861,92.83367545501365,332.58571580487717,108.82488936696197,125.72055895027464,111.41661193948926,674.4105018796926,100.0
2000-01-01,123.3633646270801,421.9517028255663,80.22399141176687,100.0,85.25588625155936,100.0,72.60487248755604,91.57574385146712,88.86215867714438,100.0,86.19748896274932,92.2382667261125,67.50846918487369,93.35679871696388,115.09544394639151,102.50684875707381,200.82025273034668,116.55473163841603,142.34167505291913,101.59714358841812,90.3604761933361,112.98666964865541,94.55412725755804,136.3170648544132,83.53923710843459,89.67908458203085,80.32063790725822,122.4289310347618,178.14453164881067,91.5326886015456,202.580575756393,127.08292457076202,108.60599703398552,90.43784681867504,135.81082985907253,102.77248514632467,79.17214511704302,95.24413358465338,323.0880275309825,109.13276463612343,127.60218018755228,111.12924619255612,665.4866826900902,100.0
2000-02-01,124.28619144675382,425.07517389002805,78.12914554157236,100.0,87.13239016045942,100.0,72.75178042827463,93.90009934029531,90.21472556277799,100.0,85.67393062860765,91.70644242206323,67.88568959673869,92.85086976610657,116.13897127443622,101.58119809851296,203.49263411155496,118.19035946146789,141.77953407231504,104.65766212693704,87.48172343300068,114.65968550356823,96.07644760461658,137.787375862323,81.51303206454877,89.31222327448575,82.02125089828834,123.68220845778654,180.59637422758672,92.97675234990342,203.8342095380584,127.82452501996731,110.38555985887896,90.00511453895102,134.1214373115172,103.22805203515443,78.8804015816914,95.79574184885576,319.4782542949449,111.3379780761047,127.27798463792477,112.49531695535977,662.2361965391023,100.0
2000-03-01,120.66750407489326,422.85413408082303,75.63861599065883,100.0,89.92621738428124,100.0,72.28716382144711,95.28292374313922,89.95410662654471,100.0,85.54671232938188,91.12092528973363,67.66192280220535,92.1952306879999,116.12267279495654,100.60931288004645,204.34418440259216,118.85493401645597,140.8111791835595,106.79716125593595,90.35419126247484,115.96272384706101,96.0564492257226,139.81949041014823,82.04685692264565,88.4488265522829,82.35434769991926,122.47137941332089,181.32958767565088,95.6017478501946,201.37105905111744,130.495394650944,110.45846682852766,89.32114719216376,131.80077684664434,104.12842261805524,78.49994019797855,95.26255047499296,313.72636313938415,111.0474349852141,127.07990152184688,112.50552805920819,654.9715701900265,100.0
2000-04-01,119.32721687230907,426.8237107039136,74.13508642627164,100.0,89.35931911697034,100.0,72.00676390016366,94.9008306316071,90.09381814302854,100.0,84.57521508933482,90.57339268321776,66.21219676730996,91.56449473086202,116.14720732649965,99.70518128749673,205.6058755872908,119.27903625764571,135.5736636224015,106.47680943292099,91.45804658458798,116.85891496452567,96.12929192334289,138.5628744117488,83.53373254111995,87.19272821816195,81.78221534962769,121.79290691328913,182.15740455778996,93.82021271119744,199.06267645095332,131.51312802344756,110.81268150024613,89.70656988997152,129.4072998321242,105.0892262491721,79.54756910791885,95.18206955651898,308.9259499993614,111.26004592301366,128.91414125853115,113.06188221660656,652.0751960946567,100.0
2000-05-01,119.99737777469646,438.5565665812177,73.38940245777769,100.0,88.06830986400612,100.0,70.98363687262889,94.17241037046095,91.65223546949487,100.0,82.99756509696921,89.94630005785461,65.5411671860355,91.06447119040288,117.44149617297394,98.80742888753865,205.97327266674563,120.77524916801534,128.3554215517688,106.54349807716179,90.47450637886229,117.7483076951747,97.8360570512967,137.4272849400465,80.70222646229813,86.16882357624111,82.66106437115617,121.73298269732919,185.687446070162,91.6985578388207,200.14428499013027,137.49865201500947,113.19835944967991,89.97187706495326,125.43884799796017,104.77289826315395,79.81176196815566,94.49313836161683,307.6481114092029,113.84827608663299,126.54389768812631,115.67740816686016,653.1780482236645,100.0
2000-06-01,119.51437759210204,432.29295852787004,74.38681745703094,152.34626200687603,87.57581123852681,119.41178271426307,71.65162135553527,91.58667656659347,90.65467766316533,100.0,79.67747709431752,91.21139338627673,67.14614044979473,92.1280708420649,116.57048785832693,99.51247757052248,200.95498044451125,116.74184920205583,122.69335239381734,105.2518070297388,91.60476569123504,116.70667531472733,96.93226181815135,132.5105828643934,79.81566620579514,87.05669196055442,82.08781246699147,118.19329841383397,183.5152614801843,90.34739060890266,187.4305565175195,133.77278671271202,111.67580540377988,88.79451571705684,124.91609944813425,105.249707663087,80.64544052679867,92.7749642015547,299.61443228842944,112.4970891326583,122.93154177346834,114.60373543121389,649.8809507397408,158.06316552094287
2000-07-01,119.52409921449265,433.4062422497558,74.239895536266,155.08213610015096,88.52435076257727,117.39091520343787,71.63793397735344,89.51991716709841,91.28112684548084,100.0,78.33550187234695,90.9219310076538,67.6296407879735,91.97906591211391,117.01878570744073,99.0066259469502,197.1162916204706,116.95838671212529,116.11750368459278,106.23435844560554,90.54308806683761,117.77345856614538,97.76453059395098,138.2418297434082,78.75532613592699,87.63853929857298,82.43694765180122,114.19172871438631,184.43242247484213,92.76827686472667,183.90006633673343,136.5227733173134,112.39764650312438,88.69694943687833,126.45516290618912,103.70067634189391,80.9968204685605,90.74615601585141,295.7899460012351,113.5542312821227,123.82608241671423,114.7091777522751,646.3950685361642,161.55076647332652
2000-08-01,119.49603036908142,438.99307977153444,73.77925804272635,154.3958361446592,89.29780712625912,117.91604429745126,71.55126557047792,88.83513954757764,91.81542394376423,100.0,77.98369855063153,89.94729812651308,67.67628965215292,91.15559645545348,117.51095168365933,97.90693894708411,197.2190451354184,115.80808314902127,126.91351008000701,109.22320218658265,90.7926295967267,118.32058992475308,98.07739112004803,140.92970708546028,76.75935134083339,87.45778803825294,83.28929069005922,113.54753259670356,186.10324179536718,94.57724308664329,182.6400681714434,140.38769884804483,113.41403034598336,90.37766404434224,127.11470848488075,102.67721503149122,80.11715308489366,89.76186977299663,294.5801862984794,114.61752253961788,125.3418606179352,115.45910098390273,647.0251019322286,159.9456834628402
2000-09-01,119.63306854393691,446.35937881542446,71.14569375518089,147.70987411681884,89.05878088511108,119.96316706089085,71.65306689349538,87.2707646304957,92.37612966786931,100.0,77.67422990151775,89.26255833078216,67.23784086533645,90.57603088008226,118.21012736016556,96.73919051868374,195.09154906931076,117.09087070685871,125.08266713925597,111.44856005176244,92.92801396220558,118.97719609565863,98.88458880533513,140.22863390773938,73.2977094405097,87.58790396972542,83.97008017930307,112.04850532409665,188.438507365444,94.71609710762941,178.84926501834138,143.76636072815361,114.53897126857622,90.07943097018403,125.92583871533559,101.55777825593488,80.48089395481634,88.12337329855845,293.76515934509496,115.64908199926222,123.64806756434221,116.59544122925935,650.3676287542954,161.82349291371122
2000-10-01,120.65667577258907,452.70948131554843,68.76839152913192,148.761921146054,87.88149383451123,122.33476382268955,70.51362851471794,87.69910873337261,93.44811381397834,100.0,79.52208373147585,88.7643787812614,67.50149788197123,90.45306861549648,119.00613912056414,96.19568195557743,192.76990440607216,116.93270094080846,122.13667558440449,110.80985212588483,92.42328241836057,118.86087148522697,99.97620749168549,137.8138086778565,71.60578661546434,87.34701551758015,84.04329134602877,107.02588537434951,186.27357184125765,93.19692544269125,175.03347887449377,145.36316341331928,115.84555361357285,90.32086419319847,121.93739124369773,99.61425456701316,81.02533004703965,86.22873776825917,291.50596348927644,117.21312008835869,127.02213305022214,118.37348505016661,650.607667757495,162.3585095966789
2000-11-01,122.2361778145886,458.5218396349417,68.42114561373477,150.76060613674005,85.01063489516117,123.15413409223707,69.16324782862885,87.02077874916787,94.04655335104844,100.0,81.26015824045344,89.0574410163239,68.76990058210623,90.6827195064696,119.4124026701766,95.8512428941215,188.39262929834447,116.34181585707006,117.44275497526388,110.81894965494942,92.59537593797202,116.49445813717317,100.55919315701138,138.41693925090865,71.8683795875738,87.95975658306571,83.55749966670311,104.47605002956549,174.10574056387225,94.96911316149107,171.44049521836862,145.76544961840133,116.62493700479646,90.9048210970597,119.23244533049638,98.66306826467357,80.77572969766194,85.75434849511741,289.170821926923,118.25678871811134,124.99603224159874,119.35850315943387,649.0749236510698,162.95836665461135
2000-12-01,122.94651321634313,455.06265268268606,71.24995837463322,147.41378802132232,83.17655602008024,121.07117026821011,69.82984249622933,86.44326421336248,94.33373267176674,100.0,78.71197421239154,90.24152650137461,68.77942965407611,91.66845416852767,119.2550770365024,96.58651267830737,185.60618629456854,114.85014019962749,116.08960776294053,109.40385133420205,89.45367463926254,110.72435101772797,100.4476881185178,138.9035758574697,76.19173741488416,87.69857644654134,82.95808509662875,104.33005091381837,168.110207576132,96.6458649467351,162.66788510248043,140.30188389874743,116.29397547134914,91.37882899569254,117.55079185358672,99.66947580135742,82.34550307030825,86.65253272147721,283.84285759011084,118.50496089379978,124.60689963073148,118.4936090314058,644.3183683020321,159.42418625177228
2001-01-01,122.91292072372104,450.3448545206909,72.48367602568284,145.54159755865544,82.72910232892835,119.86763252747198,70.81930273633974,86.62444582804596,94.76685237319033,100.0,76.33104625026095,91.6325476823807,68.74285752227405,93.02268174763914,119.19065721873932,97.75707190743049,183.62231804649576,114.31399376856236,116.13578951585006,106.53683376562329,85.45072871575368,105.56749893483013,100.64642779989907,134.26989830758694,78.64782195142767,88.27720060518067,82.27949039245573,103.0216223578265,163.90479310685572,98.26978321777642,153.6615988022128,134.90693645269,116.31952670080669,91.3755795252639,114.31273902974526,98.4008305027264,82.7487962927362,87.11026353126303,279.820013146365,119.26323046994172,122.73776380621094,118.35611356790419,641.8388546748009,158.70317319929393
2001-02-01,123.15176756810786,455.04132703328526,69.95584207268062,148.19357150667827,81.30876558049151,121.30995552046026,69.9699169635616,88.18890339836949,94.85760644700711,100.0,76.5411934665186,91.41445748933053,69.5205753406317,92.81401918162344,119.3022934038243,97.15278986093921,184.19006956959052,115.2052328092723,114.28226320287041,107.62255709725584,86.09313646958515,107.68900007081568,100.77482264076995,135.295404321794,77.7905745227554,88.2768297064298,82.44957738250199,108.4878304995226,163.51318349042234,100.34412242535782,153.39855547429937,135.9752620393651,116.80249749051963,91.06604416843604,114.85807857574663,97.33787397066412,82.11811823871763,88.3241575041176,243.50444415999442,119.59466026753528,122.30272232499641,118.93633639829694,641.6640271028621,160.50530260190516
2001-03-01,125.00488164755322,464.76127234867863,67.03974938125165,149.71002377020707,78.76625137215017,122.43152504704418,68.53768092157698,85.4797711010984,96.54361802167175,100.0,75.8491628718118,91.50094998002668,69.49794497063029,92.82884551342357,120.45365705330921,96.79713713175973,183.06554755102022,116.35898153978106,110.03118450018728,107.97042418705168,83.29108076496439,106.04056395284233,102.61237474375619,137.2899354611811,76.68823335856987,88.92132171833825,83.55776900469762,109.48075837428988,163.70212375152758,102.24447539619781,153.8198491860212,138.06974150067384,119.00254859135515,90.66595412282868,115.41472715272016,95.73388027883595,82.19320792527097,87.19300004728203,197.75794580673326,122.35970227245001,123.36977615862811,120.85160055953213,644.5234753686875,163.2691319422421
2001-04-01,127.00812546827017,474.91704512476645,67.61023439665983,152.70848171206032,75.77343347750775,125.41295788831907,68.62195920404132,84.72040968742729,97.80231840505633,100.0,74.83365767326534,91.32298617564423,69.31515431843697,92.4518173575164,121.39987846110058,96.34415397080794,174.19453453241437,117.42296381605138,102.26517317559734,109.15848637183542,82.5575037269144,104.28381712433917,104.16527394324355,141.5974722828632,75.23312998165378,88.95203640877078,83.34911658672318,107.02089494832403,164.0906333592107,104.93102687444397,154.42823655545405,140.02046248884156,120.96096090121493,89.47524150787115,114.01564978741148,95.60217448270724,82.36780562905776,85.31591508043648,159.90843295954696,124.5340618946821,124.4090332516487,121.6916781557738,645.593300474756,168.40873722988755
2001-05-01,125.56238898424377,482.7265669075983,70.18642443503232,151.65788146445755,73.11391559860074,123.90369109038267,69.40108160074232,84.16359076778332,97.67367258448344,100.0,74.28639250083023,90.63358819513681,69.33429924589171,91.82461462011563,121.41821551165519,99.06688922796353,163.16025498955545,117.37311132945874,100.73993479198724,110.7574827334635,83.97844349655193,106.63737929793389,104.07050933469348,144.73041135630297,77.45614818992755,89.56950008555187,82.76035797064597,106.57195304281501,163.26790846036195,107.5757467904076,152.74095650292324,140.4555788801623,120.83220166858955,89.4040052379313,116.38009120404776,95.33466265834937,81.54572646094658,85.20563193413793,173.2718330642927,124.28924768371105,124.87652921850585,121.32414975380439,644.9946028498746,165.3324064897048
2001-06-01,125.75672362440152,491.82849921719827,70.4645849806379,144.72232063272585,71.04263865948927,125.44706391734275,70.25503041840841,83.18219926085052,98.3873863012825,100.0,76.06485366215193,90.14525826426028,69.854189090689,91.65805361634096,122.02919966161781,102.95652281639059,159.88061402050656,118.32135753221395,100.93797593086333,111.54071783874761,84.22897377846174,107.4863495574957,104.71133581656906,145.80912607176398,76.554724969736,89.80427935557913,84.9693287515769,104.97195938100425,159.32928969744933,110.11531766240708,153.451886674328,142.31586277627596,121.7483249062127,89.79632394098758,116.60618486421103,93.18010658057105,81.70918413094994,86.23358966740234,164.9689636649135,125.37755347540971,124.7693033675519,121.86993464758761,645.9652835532079,166.833378784744
2001-07-01,126.54432751657849,498.5198815861935,69.53845190457412,145.10104392472962,68.66391402573883,126.59439873020682,70.15344627491744,78.17428458372466,98.8242889991789,100.0,76.17451549791726,90.56043548827905,70.34022444943136,92.13142413846697,122.26478330814187,102.67786933344667,163.19246580947302,117.87583886485305,105.6006672756332,110.4117946435321,82.70910921020483,107.21519014203594,105.17991160357134,144.89286804803592,75.83419893650024,89.71866967075715,85.90376840536274,102.04388689573688,158.96085406000796,103.38479785450203,151.16505094372096,142.0615156370515,122.14707595116896,89.78870095469992,114.33865161024237,93.10741852993041,82.55164781843708,85.95682940849497,150.4891549040497,126.03587601298807,125.58070375417158,122.26766407345006,643.2069835410796,165.93340883991812
2001-08-01,127.02963954669988,495.43708929254694,69.90544285951098,141.95954139673742,66.50594964139222,123.71662808039395,69.37876581148008,75.05666415843,97.06726859713578,100.0,76.07510947261764,91.76097272039266,70.58262131027638,93.12195120161358,120.86065349187429,102.89538892582762,164.22434745885616,115.5386860100843,125.70241156567576,107.34508151058095,83.46971374419793,106.93943496876616,102.80050239593434,144.84982691687108,78.2863298404872,90.04377105565108,85.19469536976742,103.06512835902409,154.6442071992137,98.6618682851764,144.325917738833,137.84568556801645,119.94040824110242,91.8525554007566,110.13975675568571,93.9628747947213,83.55802233850746,85.52706804090755,138.13567262173854,123.34232741976858,123.90657344659233,120.56454888727129,632.1593586951749,160.20014866214623
2001-09-01,127.7381871885513,503.15181442772143,67.17113192280344,141.45581634755,62.507150368486656,123.15049265378252,68.12288897378045,74.25745769713447,96.6956126952655,100.0,74.86462149380125,92.05173467746715,70.46994398565403,93.6406334428439,120.4641610484841,101.12258538803962,160.21323499652362,113.98608458635884,120.61209043435055,104.35154397835564,85.44168828117029,105.6669042581579,102.26452842667615,140.4769524502722,76.35405836008266,91.22813988610112,85.23796633871362,103.69347552458204,154.26951861992237,98.37306982256229,141.50898787251174,136.72333501390543,119.67927425351077,92.11740601213843,105.11322261771244,90.60410277742457,85.12757310657409,86.16872801127757,129.95606570819,122.56724246551994,125.38489059943483,121.07851691610254,625.2206316423884,158.78147640036244
2001-10-01,128.70833605099884,510.0174222750102,67.82060277795495,139.05999643079832,61.14790099465344,118.28706164158412,67.973042522516,71.7450105432643,97.52768739357126,100.0,75.2741824301628,92.029666934476,71.61456224470655,93.51129002382042,121.06462435514248,101.33025633759397,157.15903056337714,114.02998229387353,112.39223661158113,105.28391866507133,84.18734983519894,105.95718056818883,103.63952599308514,141.61350798134268,76.08381027955669,91.09091238699865,86.38983347517035,103.67746146824703,159.22921904968047,100.88277860369712,140.11760009332187,137.04356478653017,120.90963034854407,89.4244957532412,98.55257873084649,91.49350873498412,85.8562734798911,86.35195101583636,120.1040127815431,123.9335624776236,125.17802107378624,121.76662404484028,627.8584110453494,153.4585317802026
2001-11-01,127.8851529556765,501.6855670817831,69.92474887353343,141.64444133918389,66.10634865227999,119.9685907035423,67.06978077779385,73.53363088563223,97.88968107900877,100.0,75.54613214017441,91.36051631601553,71.85918065089241,92.7532090808928,121.42136101213588,102.39283138434266,151.99100308670086,114.86340360179979,107.63930551464638,107.95899901221928,83.65644297565629,108.0843986558548,104.21019066763897,143.8026397565673,76.35738848026917,91.27891417258822,86.76068651827788,103.71108457815072,162.90216972292353,103.4877774656283,139.40418315348057,136.9778933952467,121.24684194555732,88.65686285920077,94.67606764637132,92.36033490304484,86.06740330715142,87.51212982801965,128.80732374647704,124.49201177373762,125.27146316657574,122.3051585890509,625.799528470954,155.6870109158347
2001-12-01,126.88873071915063,489.89965990649677,69.97968122286626,146.43805706596464,71.37836967935894,124.18029937405117,67.81189678919975,75.47115102204404,98.55587999996277,100.0,75.47669234381745,91.4528411355256,73.58173203264872,93.02375061582894,121.80429524243277,104.25246864696098,155.64804152399267,115.66455448316188,111.61382199376,107.22547012108234,80.47594305045216,108.14813039746436,104.79436945832626,144.7718113640691,76.60885961467935,90.67474733264311,86.47374516044539,104.75217908850583,164.77448278402989,104.92967292472117,137.46811224290525,134.79034878455047,121.98874193312612,88.67170654124845,79.26089649728522,92.3619674590575,85.72129707182127,89.1274639549648,134.48928490384498,125.57423574160089,125.50911548838364,122.22288390042957,616.6591250413373,161.7992663600858
2002-01-01,127.05806864059845,492.95427523183486,71.04030752611025,146.80534770743373,71.63672886372979,125.11300622707175,67.00341154882223,76.20700114817642,99.8640499961651,100.0,76.7769280065639,91.2325926697909,74.57854611539912,92.7861256367018,122.62892193901509,105.65529593715459,160.44208405140935,115.46942251998856,111.68780450218712,101.35562998525307,77.42795427280991,106.783843959979,105.93261661404425,145.11901521952925,78.69931140740401,91.14447170959325,86.27028802644499,106.88408296818727,166.06258265213046,104.60220295774576,136.1763362399976,133.83580169424866,123.26888801629883,89.27355688116886,80.18643594822629,94.20896956082476,85.65654755823454,90.04944690935687,144.36404521824025,127.60916794302682,125.941488047638,123.7029364078843,611.8042707209856,163.27735166224423
2002-02-01,126.6151199209902,240.18819939522666,70.78887662695388,147.9463689493884,77.71666348707488,124.9590054297185,67.28448968186973,81.83120184300854,100.23760635851752,100.0,78.64607328197211,90.90152297858879,75.12564176497742,92.43692176215578,122.91527971977045,105.50115176818728,163.79778290189878,115.82332873890233,113.9304797205121,99.3401725614139,77.00958502590379,106.74654689902378,106.1728179580395,146.44802824236234,78.08519940971664,92.29858492747199,88.6909594860347,107.44570973861805,168.74695454089695,102.87254400013663,137.19499198143325,134.13594153727027,123.71069941322273,89.93788222164538,82.08588347041724,94.205343835486,85.17030268758529,90.78538039086106,146.77997793008925,128.38380965846255,126.27482034478324,124.26249849040067,524.0933250563629,163.98656611746623
2002-03-01,125.2508417367524,197.397189289786,71.85138506396859,148.8967030682301,81.85747786291408,124.99063275654292,67.54194000901312,84.95660267633885,99.58384534222637,100.0,78.88353195098543,90.9490365677659,76.02841983221876,92.26645238807181,122.51377042743259,105.03143360072467,164.23392341149173,115.30119298671929,116.80402288062315,98.60248330710806,78.25779711298875,105.83207269424307,105.4911829737881,146.7842598223554,79.7890255525112,93.09687675140258,89.23221731401894,107.33438180797393,168.2901496000812,103.45687481076378,134.24791622628925,132.3522227152934,123.03805035918163,89.68113880667255,81.4395035786174,95.50446010582262,85.78955422976004,91.07847375806486,146.01192917213322,127.5214713614399,125.50591291066415,123.4858257815034,509.3022230669316,163.36158585400602
2002-04-01,122.72950120587332,163.5900429556221,72.90893123341537,147.21921552403873,84.24806383741586,124.74933391743028,67.73148225121639,87.86648820063915,99.12513351221966,100.0,78.88594635265514,91.03764655011231,78.76624020714523,92.36106335377708,122.18662794200421,106.23690874326404,167.80549744175272,114.26436813307959,121.63905571612375,95.15004084329436,78.05664416571565,106.0542040082377,105.04280759432021,145.18370786810038,81.08899380159308,94.4905108830005,89.43308693950641,107.20931007578507,167.44671855325558,104.28095864451082,131.30240226220928,130.58337196023518,122.39475984636474,89.47667268143155,84.2915413483712,94.73484517812439,86.09407728498532,90.60956050148066,149.5028014049605,126.96226228999774,126.21828962759913,122.96086641254873,538.7391838615995,161.30148646949053
2002-05-01,121.08125664091425,146.3058738075202,73.37263353493368,146.05084071074285,79.21122512468705,122.98980918503177,68.88273673876878,88.18797393722676,97.29059301022575,100.0,78.08270497365115,91.9071804319045,78.6675905528683,92.95116200041615,120.84654696838066,106.3371173380428,173.1774889046876,112.2038182242618,124.29761367052636,91.89087624018572,79.77188430915984,109.58302010015584,103.17286065027689,139.3802822236088,82.86419125120176,96.69635385677043,89.28984055212739,107.80624743890507,165.08709610682988,101.61871474295279,126.82688034314783,127.6950713224325,120.22309561376237,89.66917428758238,90.54063385557674,94.64392708187424,87.40403818891991,90.33078496041219,137.6594642546588,124.18130456279668,124.58344458835735,121.61744362075365,475.9994492707082,158.04093105926106
2002-06-01,119.14143630730169,136.44411789323306,74.46657886126096,143.29787274657602,72.4988916362662,121.44727877881895,69.47241269781738,86.2445185342725,95.74886176432548,100.0,77.77752070360063,93.00098576218028,79.85672322876708,93.50862760429128,119.67568444161394,107.78927306395825,173.08427768791768,110.62103303532136,127.81833987401808,89.58340723637666,80.84586056211734,111.89240760371044,101.59786338890251,135.3317657976939,86.12735506562295,99.18350068500513,89.18420158559599,104.97313282196805,162.84293451769935,98.70084472235551,123.71151471799887,124.0816023250703,118.66366371990449,89.54025758469899,88.34700083761437,96.79911375157717,87.5173907895742,90.30423082799437,122.43177876241789,121.90142624435501,123.21027659175795,120.58799582484889,387.1617115935597,154.36338215303186
2002-07-01,116.67024482554052,139.22042532714462,71.22279613534202,141.844453328743,66.39119632669018,121.49621458595021,68.52301728072887,82.78985948569331,94.03846201692221,100.0,73.4864128874102,93.74348095808924,81.95144684238906,94.15619646092168,118.31070829067052,106.74619478746175,175.16495507990837,109.23283420533569,121.69648953357127,92.04565502166606,83.78425097732199,113.9974478225578,99.86649306000494,134.81889537187698,83.8325973894979,99.9208869937779,87.63387468755263,102.74374294867843,161.1019985961255,93.4180767620491,121.86907908203209,120.89326715587406,116.80554302603015,89.78195369423152,86.99074990661248,95.96559957147254,88.81973812689431,90.6425320702564,110.0247746488352,118.99762952232797,125.87174668432009,119.17727268781455,356.4878880057536,152.20384413786851
2002-08-01,118.18418533825819,143.53296892159207,70.3326116426113,139.9496179362927,62.601656158954825,119.83485263882847,67.59698987111695,83.06873658392617,94.75857287438957,100.0,70.40082016094414,93.53415855594844,78.94582227761062,93.99580139390096,118.8819273556214,107.15121375854386,176.09467844265083,110.58301073574546,123.41945732433803,93.62376250792217,83.74129467613751,113.26528910828473,100.51899271296176,134.43342289532617,81.75276595663202,99.33285745420659,87.85038913674057,101.07062419867631,163.15044596206184,93.43545510006305,123.04627122668106,122.09305716876679,117.64416805257166,90.29622735279904,83.70839677287641,95.97520460454247,88.50569929634527,89.19778131404459,112.76392086188054,120.065166279256,125.91130501568992,120.55895029107697,343.6343866486681,150.24416301417892
2002-09-01,119.10451720407804,145.42395177363713,71.20975211767673,140.8967877119182,58.91531838460013,121.56518213893442,67.4105853161485,81.04709334790113,95.20979211870284,100.0,68.29473794366852,93.56898059030178,80.49862397642995,93.83499126605605,119.17116401364297,107.8179904774344,172.69505781019657,110.99906476074733,123.61723231505638,91.68814225159224,82.70802411111447,112.54422626514145,100.9883369362426,131.50658982490017,82.90804476454268,100.09837403940377,87.55108448734461,100.93524219947632,163.76985404786853,93.69027172328693,122.66654386359828,121.65970363841265,118.10296010848668,90.02392064470746,83.7112338138042,96.8308114408244,88.5523783267008,88.18703574379124,111.66207179764278,120.7246267907415,127.32439433083849,121.46813522954636,327.34431693069,152.85108738393149
2002-10-01,119.63827694897493,150.68197388557812,72.09845656769296,141.66055852660818,51.68011679370513,122.17909638853412,67.31619802163556,80.55387900674702,96.11423450771382,100.0,66.86278351207135,93.75656785878192,79.24662200035128,93.76912467799362,119.74084059389783,108.12136941950361,172.40701126704258,111.54022956746863,122.30985466600059,91.33184245134898,80.94588410422134,110.690808545673,101.89502390081033,131.54458699394397,85.16995192054226,100.39878729579625,88.57305809740417,100.27497652393056,164.4677191444938,94.43841432523986,122.3892085663056,121.71127127125703,119.10856267715168,89.59796321182219,86.55464922031419,97.6651423495518,88.75264652801995,87.26682506204267,111.42648949889029,122.18718727515083,127.6758181009793,122.39867012849545,334.61904541891,154.26157440002711
2002-11-01,117.56828230869985,151.57638289915096,72.63514962095246,140.37997448197405,54.06173079626082,121.42453606118178,67.4478367391081,82.89147330575803,95.0721527110866,100.0,68.30589018975932,94.05347963254518,79.08698742008286,94.00533535370221,119.03216832172569,110.88075143634792,172.97382533912761,110.48695775423025,121.96520748374726,92.43486907406128,81.99172920026109,112.43680327846806,100.87689172871679,129.9475335504906,86.8625653835169,101.13216167196828,87.92663791058092,98.6285737165984,164.21808668955427,96.77429514170598,118.9082883664222,119.06950929001378,117.70267536179301,90.01612064736872,91.28509698629708,98.24745040676646,88.9360541483039,87.03010700552267,113.48694787964465,120.55293753124734,126.81364234663481,121.18990013138227,351.4744482942781,152.27204484069122
2002-12-01,115.96639202535093,152.39062124484096,72.55792670151335,140.1068219126266,52.93195781273475,121.47752764524068,67.93473600681804,83.5233207939962,94.86657764245928,100.0,65.94536787453967,94.47915936298479,78.16016979974634,94.33250570506442,118.84683400653348,112.37886166187837,176.1978134682459,109.92459496341186,123.64872682497999,91.59866295162664,81.37392960287852,112.3833189115669,100.55796220096353,129.48722414856286,88.91307176271303,101.91878845158442,89.36302244969791,98.09019706033332,163.79687797404276,96.41938657126572,117.03026093750692,117.64938293580862,117.24306201069301,90.4139480409323,97.76668520944536,98.53263880333661,89.3149806285622,86.7788134092265,113.40158487148526,120.24331950623042,126.48946617180201,120.64192665006664,359.4477872916522,152.19051193124983
2003-01-01,112.77774926983145,160.30904056948285,73.74799514814168,137.1405057845912,55.03519482105952,119.7404104603171,68.49149338329613,79.55958314933127,93.36954982169077,100.0,64.99440777664614,95.52053008174448,77.96652421322011,95.12519319298491,117.72116015470498,111.43190554752536,179.72008695850172,108.49175802934208,122.10078293857916,87.16051262783246,82.75121339953257,113.68787372026883,99.16016317451948,124.21128453531128,92.33374449412717,102.60972248314442,89.73474617432956,96.62108892996413,162.1839847175873,95.24123190511096,114.10500997809021,114.6237252603567,115.54879623194856,90.32725442503975,98.26821352901483,98.79163196940954,90.65193985696008,86.64512060056391,105.50606636307049,117.84244418142134,125.36350277592325,119.6446391332549,276.1921177257109,148.59528990488784
2003-02-01,111.56883592649014,167.53101594451877,75.13631557091716,136.02366708125635,52.42157395772011,119.59861369168271,69.78950612945421,77.05183847643747,93.39801208452258,100.0,63.88979710631355,96.1162282117045,77.92374386769123,95.71217953380129,117.71868279627846,109.70865009779295,182.81374406718567,108.46465451371698,122.10476145192932,86.19808487107967,82.24762926306825,112.36339238131421,99.22667670493843,120.60212846235841,94.1560684798696,100.26546933791091,90.1582801180342,95.7247525729504,162.23887694262248,93.42945284519571,115.08329425143668,114.44724884407177,115.46505018683004,89.84363535562375,102.59656854650973,99.90950266391253,90.80773935290047,86.40929185618421,106.45867914961342,117.80189105002088,123.66961149812936,119.55115764853615,287.3957726217817,148.10573238128976
2003-03-01,111.10713514912949,170.26473275906747,76.12519252094667,136.0380106510668,54.15536607402217,119.75959351437216,71.61886013984336,76.8362443605929,93.46600490209286,100.0,63.45066528584452,96.45727629515576,77.9190620122177,96.41289369393138,117.82026121487657,109.79526133282806,182.50014263754667,108.5944079955399,121.81816922666842,87.7591294207409,82.9054547265732,108.07053562053915,99.30984538226684,120.65993931155398,94.07448087893985,96.83175397713623,90.10169389535905,95.12950374573846,162.90882732262463,89.95404853528582,114.03555946286887,115.484406271647,115.61925490358288,89.49717777582883,105.69492955985042,99.65430211714099,90.84320168401804,86.6224164916106,104.24249955025479,118.01199439757497,121.56717328536004,118.84515376163446,295.88983861600207,148.17301511903557
2003-04-01,110.08881203064551,174.77067815087673,77.1036258188389,134.83791637472288,59.39763794459382,117.26064440186714,72.28847893231887,78.30308411753776,93.48517195740587,100.0,63.82366082697861,96.56305480962133,78.28542488393559,96.4960536717228,117.93265565654805,109.93262348568038,184.4713669399655,108.89819329112753,123.68860994570532,90.74316329214625,81.78908236672643,108.29603930536518,99.55059015812718,124.26613320756094,93.29254492105002,97.12215122102097,89.78669342461255,98.56435855570602,162.9890345502267,90.79315516706201,111.5849691124292,115.95279389425332,115.4429741228389,88.43969282123528,110.59870791959798,100.5311338520825,89.27776330521394,86.46337061893178,106.56592395892304,118.14581146847523,120.46813520495805,117.93303439777264,293.5165540080644,146.26621639162573
2003-05-01,104.98905984107508,172.82538755116255,80.18295755488289,132.3204784547535,61.28323191521389,118.45968146108025,75.90082988497674,77.75352489848537,91.50081452332012,100.0,64.29871866415424,98.00027194829407,79.59426777630301,97.68002127379529,116.42998069428114,111.22713959206637,185.84226427105122,106.68340044974308,126.67040779651819,90.69075846715441,82.1748485025136,109.25898810343233,97.4680258044071,127.50399025148474,94.65829242486585,98.12613171564897,87.30393860570594,97.13953690563807,159.49145931728253,90.98068311502115,109.44177412495108,111.41319652624189,113.10915155975533,89.35183731630828,106.57868252847862,102.0726867198797,89.49608874059128,86.22386199131077,111.95793335455164,114.90402652814791,118.74943269531018,113.72951362777015,288.44887296141997,145.437172203839
2003-06-01,104.219595933567,173.04062158760283,81.94827524167053,132.64618214365322,62.637055037241296,117.79559386157779,77.50841599026465,76.85948796944051,91.28330223863279,100.0,64.93727535575309,98.12057352889101,79.73209943359171,97.85280339664465,116.29507081690119,104.7543966028454,182.17246572822364,107.14033855326899,129.31823039406615,92.16518687017835,81.10393993365996,109.6329726615469,97.30163618689251,124.38200981928236,94.71549442324253,94.4250247616837,87.17952254125137,95.4878580750513,158.82941396673826,89.01679338862864,108.31132283891903,112.58133618058943,112.83756707921695,89.15041090766316,103.01461185411898,102.84746716508349,88.04893124944788,87.16478224486006,115.8897694454851,114.5933229399017,120.96086550821063,113.27657852889254,287.5999368301898,152.6787636322132
2003-07-01,107.76366821106052,174.66761478278082,82.04035563056206,133.79925564827394,63.34954837969089,119.7305307490834,76.23132901192925,78.18176585592333,91.6747612506406,100.0,64.57009606272466,97.631872355371,78.34764480942995,97.56730510504164,116.7145760713399,103.2431458977853,178.48946374798686,109.13966086898772,128.22956647016923,93.33875305695844,81.24983745275554,111.47922822725751,97.83970537714865,125.26973900741696,96.23453922860827,92.63708257752835,88.00214707773497,95.25026953730534,159.81989583341414,88.66669767914071,110.38868049624489,115.01658052821217,113.03778083189519,88.59658054053273,109.1838013921402,101.68487610686947,87.15559927681042,87.4259166115851,119.63650307416076,115.17649627104858,120.17750981055444,114.33767373837563,288.81277964879956,145.88680309078967
2003-08-01,109.77519095544699,170.09814253571386,81.12911536493661,132.26528756376098,61.45096990232298,117.48338203082054,75.45022892155131,79.12554574036437,92.12055462008213,100.0,65.01915117812018,97.20146601428924,77.07469110718402,97.29267641565947,117.08748933231239,104.49165936105567,175.2559994067685,110.74680683726572,126.11920816738743,92.47894577397486,81.61771727394039,112.2827794337306,98.21908215490994,121.85779028074388,96.36719281305885,92.70683115606462,88.74806759738564,93.40511437511081,160.78100420284818,89.75441015972704,109.86812205982291,116.67019055443966,113.3828582201744,89.07320917981045,112.84061798555298,100.62221494694927,87.18230182927542,88.15052748106858,121.33772298132111,115.74060886756565,119.53373220719479,115.83411942491159,290.8152330621334,143.26782036548315
2003-09-01,108.76461953701511,167.42780777246566,81.55517871832173,132.13609817765715,62.84260222077739,118.0717558056506,77.06142297999934,81.85504670029621,91.1160878010552,100.0,65.36709092971871,97.18752481586411,76.9782886303871,97.0911684398244,116.60332762464188,106.2543277921446,175.15747203995255,110.28646266310997,125.45963330716845,91.71178985276542,83.97127308610493,112.63020484743306,97.28240525551576,119.96091692532171,95.5535252402696,93.14104750455165,88.06452236103321,92.46979666458016,159.82267573155616,87.8943363793295,107.69111192969359,114.99531763305227,112.27278614990126,88.82070068018069,112.99895233285977,102.43789195199014,86.74639913573479,89.79520473307666,122.9599224319641,114.08942187415245,119.89913551978513,114.6449881293186,289.4532662801465,143.03774806068347
2003-10-01,107.411613697995,167.34770697585657,83.82103442807511,130.60706969561522,62.9743500007524,116.91825939349553,79.12360417981394,84.07710406751293,89.41008755048517,100.0,63.978707723184236,97.93280893361033,78.30512390841048,97.51112630674857,116.00733865155284,106.87468745481104,175.73483956920555,109.06482665229107,123.19032432455697,90.14573630016743,87.21541429730165,110.56552385295662,95.59410849668762,116.78013143534076,95.96289248529908,93.29845778375643,86.65877211981696,90.9544108622473,157.73207553946634,85.7689057432436,106.1419213029316,113.55303359818743,110.4557523813785,88.27346435158991,115.46136531386341,103.92326063727752,87.37777796031492,89.75273179582459,114.5139601040054,111.29193722149877,121.21848358531577,112.41781515288048,286.9001759032115,140.07782132786585
2003-11-01,115.62562227314986,167.02080976006718,86.39896600944145,129.8257543047944,61.874005935907164,116.96712370992842,79.83572487699043,86.99362046579095,89.45537597393685,100.0,64.66165749785758,97.91867519214236,78.35198047748514,97.34373391685688,115.7432721715378,105.47081964749148,176.2988160099034,108.56932213298205,122.16975637487843,89.3602476875879,87.52312669387545,108.70822166364084,95.55785827121849,117.14373391120434,99.61320207242926,93.52481946048576,86.58536828858445,90.28077842320702,158.46940232247704,85.34624898653568,103.31258445879195,115.01739851082465,110.53894794370342,88.63645795000677,119.39952307628438,104.04728925006526,86.78895049275519,89.3019437298276,111.19080358613702,111.31075394547231,122.08410957317813,112.17665850578311,286.6610629602882,139.36991106781608
2003-12-01,113.79426318171078,159.92622475246347,87.92328474608534,128.33681909771764,60.70447071655749,118.07405437216947,79.51531538194156,89.5244332245699,88.47746908351002,100.0,65.06294548367593,99.01605663719094,78.03173623508715,98.13709052214433,114.87440905182274,104.27103352277818,176.29659073392043,106.58207837826549,120.98741712916458,89.30739434975277,87.94709033583446,107.15865495789907,94.56712570273014,115.60099873663574,100.75987815825567,94.1314278449072,85.52922308313487,89.36176685564988,156.50472420891435,85.2785832148545,102.6155207475393,112.62670656745135,109.41966952901245,88.83047645902899,120.67903269697602,104.92217965741011,88.08677148039536,88.71966223840934,110.68289739629722,109.54152011030689,122.48591395243125,110.92067015756753,284.13789652888795,137.58595294868172
2004-01-01,108.6808511741204,159.28844249695976,90.57947000747312,125.78946165396128,61.469086097341666,110.86966234423947,80.27315087701413,92.82630162138544,87.51105501341296,100.0,65.83750755055559,99.40359686167393,77.28514356391277,98.66982010978936,114.10315526446723,104.85486506422895,181.7592485861749,105.70466933327826,121.11690004241873,87.31171617201008,88.44510797095741,106.92796276706433,93.61943610457271,118.76087754133626,102.80020544990427,90.56476242611954,84.3518256179998,88.39548276955516,154.32775101723232,84.5634265670579,101.37759655703353,112.50987659044256,108.51412748100964,86.64320714591081,110.74910953438308,104.3167797970054,87.83263983470825,89.24573100595086,115.67285197704444,108.01692208808713,125.4298141430513,109.09575484486116,281.34378767316576,135.68751725198683
2004-02-01,109.32516696504517,159.32081428603325,91.10196889442102,125.20378538199641,59.94240414962807,110.54740506920777,78.20181666350375,91.53141116184152,87.32262491719534,100.0,67.5671515484645,99.33103619358384,77.01456096456842,98.7131998658482,113.81067904734334,105.29518858608509,183.61504895654298,105.76620435375106,120.08143813694826,86.30761179956087,88.08679973002809,108.44953288163528,93.31613908526123,117.56337390261314,105.48326951815372,88.54202997849832,84.34187777980856,87.26185604410209,153.95074786129635,81.9741544889805,102.62279056201444,113.51960790697322,108.2192008755675,87.15706899042446,113.57399985668238,103.97559913314893,87.37883594291789,89.11914475579906,116.59011961249048,107.6517051596579,128.46032730000178,109.84653354794818,247.44046747064905,134.7273053298237
2004-03-01,110.98515989904733,161.59584537322507,88.85141306768884,126.83088211805715,61.16728278382756,111.26196018659058,78.39809435605777,89.31593919531953,88.18927252803694,100.0,69.58546301386384,98.55759348981266,76.26912418173154,98.13800140697833,114.26730807454393,108.70401393693207,181.067613686607,107.79142728311291,119.36678884599834,86.62295540789025,87.08984581719872,109.49661973032035,94.27478760181957,118.20115724173755,102.3894605917508,90.39139022279113,85.82433199476628,87.84143077766531,155.2611941327192,83.06165366369707,103.10689859740825,115.75156039827439,108.97045247063708,87.21625860392217,117.89226561449355,102.33060948205714,87.10119429222095,89.2800139610772,119.78986936611899,108.99649942045116,128.1055739890941,110.91883502016711,235.2833303322063,136.98466775467574
2004-04-01,113.26759197373306,166.4882314180336,88.3474272258174,126.3093172246041,61.55751112150261,114.71177271874171,77.92676512828749,88.92590827468017,88.28811426173651,100.0,70.71945341866932,97.92810136703613,77.08807027047024,97.51564562103563,114.26018013439581,109.43340516271735,178.55080073097733,110.98559677612339,118.68330008541325,86.61258282144438,88.00209403532695,110.91895087328523,94.20854406087993,115.64163031894866,99.6862142429285,92.41847155013265,86.17628934225158,88.42017051593967,155.91099227317113,82.71308517902338,101.02756446195565,116.73036255035736,108.77767396041236,88.09424050989871,119.8423387341904,102.22890855823017,87.25659235535007,89.34382617753569,117.5391233977036,109.02880889823739,128.00478783089056,111.79216394176072,235.99011163116012,135.857898731633
2004-05-01,114.32821155014925,166.2881953139893,85.0921331027888,127.4962385300189,58.423739458784965,111.32145721145945,76.00513917769302,86.37470051670826,89.58406268158886,100.0,69.21272794200924,98.2868416000288,78.53072075278217,97.72816663249036,115.07307337563957,108.61717979864454,178.06333836958294,108.80688873653924,115.54582766212278,86.39394100256195,85.30024053406913,110.01961689291787,95.5660856652053,113.62528383794451,98.01074943687307,93.8079381785568,86.73283240195477,89.82029032480851,156.50978079381412,83.56868231097462,102.03659486154713,116.3209744492566,110.51950746295385,87.76296911207221,117.34454412785362,102.95261823387094,88.4593444693192,88.21292769880546,106.22331548036772,110.96733331964815,127.48283559033757,113.65558135824101,237.70943635929873,138.1893001694396
2004-06-01,113.33066543919443,163.43992361734908,83.2042526347986,124.70953945495502,57.31799850629494,111.29239434251126,76.90989484820982,85.16125258186169,88.88232688799584,100.0,69.10728473533821,98.26552345424278,79.36792555102562,97.8223235583471,114.76387389040465,108.5699473085584,179.2019245759316,107.44905816281407,110.16983344454128,87.05212228544423,87.23491501505069,111.35400936100292,95.20628774988532,114.68209477837561,99.88211554588909,92.82841462396932,86.66620010191117,89.04557294976497,155.0297228589362,85.9854869690056,101.54034137210675,114.82621111859596,109.85429838821412,87.666775972116,122.73395816529317,102.85521384555987,89.76020513746322,87.10968968650958,106.637946254694,109.95627428312224,129.167828488965,112.61012841412624,237.01582916618068,137.2848898077677
2004-07-01,111.56595655110502,161.48893859353896,85.34214091184514,126.04529022216946,58.79522484384633,110.86564193063677,78.9907176404458,86.24481205410885,88.5943328685958,100.0,70.59044928593778,98.43309452114617,79.54554397026715,98.13199289077619,114.59086045225095,110.10646339591858,179.53556993561256,105.47440248214531,114.2054496645071,87.02862778523452,87.01251641321389,110.993158006725,94.93614044124945,113.6918468511106,101.74577744137538,90.92092266549732,87.08092755832926,88.99049951885894,153.30017505131798,88.56253746496711,101.00786028779294,113.51842914322123,109.55342720991268,87.31801173764285,128.13625526839544,102.58973047486428,89.45511981833299,86.5242870794799,108.84234664537212,109.62866235493405,129.2141944136031,111.70261701095419,235.73883529887195,136.8695156332196
2004-08-01,110.9971552346684,158.58252348833906,85.09071200589882,125.71788166479953,59.839655684869456,115.03072788078536,79.53303568120053,86.10914194244044,89.03067293010324,100.0,72.12421152091535,98.37885861200168,79.27714022948517,97.9837659329875,114.92489760662397,110.50337367373149,180.64041973411148,105.54987014653241,112.12362422262521,86.74041653946495,86.39446844837927,111.54504654081236,95.39992364142977,114.58847232430944,103.54824380060172,92.44364090436602,88.55223743836534,89.55018975299252,153.1949330672466,89.19375283174324,101.00979794690153,113.71644051610399,110.1223999052817,87.60391236916273,122.50943677095898,102.48494618527768,88.71047992963057,85.77301031758721,107.83071484031521,110.34408676977255,128.3066440026535,111.85182641645707,235.55825211144824,136.93629589467074
2004-09-01,110.7108150676094,156.91992295630038,83.96665379577958,125.77886271267356,62.071484456684956,115.07958152103295,81.02862271004938,88.41636190419668,88.81070906882071,100.0,73.23131774690974,98.52929426401714,79.40164935030897,98.02761894898963,114.77339022858082,111.12332608060822,179.85970177338814,106.06229662870206,112.65719409116024,87.52929937434362,86.59712552539972,112.25810065901133,95.11362328512968,113.57419390390295,104.43192069765182,92.27339896593176,89.18682543146569,88.75450087131094,151.84756499945843,90.42344188417415,100.83417578747529,113.44541202376897,109.81153474185439,88.49324655525962,120.6156535900353,103.74588178308508,88.55646192324696,85.6739042987156,105.77330776133611,110.09601571833032,126.12803222931879,111.30540577865915,234.5840953015418,136.6865331853988
2004-10-01,107.96373271827262,156.55196664258725,86.75184887758527,124.9100849403877,62.37628787550354,114.37910020592199,83.52421739859459,88.99437387489839,88.05500476755482,100.0,72.02932256779366,98.96852748156202,79.84767309156473,98.25600704130922,114.41027548081777,111.95615639287564,180.64898736639788,105.69970682614613,112.6493178479753,87.2064921875909,87.00067639389201,112.10285760330135,94.34091607593213,114.0900679625669,106.53262773178007,94.12021730415786,89.49260585516016,87.92658503802802,149.99141267238554,91.86303911059794,101.17091371278089,112.1500452193762,108.96638329398658,88.93616324969227,121.89745981068434,104.40017792175192,88.99639235845562,85.32453498998134,105.27589390956629,109.0296458387786,124.92780672704254,109.68148225212371,233.6246741854158,135.64648386090937
2004-11-01,104.75942524696713,154.48298122830073,89.18575195802705,122.40090227597689,62.605635237527224,112.80657818225248,86.76229554657324,88.86204166985634,86.04785427281485,100.0,72.58285127742485,99.47379215748452,80.56605639650601,98.59640759122512,113.0602945806168,112.95817743104412,182.510321170181,104.98733242203629,111.01782433191514,86.31783827934612,89.00400063501105,115.90497270841075,92.50952419241783,113.69743540024608,106.20585447127637,95.69599497743795,88.18130801855217,86.28692895804902,146.932714703861,93.44166670887586,104.72782013162096,110.32503481580159,106.5594073261801,88.92447328797029,125.4925246137361,105.60443585933821,90.81234627240093,85.68553180947794,104.82860417938498,106.01893258253841,124.6672841948721,106.7707973748716,231.30989495582335,132.44587841040092
2004-12-01,103.10994168371299,150.62265061462224,87.78126017393066,119.5129490055085,63.43031480164253,111.67316281197334,84.87380522813314,90.87621492143816,85.00112037090717,100.0,75.43523964809555,99.84321552232205,82.36452988027115,98.88994941178893,112.25798340973634,112.95350228942156,190.19877202755583,106.36458209347228,107.27331871177735,86.03452147471022,89.0446844876818,118.9862277879451,91.61645340050084,115.03797002005471,107.55514472254607,95.18955372509801,87.61990825550453,85.63422704988955,144.99625684405316,96.32453846302789,108.02242493436482,109.88825229793113,105.04312809128426,88.82476094359613,129.98766237309235,106.3359039735777,90.42841457125539,87.32519153196505,106.1506894639559,104.22574490992511,126.45484955106924,105.77822750783234,228.83421776182757,130.75107356200272
2005-01-01,104.30118310028126,151.1568854086994,87.84520117118367,119.55193187572814,64.42532418833656,111.8766320337181,84.61929150474184,91.59493287113135,85.09928343708121,100.0,77.31264209953058,99.38095178821135,83.02310188832689,98.56895367564904,112.15027848177064,112.08131354550963,193.8472976547386,107.73722576153442,107.74175402818085,86.09468441120424,89.58880640426256,120.69195052322459,91.67750486920102,114.59683684726689,106.37092104834649,95.00482483994756,88.48483759632754,86.4783240812763,147.35617197944765,97.30752392008671,108.8679182824706,111.22453551482312,105.11322524517314,89.03352710835777,126.04175325438712,105.05209295829746,89.33811826330273,88.52196174609891,110.9462542519115,104.45193802079629,124.79875093673516,106.38298447643312,229.2517132232725,130.78124902000567
2005-02-01,104.52177529877984,152.19519352838066,89.77976093733176,116.71626247014623,66.85108192378155,111.79818897562357,83.64126774552727,91.47275356914423,85.12890785421338,100.0,78.0905215679857,99.00505674439215,83.73091489201275,98.41703390500798,112.15028109998948,112.91799126782843,197.05413368677446,108.07663537984034,107.28224578729095,86.40841379438693,88.10973118599217,122.79827544920505,91.74710883240112,115.95627351645,107.6927105085107,93.44232760410728,88.72764740900902,88.08280342249401,147.57945370655793,99.29718065237972,112.50719927063038,111.38803095530561,105.1590460130067,89.04074660318464,125.41744081044203,104.36605535411896,88.88324702249366,89.38361172547933,114.8181877074259,104.6346509474811,126.0282254624801,106.58886391443629,229.07094729819994,130.526984997849
2005-03-01,104.34941629244099,153.52305399146354,89.92713093808999,113.03956220457982,64.0575544578917,111.68255313179675,85.06275757129245,89.53773746216838,84.76366645572126,100.0,78.11762752055664,99.28496230095428,84.38720956092538,98.49524373454219,111.84451362577153,112.58946498824247,201.42976299033992,107.6537558001039,105.49294463808587,86.71626136017485,87.56459350213865,124.41608138319198,91.45043313868105,115.72263370375835,109.3779059229548,95.20722565439439,88.88940676286991,88.42252461597371,147.01847433404808,98.74207735240137,114.16964298484358,111.60002182806838,104.82470382119816,89.3165541563398,124.38363218831255,104.49565375361509,89.23869300073135,88.94858530192397,113.63317410908871,104.19143824000352,126.08757186400095,105.9870312407742,206.41701770275893,129.83512848824037
2005-04-01,105.21576964472035,152.9792881084856,89.45526979431652,113.80709887665068,67.66624182513424,112.39041842947155,83.94738463271231,90.78277313186332,85.51876716505502,100.0,78.56008436238703,98.96959684497642,83.37715098343627,98.32103603363709,112.53676289295132,110.88097154885799,196.93189206068615,108.55705260257294,104.6002713357219,86.73796981890068,86.36910788467975,125.04821828135346,92.39597831918815,116.34080315747926,109.13714322185271,94.97593743427225,89.28843224378463,89.28654728884659,148.23577288139236,95.19900070456988,114.10031660831865,112.88297045186259,105.70379981279969,88.85303286298362,123.33811581991978,103.24936420062394,89.0265536757485,87.57835939633992,111.03501611092781,105.3869090124049,127.22404368490574,107.01309756256092,204.89281988571116,131.20563986633437
2005-05-01,105.64366361009033,152.28811678722477,88.92009348759858,114.48986829015301,71.54829149315138,107.22681781513668,82.70534608529972,91.05019733129535,85.55851502717928,100.0,78.99070119851538,98.58587430971478,83.00458550626416,98.09979227322839,112.8153214424615,108.84018689523496,192.1272268049747,109.79588872462456,105.5261606446738,87.32323218828813,87.11345436689871,126.18701183365401,92.50496721501179,117.96699766722875,109.44941943898708,95.79121050871386,89.6211167110808,89.56119148254031,148.10258387088064,94.553621103947,114.05875954116887,113.84414721538205,105.79833397171994,88.97868561463712,120.70823332640983,102.45704612547952,88.77531875842413,87.02742779446288,111.97800887102936,105.62191785456112,126.15474960080518,107.48344999910844,205.07094551620324,131.3925993958099
2005-06-01,107.88371871581184,154.0230795964769,90.2862291610997,115.67330099870468,73.68555101418501,106.72278193426736,83.9306928335101,90.84274801055557,86.57566643444402,100.0,79.8032909954708,97.53644624788875,82.9713345785645,97.23545876664639,113.92527389617,109.22209540327489,197.12885958085872,111.42168225510396,105.17091959785255,86.89401511285173,86.26747267521095,126.2130773533709,93.62169838706625,120.06091452697203,109.08911661106471,96.9366995979325,90.69128137583171,89.09501731375768,149.5255367269364,96.58440851003452,113.01697831614948,114.7521429085201,107.06149309072089,88.76872550643245,115.7450557777687,100.3941845507989,88.19127453754915,85.70727310678342,116.06864549606289,107.34748383325012,127.15533289499609,108.30377409402705,206.26655415415053,132.86928189155378
2005-07-01,108.23114937636579,154.40672703048216,89.82026555817406,117.42782473010482,75.36308361202715,106.9675076512084,85.40641774510314,92.8102010437339,88.16698581200019,100.0,80.24862037770035,97.68185168355795,82.64936981893555,97.4968371914339,114.43956888740622,110.43750763988267,200.1485729965271,112.50963200144837,104.53390168508567,86.05502912604686,84.23791935308175,124.06774747155322,94.94965526237235,121.8153894662559,105.9034824416311,97.08164320713607,91.10567351569301,88.91037989762113,150.69797624509596,95.78270924506177,114.46380901554396,115.17344723503493,107.98752667319944,88.96933500508311,118.01106553400567,98.81064273783869,87.13986982175396,85.05538176036218,119.22429815532985,108.88402562743718,123.45950574012757,108.61316799868794,206.6098952674059,134.46420473422708
2005-08-01,107.42016175623586,152.017969443998,89.92244761683416,113.14153731958851,74.97387115852405,106.05070865656438,86.4395413007348,96.96732352561187,88.74656667296642,100.0,80.25992465574403,97.86487394295415,84.30615346834801,97.5248113066898,113.20460045687699,111.3971347781942,200.84999815654615,111.0796672553528,101.55463218388815,86.05702664015902,84.55867824850239,124.99431503588094,94.85974833882311,121.45149609491399,107.3213616684765,97.18810977319211,89.89262064928431,88.30354933058551,149.38068483282927,97.11449165366314,116.71758488293042,113.9388377073787,106.94675349235166,89.49199322026598,120.848219873093,99.97942708882907,87.69762740295518,85.44061706528046,116.72983281386288,107.65190379562932,124.48009363296603,107.29957335147877,205.57041820810596,133.01625932173084
2005-09-01,108.0930155503479,149.47435726160842,90.64025583849016,112.07334082470632,77.03781356127392,105.49750834340186,88.43164099097775,98.90297237946403,89.13176444985103,100.0,80.65304599423439,97.61293808951244,84.88702969438384,97.25901018707421,113.56406764945697,110.5299292636883,205.9396404273548,110.51672152276475,99.5034116728796,85.49066800029675,84.4406657709947,124.26110279290721,95.02643599425308,120.40103722555475,108.01746848613412,98.1379369410029,88.40095761562239,88.39620411924575,149.10835291141146,100.10985765320335,116.22657452744775,114.41724587280204,107.20390015948374,88.87283405542573,123.07604744657719,99.66927497189533,87.72942634653403,85.98331997366734,117.20431340714276,107.94556482024753,125.61820896273181,107.04378828643202,205.50255458927785,133.60421613159036
2005-10-01,109.16192521932697,147.18053999977394,90.36297711672266,113.54888424237373,79.32527637024785,106.76977013279516,88.85397169108494,100.22629775064102,90.24609312724957,100.0,81.21612806880148,97.4792035913222,83.85138489378659,97.24625337040499,114.49115751338528,107.81767167672297,213.76625679887974,109.31453939185604,102.28513079250648,84.90185481549192,82.05226928589342,123.42753494245216,95.84320513369549,120.0942354764884,109.18796366446382,97.71416154108248,87.13224229763127,90.30814077759484,150.77886179496193,99.93822297514009,113.21628418799659,115.71640103630804,108.57289034172133,88.90044320456121,120.6548798476344,98.58843003116824,87.55854263617518,87.30681524489097,117.56694714229413,109.77473083383083,124.40399089965031,108.06296432849804,206.40919633392892,134.99063494158986
2005-11-01,109.58766425679238,145.48548249298972,89.02210717055773,114.52370808678099,81.60295573072887,106.32188088937527,88.64898873569615,101.9600476928883,91.0613213685043,100.0,81.89769735248447,97.16592715632665,84.9559051650055,97.2595579604252,115.12139015837688,107.9344392738476,214.42638639770243,108.2042889426751,103.81126994685188,84.44087180779606,79.86483593567817,125.07334405324104,96.43264293229265,122.25457252334584,109.34380892973303,97.56315557747857,87.63538791761391,92.9230763897987,151.78486969650973,98.51588513384594,111.10663392493517,116.65425009348998,109.56591932501118,89.05133912442766,120.90317843283233,96.85661449921878,87.49280958017745,87.70331641480264,119.2132189579806,111.22705760446583,124.15201062084904,108.72172446171993,206.87561106935323,136.05738242960172
2005-12-01,109.75875932374089,144.35067725629636,89.41472840021622,113.68207171934148,78.93289483938919,106.05224722896725,90.19953590839224,105.19110818259362,90.74086759929884,100.0,81.84388753680844,97.18776289250883,85.73269716422462,97.25895938016917,114.77597657408651,107.14302930511361,207.86213635086295,107.79130241081121,105.3887319929175,85.74147597613711,79.38533378582147,126.95005255302085,95.92796986451295,122.68203672263607,109.51592885968628,95.643207565615,86.1665251848327,94.3424737261069,151.11777511544935,101.61269887839279,110.9746729809245,115.80994572991146,109.03921990402978,89.91025371987214,126.10280798773094,98.36498707336115,87.36544112132,87.40935784955447,119.21183048527115,110.77388387323823,124.26063506514195,107.95178810580059,206.83997196350182,135.36381398525285
2006-01-01,107.92761542821796,140.7253771348817,88.95354238195563,110.89827291035806,78.46465169940925,104.28304875032734,90.16230852147297,102.24751663466817,89.29002081409723,100.0,81.53285256151158,97.43520092484663,86.53740316965134,97.26649132350829,113.53855003780133,108.08248594749281,211.12979449288582,109.53890374239106,107.53248371611146,84.48209502482173,80.48476389196958,130.51586290432095,94.91176396832861,123.13358403955536,106.82118232906743,95.1458665447117,86.44383690029538,94.62656892296943,149.41862207906829,102.48832306076811,111.55283466142185,115.46574595545846,107.07229639339724,90.82316315512357,129.6451870844605,100.00653640921546,87.5136738144667,89.3073498461621,118.72828721160127,108.49197956636993,123.4997423254327,106.60309860467223,206.0300138189735,128.44712488792044
2006-02-01,108.27430128484576,139.23198875652125,88.40323211110687,111.1645777652517,82.89244330430238,107.5168738423258,91.02905284138612,101.87330069041923,89.71649634866648,100.0,82.07628158477152,97.06325622260323,87.32987723474052,97.04555403074696,113.66531025450695,107.28180744570619,204.5739015027786,110.06010947089935,110.52339883190166,83.44699858387234,78.79270333466992,132.71099608722625,95.79744375192107,124.0019304734537,105.23984206441128,94.50312556591341,89.3113979863652,96.44933328650498,149.81945810607056,102.8848520359588,114.38375098951674,117.12259439082786,107.29726040716785,90.9591287563579,130.08785239696758,99.38236991898393,86.72563707073884,90.18511734471524,120.46330320836778,109.09393502478014,123.45133201591827,106.64666744861428,205.78576655385586,133.1942669789167
2006-03-01,107.66324466936786,138.7512614984898,86.76916168981353,108.79089085849391,83.09461613251426,107.7311592992993,90.36635702649272,101.32904643794076,89.75403517177112,100.0,81.87977535969328,97.36631973963019,86.83365648240428,97.3452770010828,113.46776715035504,103.65641007281452,187.81776775167535,109.66591403791226,111.44105581517161,83.52602130549464,79.17410622302667,131.78309472881128,96.15819284673036,120.94047854878185,99.47083512871193,95.83008239273866,88.01068107634327,97.3230168533522,149.364110255087,100.69216638603484,115.87430211944734,118.31805311346434,107.19692216033452,91.14244030830893,127.09806631817091,98.95202595155043,86.33772915563495,90.92136569728416,118.94053700765701,108.88938375169018,122.70479086299116,106.93721343391447,205.87752824485776,133.05038600043346
2006-04-01,106.93015375169723,137.77743065594038,87.27951995750102,104.87935703929041,83.29399786148757,108.25616081012414,91.21709416842673,102.95045493503443,89.20381704636246,100.0,78.94942936241692,97.75721967370937,87.51815358244777,97.47603480221535,112.85899853784176,102.1126162835969,172.5750457035037,107.38870100589808,113.35083369262946,84.74279107733774,78.68194757052726,134.11582372304198,96.46458846392046,117.49113574680983,96.57458193213317,97.83250139966825,87.73483713448663,96.13657550205052,148.2711926167031,99.98354467556969,116.99465513953318,117.93889695716342,106.44434340996887,91.44226177887143,129.18289600080956,99.9526383763596,86.39529034777169,92.55059761487364,117.26407329352556,107.95020891834277,122.41551350645679,106.2800737137544,205.61692196254847,131.66917392901988
2006-05-01,105.63496737770733,137.87116443626329,88.91091203719121,104.83300734144709,80.28141307812152,104.98384775469924,93.58742412586629,100.91588466443295,87.58382318277361,100.0,75.48164886886035,98.32403814332642,88.37975034749557,97.86085656022141,111.6077146882304,103.76908042891499,172.76819689043668,104.52595813155261,109.88184740505496,85.07324546524909,81.59688082102122,133.7103668112799,96.30687041935934,116.23665005457893,95.63229969523641,98.58618609030988,88.18251707036444,93.03751173854046,145.98183696858814,100.87717112350477,117.60836650268303,116.67177271905165,105.14566587608702,91.66276801168581,120.86692990141384,100.44688705068148,88.06043415149468,90.78322023588503,105.32424475461852,105.68867297931443,125.98427390143769,104.06511153547204,204.61670303984783,129.3564371025564
2006-06-01,105.23856272427336,139.43726776582997,87.19376604969075,106.0534774194211,78.26336139377096,107.10503125145898,93.54344704600427,98.04716429210258,88.7723351091109,100.0,72.27834349671905,98.57126169219734,88.26695343218395,97.90002216136074,112.20325919026592,100.10291321213936,167.5769502859013,104.30326900829226,107.29351964715673,86.07302625803545,80.19716925261456,133.23492508532198,95.91176824599562,113.51432636402731,95.18780328819959,97.84619673765135,89.71210156721104,92.31344218790201,147.08882840630585,97.714387437087,117.11062843483542,118.76733294729627,106.57884481048059,91.9860579063945,110.69581630326056,101.73180732349492,87.9787978725267,91.08135643293089,95.65963453107177,107.33396711341805,125.61031008114337,105.32011484064414,206.3457428735716,130.7775167401622
2006-07-01,104.13630107585338,137.96095025037368,88.6405698167219,105.52872372505455,80.42417926316331,106.49998320504996,92.3114795563922,98.02977619193214,88.88728798590604,100.0,72.78851344080228,98.64471572223174,88.09053431439679,97.93391425390169,111.95864742759144,98.28258016599463,168.24201094171804,103.07424607924729,109.99893553583149,86.71328971146576,79.3186373184715,133.61727504386963,95.63938408433286,117.6450952780206,94.61819356522362,96.87479735190135,90.08440945750279,93.91792651643065,146.67434843603812,98.50795639060027,116.31407349921427,118.80001032613339,106.61079054919868,92.19160420297167,109.09803152359186,102.07195474089812,87.55566900372312,91.91362979691127,98.42552054583987,107.38936896570111,125.54759478270121,104.97637993659654,205.66654933433819,130.3410495475291
2006-08-01,104.37098149165487,136.9723605915975,89.59156677881238,104.5734925661745,81.19000526217758,104.92781624981032,92.88905881010112,98.01084821978927,88.90113284149062,100.0,76.28515346716198,98.56274346508452,88.71530132406038,97.88940995726398,111.65641898703522,99.2616616209586,176.0275065226034,102.36512958822436,110.2082814941558,87.20072516178625,78.88874271264649,131.73861846896187,95.18291842576238,118.70921549180208,96.50627141976943,95.98339034971866,89.82259275297821,95.57646769196417,145.91577933601698,100.69819610336978,117.34395115095388,118.10599295490157,106.37595073303714,92.43035725664083,110.53113078671579,102.15157527266695,87.10543148841514,92.61625911307569,103.25921803582696,107.04943499005617,127.87843670721848,104.28035266071672,204.3843560089548,130.00422948683067
2006-09-01,105.77288311181607,136.5027894014887,88.79605004173654,104.63791676707058,81.05916162418075,105.89468816871653,93.26109192952899,98.3094159835777,89.52921882968157,100.0,76.06902128653681,98.53672315149981,88.1428030752586,98.1125322665638,111.45503008212233,99.20957951843911,178.06468804136503,103.77814091648206,109.69114495409045,88.04975830670155,78.15288739721849,133.14060127803185,95.3892744307564,117.67838019530052,100.04481872347515,92.78586964862683,89.70083999471512,97.66241383697891,145.90455818748345,99.16515176845373,117.29489393667376,118.78985057197282,106.51210241008833,92.28034984338544,103.79124295645288,101.73222866503595,86.67166970840677,93.30721725524218,102.6821860785683,107.30921977118466,128.17872428599958,104.47079794519985,204.76588441730888,130.21816608252612
2006-10-01,103.90552183026942,136.2844483616548,88.8328645142599,111.46643630629556,81.93702053544561,104.26480564600584,92.3107028065393,99.96926065682995,90.24523046680065,100.0,77.26339711762306,98.31230231299529,88.20713346935224,98.06928824486745,111.48740178360586,101.69019848931764,183.92279363104257,105.60164835109236,109.75768884794397,90.01034882334231,77.20217792490934,133.40573773198724,95.4252098834391,118.65746210652881,101.5129575619313,91.01535561202083,90.09814315543554,98.71138366023024,146.0245030961047,100.59016180472278,117.1317505564367,118.88621628730309,106.7408888001487,92.55411810335319,101.31010629244648,101.77768470240458,86.1695296575166,93.94107745863826,103.54345160216458,107.71361070732455,128.3644363726387,104.85309249653712,204.7364059071014,130.33574701181166
2006-11-01,104.80094603946056,136.5430550441812,89.98895992745307,105.49307073044983,80.94442099064307,104.36468258476843,91.4421692831785,99.75570022429709,89.75204903870848,100.0,79.23005956868909,98.48044451923887,88.93965276941562,97.90726636190843,110.61549609979436,104.99833114586453,178.6032008346766,105.95337197287142,108.9191353232261,88.60209578357694,77.41054619820665,134.85283001216683,95.35886403869338,118.17166056415299,101.22087306225147,92.84319096912691,89.85358360189423,98.05731256368026,144.4377157668956,102.55459512736435,117.99170068325722,117.79479837016613,105.53829284810705,92.98192169236964,105.26855073987151,103.57333836040326,86.30683290511178,95.06598571295952,103.20486606416424,106.27618410609385,128.57426704131439,104.10461602326824,203.59222460809988,128.67218906993924
2006-12-01,104.47724900287965,135.90030520578657,90.59158330495866,103.51616551388301,80.1766848000868,104.64494227370467,89.9423622523823,98.95315465193235,89.42221842039893,100.0,79.78309330619517,98.82433489639621,89.80300163918436,98.0699941422999,109.8905537679826,107.19181022081503,174.41659955779105,105.29274193327215,108.55186907129743,89.32496608979037,76.80663817711559,135.36513920508017,97.01473414418493,118.4938555410857,103.5142903372006,94.14643095582845,89.74904044366426,98.08635827440396,142.64710622922172,102.94539812550612,121.11441942554151,116.66497609543336,104.67011435293891,92.90105729728523,107.11879109236762,104.61273813053073,86.47957658285054,96.3184465814958,103.0111040389289,105.14635323305626,129.64335853855565,103.40541259448759,202.62019713317963,127.48285988632999
2007-01-01,104.8268485756767,135.46031696333708,90.8650087623867,103.09164771508969,81.18895467685692,105.62321220967065,88.28358425094052,97.33029892303959,90.56602364033276,100.0,80.99878559303579,98.53764294679797,89.54427748337439,97.99683107977344,109.77110839820025,107.0074051738656,175.1712275790349,106.73211162184401,109.35750332715457,89.40181480455048,74.92204442990004,134.4132159386678,98.64731891750066,117.82000806474358,104.66035475197127,92.38821602217352,90.81291316323556,99.77976694687183,143.3779611291259,100.97893051872084,121.48741290962218,117.23418528713788,105.3201912889012,93.28163352511571,106.00852532973373,103.95599007437642,85.20332852566852,98.27114389850536,104.6508866167769,106.10319180333406,131.03575997588922,104.50307042161724,203.14727569836367,128.39677704908755
2007-02-01,104.75970019831111,133.6608142296263,90.57742040020464,102.78761394491427,82.87983442830364,105.51778475409952,88.58688465016473,96.74732008684634,90.82982088142481,100.0,81.14035206857857,98.66626080755351,88.36209897806812,98.14905803033082,109.24772059302181,107.37392936690486,181.37482235925324,106.89761956626542,109.07494939187153,89.45275617494829,74.63108598396121,134.02663409708885,98.63671583242923,117.24181536538842,104.17459489072311,94.8380595033618,90.73759330466842,100.72176132297517,143.2953904022789,100.67280127157974,121.8261788996257,117.50899000974154,104.98830079955907,93.21459000749331,105.91391193474755,102.62935291627215,85.01385964059695,101.80646591738198,106.39635001962313,105.71568873534683,130.2417815099417,104.19485341363762,202.69821393051868,128.08481263126743
2007-03-01,103.54888088049505,133.20685170199368,91.09414904494143,102.20988577499415,82.64233703821799,105.73412980423329,88.66422274151395,96.95711069608855,90.3624795677355,100.0,81.82710698797662,99.01018071265725,88.98355949301305,98.67862748787653,108.69377662541189,109.02461598593767,180.96698074533822,107.06990518816981,106.80977769810947,89.1869687931523,76.52917418447231,132.27920235113484,98.03881380611077,115.67730949230217,104.1153122173548,94.8719957346938,90.53299721785008,99.73972710389417,142.87166831453,101.05219230304583,122.64405259411268,117.3108032573996,104.34658249771182,93.31429818679152,102.48781884399767,101.7484672909414,85.72730984053126,104.97937623908507,104.57738065089606,104.63547257458674,128.37845542585356,103.74018011217893,202.12474046412922,127.4085188845354
2007-04-01,103.47716432658103,131.73787175877575,94.26825592423673,101.10921576368881,84.15986527930637,105.85510398408258,91.09990122008762,97.20493504730926,89.92410634226817,100.0,83.44656603371416,99.24866480927288,89.11189442086688,98.7234709176559,108.21933257298105,110.89701675170116,182.63042053538337,110.77665515129253,107.03021258371557,90.88307189811977,74.85398605307513,133.34068470789035,99.01330024732098,116.67115247093807,107.8894500367348,95.15660006112499,89.97587219299918,100.90230262348403,141.55133243573104,103.02441879000801,123.91336892041738,116.42532721214884,103.33807227641148,93.15745510594475,104.78781552958392,102.61911030890496,84.69085541615031,104.9374361977631,106.7107831842911,103.65525707845293,129.0849144865157,102.26901789668797,200.62051679828164,126.37839177834714
2007-05-01,102.9378812677623,130.57816206651881,93.96443059379949,100.16538142714187,85.98243848309203,106.34723708526126,94.37425415696569,98.72595232717269,90.49604893680561,100.0,88.74378840152023,99.2040276812311,88.40326579743011,98.67888562371263,107.92680820672243,109.7198348462992,189.02125478061623,114.01109833631726,110.38955417333167,92.51295267518586,73.4268647101931,133.62104771304163,100.10119738715622,118.26659005337463,107.61283121326287,94.79700255003966,89.70487778012394,103.10041449190686,141.44722396421437,103.93479905555343,125.65168791766187,116.2697866282312,103.02044196735653,92.28456526861231,106.06745965346849,102.93731485099325,83.97646123857443,103.71943305303408,108.54170692732683,103.64082655791394,128.53946968520165,101.20088126842408,199.18147522842847,126.33783742046933
2007-06-01,103.92339272544515,130.04086182361237,96.07035150095435,100.53580833174665,88.37754311759825,105.44159991786435,97.05415126951567,97.74853660202257,91.12006634819679,100.0,92.67849401139044,99.0117603789957,87.4099550877117,98.72758139141465,107.85716132405088,108.74883243517897,190.9479093568362,114.23850068181396,108.70148485141091,88.6086006110489,72.22265145526164,133.66675065328596,98.97327805838336,118.00096267739917,110.79854283374256,95.47030841978956,89.47228086063141,104.59273469819867,141.71346232610586,103.18235469136015,127.72760813475448,116.46784874221541,103.20928143385161,91.71239371528603,104.1265206619022,101.26085261708069,83.61157318617668,105.79295923943266,110.11556101755889,103.99868769754117,129.289475915814,100.77903912927093,198.38366172929514,126.10490262150162
2007-07-01,103.25814442041683,126.58092917171766,97.69764993798809,99.35302050989002,89.99642334912127,104.6129807903938,98.00481692547329,98.09831748391943,90.86993218383736,100.0,90.70452490600982,99.16494484415996,87.94360087105329,98.64048534778595,106.75543027552912,110.24091629881374,193.89681907680244,113.92639327006239,106.3360368584657,86.10568162086443,72.11408297370713,133.8199579817136,97.9698238920757,117.92473417737945,113.39007727038192,96.96484176668906,89.01897421806379,105.11087161877781,140.83316087055718,104.20461710828239,131.37471406817596,115.80090266716954,102.0791210236904,92.18749403968431,105.44719285796245,102.91664056167032,83.72869858517885,111.35770272371002,111.49538464638711,102.55576386114542,129.9972226847619,99.56185108872167,197.44387732898664,124.13894606596183
2007-08-01,104.03430615458049,126.98491112141474,93.6984618636636,100.38109397381716,86.70303733029236,105.14144912760601,97.37086334478623,98.08239593309455,90.99411660193944,100.0,86.4240909285645,99.15883642515226,89.62822563609289,98.79699500191018,106.82858379982274,106.61131913333818,181.77814496302395,113.51660412250058,102.92999121380937,87.04090229182351,75.73729267943968,131.4235437488582,97.01487466325355,115.41345465808226,105.72062713399204,96.62004023660606,89.73092024985303,103.4905864767062,141.28193889356558,103.05029664335854,128.00756011037814,116.1645957258005,102.2108477194428,92.38007452727616,102.23323422298527,101.38708300001528,84.59871386421759,106.66085148488426,109.28439526014431,102.51332919840641,129.2829165547201,100.1543100676533,198.76557895450267,124.49691733885734
2007-09-01,103.50081877274863,125.4182991610698,94.84504484788665,99.09858417146192,88.61465560744146,104.42646649716609,100.03843998602595,98.20069115576226,90.80222383958989,100.0,83.46830270919456,99.47472649004156,90.66725014617936,98.79758883011446,106.50409012441197,107.69336155442673,182.52318688651798,113.87508128367212,102.76633462310076,89.16553514574441,76.40731310972409,131.04090339261597,96.64626917715387,115.13079034732594,103.49271888320655,98.78798555781447,89.6668127703899,103.07328407346013,139.85279466960117,103.76362923818043,123.29727666862166,115.57208113098739,101.36844021309261,92.46707955696498,102.47693917575027,101.95093638113877,84.41879648817438,104.89238876464195,112.36140191381365,101.45576247624979,127.6034599488731,98.7689147052269,198.00312351159047,122.86940831331106
2007-10-01,102.59913207006875,121.5627979544192,99.50603801676291,98.3433539976861,92.42498772239838,103.28185268468259,104.90675962002062,99.76342616729093,89.84976473551956,100.0,87.17958316232412,99.73301542102956,91.47424254726909,98.73573292480859,106.02790615456448,108.84628994621282,187.98132325656724,114.57892430374422,103.60953157343044,89.35529548262969,74.75367126447954,131.70357205797131,98.14025118676663,116.67062512480022,107.03045061009311,100.7521393050415,91.7244610618678,106.1498290620013,138.07406443542683,106.14443494307136,122.97159760677019,115.08162698068232,100.34130971094643,94.04502918844742,106.06731809512493,103.27193386893923,83.52131736417809,105.35199126451722,115.92164836815593,100.2535256527868,126.57798145898597,96.55718119999253,195.53296847453225,122.38172605481697
2007-11-01,102.49005208963847,120.7383534275648,97.9053214770574,96.55834859798226,93.25937704747052,103.00616542571971,105.71932216623121,97.26789588559849,89.66409977458592,100.0,84.49002625839253,100.33811237870785,93.73864258165897,99.54138954607674,104.29841445074042,107.73831214882834,183.49175655184175,113.3095858157875,100.14683685970233,90.27707033156419,77.5543620464202,129.39827956637527,97.45351525878286,115.47511218231779,106.43061439655767,98.30575582839309,91.354060093341,107.40022595776165,135.93777516581008,107.9787520802974,119.35675599715137,114.06519997096783,99.23250666767485,94.46742834803466,105.0558185895058,102.80947130920293,85.18013368412967,104.24992317996052,114.32136157822073,98.49990297229274,125.42425531319516,95.17741626135064,194.48367660032503,120.70565414360266
2007-12-01,102.55609729083201,120.91763637917457,95.51902898098835,97.32145211801118,92.38209944562747,103.61752669322935,101.76372860186464,99.25192879437365,90.70332914898643,100.0,86.04236919009581,100.35112365780738,95.15633614213036,99.73882289593,103.95026817829024,108.18450152742773,180.99387578546276,113.88125042931267,99.57581399088855,90.89867883464589,76.77723547624215,127.8738772541993,98.25700607632955,116.02289730939246,108.307040640182,98.00318390003194,92.37016436099546,111.62652366906794,135.9833771325417,109.6250260444984,117.00230975660453,114.24509249258755,99.22467088446443,94.40284941529544,103.88859469674028,101.31582551259221,84.60452003901689,108.50915859915283,116.30179588877141,98.99755051471956,123.25524772152687,96.18930861473524,194.65587227092456,121.28793988160345
2008-01-01,102.48106220683052,119.79824611480956,95.61338550369362,96.96202746641767,92.47449568776248,104.318074590898,100.88732396281013,102.23502647469951,91.66316245287145,100.0,86.90614258403711,100.65878520068057,96.31037072468862,100.10375761815706,102.49742945106122,107.22725479883013,174.00999558870873,113.44862963730877,97.75683966381119,94.22226407954906,79.58215187910051,124.79782708705376,99.33934460898053,114.93518452710998,107.67847732625253,99.45644758289055,92.44672996943487,112.4272299630823,135.33577295653149,109.61653945890487,112.24512291395705,113.56239206527314,98.22586737206532,94.78835567891672,100.57566994556113,101.55372731275037,86.86749069506828,106.74262584627714,115.97311615183294,97.91718779238217,118.96528163960052,95.60855205937149,193.81070101973904,120.3120775580204
2008-02-01,102.57313296349975,118.0068858936399,98.53705989072724,96.31463771044697,94.52504728721416,104.11155786851714,101.75552565719896,104.60120820499775,92.21243837172149,100.0,90.00638988324981,100.63424334813568,98.86059843836114,99.9104431835261,101.79684917832739,104.51548450392522,167.91826038091966,111.90326520192289,99.54302951817252,97.7825978309711,79.6976577332395,123.7779840520715,100.12817519584543,116.2135990045214,109.79472319780774,99.49583589286846,93.08847181268159,112.4565099468471,135.12754324614923,110.54047351265488,113.58403819467276,113.14445764791859,98.10622119139471,95.48647438271014,91.65414668797929,102.24617746437676,87.53538837951027,103.13048885460483,113.9481411031698,97.81101529488234,118.38510397015428,94.80162017056372,192.71185031884667,119.77732713856706
2008-03-01,101.58995863493001,115.55779644191114,98.13097645223708,94.57520135319129,94.12694116279084,104.22636319362786,101.02782953741463,108.24064125828316,91.8021857702372,100.0,91.7194130724936,101.74368973725763,99.84218113442083,100.80188362727773,100.227657309905,106.12729545302871,149.92106840816922,108.49705279803446,97.80526078444773,98.3194839332032,83.80900710267524,116.70684902201214,99.65583618348545,115.66014885677617,108.52744727100338,100.62873527219034,94.15584359037469,108.48438263768954,132.93391499723367,112.50495345761027,112.93369322591546,112.55766954339974,96.86683772246023,96.06096736029511,85.68764166962931,102.87422518624783,90.62977496233404,100.2892730692093,105.84426904805781,95.88451573991078,116.49993850625744,93.05649446673378,190.4572542436527,117.70950881362413
2008-04-01,102.00355913358037,114.4076265160117,98.5218307060065,94.19347205641229,94.47549031668046,105.99552623639195,99.44423449239149,106.92920291717611,92.76780966145782,100.0,93.79754693803223,102.17615498750159,100.38996726807375,101.0533859491829,99.55538794575102,108.8620340171395,143.80463297549414,108.64457876668723,97.40154715698782,97.65956897801416,82.10329859042095,115.56411467393812,100.14745954064581,117.95371348856942,106.46366107634209,101.49218248384457,96.01422337395361,106.92689846104943,127.63767287124439,115.81107144879645,115.78192426905474,112.53918059637901,96.78134099969357,97.28729565613459,87.36443066089143,103.63396953709847,89.6832193795868,99.82789872760077,100.18210141476077,96.09860761284766,114.09265674233522,92.81167659184158,189.59158055107977,116.21157639653961
2008-05-01,105.04277083206578,115.16529897944795,101.68226262208819,95.33312522958825,96.78514120942606,104.14410975700478,101.10672644634946,102.16360078951156,94.11239863859511,100.0,95.18914832522901,101.85057787044822,100.01013152103965,100.64927614562444,99.89714682710556,111.31763221138158,142.92535554732123,103.63733050523496,97.65144805400992,102.54675625523089,81.20981354436148,110.59433941050105,99.23013127950414,119.06347650876452,105.0924702034024,102.38495206420775,94.70823961217756,104.73864077831665,120.70390479744295,116.86853576123049,114.5645236015445,112.5221004229156,98.16921304227473,98.1640914071469,89.95757800331795,103.88546796538725,87.85853590639861,99.02895445308344,105.45457073149953,97.83240030044247,113.9621307676284,92.96460538783231,189.88994777895266,117.17982895020522
2008-06-01,105.44454388848423,118.7071459048795,102.47873123114346,95.56595279012213,99.10660204661039,103.80676113014857,99.30652071472204,97.04146748086062,95.50539081440688,100.0,97.47689960659662,101.71712984379097,103.08723225567628,100.79001372671314,99.5655298671696,113.48315753936716,136.03470475004954,102.12255772063645,98.13907035858828,103.11796668300013,79.25829109793428,111.37126569384243,98.47652659117033,120.37540497888726,103.20477966664241,100.77821179415234,91.86925983668364,102.06858418426334,121.7290257802208,117.63645347287772,114.2286708986062,112.67524906887833,98.64488056032319,98.484250016318,86.60884078568446,103.23897233480825,88.4609589005096,96.18512774631913,106.48008989854527,98.58622215468883,114.13649747702812,93.23250065914836,189.39945836878366,116.64990350601998
2008-07-01,106.57762881810875,118.64683968330623,103.17555887177423,95.06477141425103,100.19010233103116,102.05357868395164,99.336141456247,94.64567121018196,95.88481254054821,100.0,94.31491059323916,101.6809678023818,106.22415215309515,100.94790046393219,99.00399591003175,118.38282261151238,135.82501129059386,101.4200600677395,99.12476188004396,101.9486444865206,78.88569344908342,112.35231732340782,98.29155645420819,121.39171716395896,101.55124407100374,100.24781903716003,92.91495591689205,100.48050089701842,115.08826562140693,121.52115135558208,116.28619350196252,112.37448712954878,98.11987320794918,98.71282304537542,89.42540803015604,102.39092257358486,88.327028412174,94.93795723466118,107.03088095724014,98.15588516634996,114.17210034315617,92.5751389846522,189.0534477048314,111.93198060633567
2008-08-01,110.92748288523732,120.4379983921402,96.71058661013942,97.14522622015525,101.13515756878193,100.2600906164534,96.18524562147107,93.76603951614052,97.74661488597206,100.0,92.0512057293229,100.7734690213332,102.61826658513402,100.17574745757231,100.30578619399388,115.71196886278013,136.04655342318102,103.38321391409933,101.50892607926963,99.266632589522,78.47206668477483,111.10593123353843,97.92067091816232,123.76234481248099,98.99868404549494,100.51735436737405,93.37295352591222,102.08538021763158,111.31894423682178,119.89595360575063,116.8744268998456,112.72953248405003,99.8988391901369,97.24849468341668,91.80019912037666,102.22728378482077,87.34710594973204,95.85110990566386,114.25467752658467,100.49732443743909,112.60400223627013,94.86936740747129,191.3729567047267,115.2817425167323
2008-09-01,115.12758505059371,124.46699497822988,91.37113747072401,99.87135540693994,92.98425450390222,101.25942749335795,96.39091466434894,94.003627543721,100.08445436564573,100.0,83.81179986815776,100.44957992032045,101.77046735373689,100.24128696508893,101.50431433284956,113.32571571831357,126.13550315475679,99.6260224991514,101.14086168325882,102.36067960768298,82.14949812961252,103.67883339332005,96.18338366280072,118.49398236798456,96.91071852547488,98.06255904693622,93.40231158463654,99.42527230706098,109.26971008968991,117.07315344812979,113.89077012912232,111.89541201539348,102.06239285369492,97.36687730669229,89.38771931728012,100.38243238174695,88.25545969512952,95.9449610781755,112.41494512843882,102.92469921283632,110.85835374717885,97.10745267177452,195.78990286707295,118.81390279957364
2008-10-01,120.14887411149866,130.93730197213938,78.9721228857101,104.6013781562799,79.67307186928085,104.54287103346287,87.92308455909334,85.1701639439243,104.01612177526292,100.0,78.87311238269588,99.72317550598213,100.59997285597694,100.28114461931175,103.4098799798543,104.24884090771972,107.52365230283894,97.42731379623004,97.27110548335058,103.19163807600071,91.21325211411796,90.89902409841102,96.48212238094382,101.28182347481199,92.7184078752464,92.35774581408,95.18170168690456,98.47996076681795,108.69819735907717,110.19166564717355,111.04616569549466,115.08529463670527,105.75087937977756,97.07844709397499,77.33766688938775,97.25340669537295,91.55192635923775,97.52550710982291,100.34728454049662,106.59073075562794,111.39385928222134,104.12090575579627,203.4736936339379,122.27443380483412
2008-11-01,113.70958225635354,131.0868882505485,77.05989156392914,108.38233050739517,78.49965917695316,105.71284582752531,85.6345415953139,82.45011013227897,106.111679331045,100.0,78.53934902807369,99.72465820362734,99.14552401257714,100.92999127129687,104.45305632396482,102.356030478628,94.64467513226266,99.26845212948746,83.50457893299794,99.90230259139527,96.49870589308638,86.95654510544885,96.4321253518615,98.47967182910662,88.4434782766538,90.94911464376271,96.64897356937925,97.39321608463595,111.42356361124419,105.96288049097137,110.32269544751149,116.11624346910278,107.48004006647479,97.80728736217405,76.48578296014176,94.81546692275525,91.14642035649123,97.12016463238463,96.43291466738347,108.3115989928238,104.57082225331801,107.0402593585049,206.21977981701858,122.49825365209215
2008-12-01,106.60774100779574,128.20121523404856,77.12754283253327,105.35738564426744,73.61072963045744,105.27570217536201,84.2073848628274,81.95165785674773,103.94394396722222,100.0,81.04370062828741,102.056013832166,97.16052523556193,103.92078725119076,103.5446538969633,104.532673449056,100.68023975208288,98.66121019126727,84.72320941671762,98.59208748101253,101.79059362087344,87.20521065693771,95.71310546981259,95.40749719683711,85.72257311969615,88.07964313053309,95.1385035636789,97.81202751895442,111.38178963652896,100.74880348291838,108.36959788180305,109.08138483536067,105.56054446543138,98.12533388886658,75.77920437065771,91.65107147891445,91.3175072477057,95.42845737917625,97.23324419236171,105.81275074399153,98.38349873946622,106.38975307635971,205.18023928706168,119.37587473525745
2009-01-01,105.98101321675095,125.6497076377505,77.92705947569972,105.34638856303428,76.97436648325639,106.21092664667127,84.97343026494929,85.48245337608013,104.64251236504182,100.0,81.07898500822019,102.53532201482038,94.27699000390139,104.05576124568061,103.40392674216865,100.15919385053951,102.1173560457312,98.45252096770076,86.2261919533706,98.35323011576098,102.84355366884834,88.57537586381707,95.25071516409199,92.36029595007331,84.35646250900906,90.21805056295888,93.67357470184149,99.78793004234323,111.61419746286157,96.3962498193221,101.49775805099515,97.47484946703973,105.53753508624983,97.39087149226417,76.74098677937465,92.00621096156057,94.1084229951459,95.86593270933678,96.86456814607998,105.90299045905391,96.42386676397359,106.9225654576258,205.36348141590656,116.15213131239312
2009-02-01,108.03944644359709,125.78159504804451,76.43938965848915,107.76184620497193,78.1255914641142,104.75937546433964,84.04650104126266,89.67435512140072,106.98107640516308,100.0,73.62603488137415,102.4656529970434,90.80981763780768,103.8701931391478,104.54194382929533,94.7482755976616,113.87555693161025,99.1913879160287,82.44684723694458,95.72936442146955,102.21580126385746,84.95012926940603,95.33080051226537,88.4922511663075,80.99136780330726,93.99493309931589,92.72696742782934,100.44846603492019,112.77813407844232,88.43053994469525,101.25648003932798,90.14017694163222,107.48775207994778,97.52164601600624,77.58259766311106,90.02117250420663,93.83016219308244,96.50779019807628,97.04306571279488,108.10905487091303,99.22149985199106,109.49056129630095,208.57928602672087,118.89988186648222
2009-03-01,105.9591767260733,120.38011852917214,79.14612377690615,108.30513507011136,78.45938360456644,105.35281126849465,83.09610076885825,92.05104735504122,107.6377220651108,100.0,74.88152764873682,103.26738398523938,95.24908734614719,104.97441301158837,105.0748584811139,93.14790225631192,112.15777932011481,95.1500303700463,83.79931170630016,94.00882424941054,96.55566089791317,84.73792496355345,94.99471056943905,88.11247598972743,83.60990413617189,94.68614210722525,94.57657740817325,99.63727711087729,111.8378370527008,89.0758524118927,101.9813464290253,92.59597275900525,108.80745901410319,97.37195032056741,78.15062875690808,88.44708173978493,93.5445556917951,96.20654512179875,93.26020822009082,109.91307482629557,96.62351884562169,110.0673995864531,208.40579900237017,119.30580768098955
2009-04-01,104.13272067205641,116.06614671625152,83.36068089824485,106.67414266529676,81.07949635558823,105.52352723611122,85.02017643157757,91.93900796720634,105.76670530073564,100.0,76.88905327054695,102.68612883235657,96.3672198691535,104.17071082634197,104.23304369285107,95.3823244616337,100.0832793385849,95.75306026025197,88.82985807695732,92.21308756564093,93.89799976093893,91.34152271192588,95.42397987855561,95.49655695986961,87.40435444289416,94.44393065815869,95.93930241957884,99.0539248096068,110.20286750899619,92.31263535859992,102.90089435616349,93.87786750476806,106.86921201313704,97.25849311857195,85.3148703066411,90.41237520567151,92.9063517961811,95.8502970450771,97.25255963323396,107.96958305511973,98.60689201892905,107.21798865575454,206.06464520117592,115.62382435079117
2009-05-01,102.35362078684693,110.98750114158233,87.27816978582815,103.98642997868464,85.05048786718032,102.80521940103135,89.98599142989116,92.45166818261767,103.14617881771291,100.0,80.70564137049617,102.70620531513524,96.35979524247533,103.88753506299311,102.78487933806284,99.86954610556703,97.09044302975354,96.6360957577433,92.30424729437917,92.7221781713623,93.89813658802446,95.5071693409174,95.51542614966803,96.61734981720252,89.18780583042987,94.00065770283348,96.45963186850375,98.74543537646558,107.8789969461012,92.51856137097717,103.36405694245808,95.41552771067083,104.21007886442584,97.67185447606384,89.1981462376681,92.98960340319009,93.34544566281228,95.95151844979122,97.49635116803516,104.94065359577189,100.41412312431153,103.68945689643034,202.61532876369182,112.4563430313818
2009-06-01,99.55585963664463,106.95169063375178,90.56051119225354,102.73484995941806,89.17537059383834,102.54243730454309,91.80235866130931,93.52632801257666,102.03705287363431,100.0,85.35573816656937,103.02345460771123,97.26344653681393,104.62463584633956,102.35625593594784,100.74224526168305,94.78489979883776,96.96657680176929,92.93686899372169,94.27896853472507,93.12749920005241,94.08642260851146,94.85941065790536,95.16111728324762,92.853063658731,92.42930222906264,95.24274841155555,97.16977972096433,106.18788133749652,90.60134876091608,102.55026868906918,96.15159452843105,103.39918067714862,97.50393744269955,91.54245257336176,90.77498625503888,93.52576776350176,96.53920494286082,96.09521376525008,103.82433401012653,104.50854339515155,102.31810785588213,200.18794649670437,111.64026786398496
2009-07-01,99.05933369990534,105.17038432160528,90.4199452635821,102.41867704245489,90.04770199938802,100.98405356902586,91.79491085106321,95.41510262544726,101.73429510305661,100.0,86.89768331806698,102.93776059408388,99.7800207391443,104.49393433094853,102.17222156219137,103.66016436542532,93.79362369551862,95.34919705758273,93.53822145499244,95.34075482301517,95.16955414432421,93.69421432411292,93.7649769097353,94.83466424920029,93.40645443171175,92.34990747064916,94.12767853413769,96.32761212087169,104.53579056691811,95.0022758882948,102.01728969894765,94.02539819115796,103.0868257874356,97.56277387988425,92.22012290236569,91.10532724241696,93.18790781366305,96.39773675661912,97.68408789994717,103.43455008590274,104.01341236784391,102.03459812532971,199.71387642380034,111.12197108319457
2009-08-01,98.27511068555877,102.45918437014423,93.22251010524033,101.7607151371632,93.88544747567249,101.05174517408584,94.51934000390203,93.34695399346644,101.0843440745524,100.0,87.66017958386439,102.87939875477736,100.15645181587753,103.4464309950798,101.88777160926922,104.40380441391441,92.40918158740416,94.87405708441187,94.0351964333535,95.9956794540066,94.21998749972359,94.97770957603333,94.09251709237826,97.08744023200406,96.84650522964837,94.99088241719338,95.30728774433614,95.67022522559874,103.13363869106512,98.74972389053936,101.83481301956516,92.27296500971526,102.55518552791384,97.5053530028818,91.45886786078856,96.23810451660707,93.09384634045229,96.01485689676382,98.71836153267462,102.88698555334268,103.77438610236949,100.54876051020776,198.40309031529497,110.42356426340201
2009-09-01,97.58523745375724,101.34729114137828,94.87626716603062,100.92371812661696,94.26429254522604,101.8376291365932,94.85820880504619,92.10542603454196,99.85429382207369,100.0,89.0878560635703,103.32641458812924,101.58627448072647,103.84630448885339,101.1724390262103,103.92760109287553,92.79912172068472,93.8638763884393,94.16417739975822,96.75650802908575,96.9871484512425,95.99279450110674,93.65079930629994,93.79566778844607,99.24347719028749,96.51481105279545,95.84610446234628,94.8772400332696,102.27638258612737,98.233858491573,101.5908773579186,93.65007769307249,101.28143130206712,97.87363804766662,95.51814776734408,96.78301075397572,94.06272875055402,95.30866280721175,96.9852654794464,101.43905356382609,100.80156184076203,99.94651849337218,197.51241892123085,108.99130335140235
2009-10-01,96.59863616032018,99.59320603973538,98.58023553806623,99.54316887237161,97.69508500234619,100.01665167639446,97.03313932713891,91.40592869037586,98.42799612225441,100.0,91.937607644657,103.6522036901562,99.7574910509678,104.19245459020073,100.45973760605828,105.50117849530957,91.98009213044486,96.10138199724373,96.35108530552431,96.68870208081526,96.95964531649963,98.23779677939541,94.85748509310893,94.68827050222465,102.04989708133903,100.01267536681402,95.91420188847715,96.23253436261336,100.87074964096641,96.98896954252942,100.52685719355867,96.50551514910114,99.85697425864942,98.09154569644689,94.80575476352693,95.74163611460266,94.44689782294094,95.17694720408517,96.62648204202759,99.8078668674361,98.28982794358816,98.39578995288565,195.57694703254,107.3879588330764
2009-11-01,96.2403790039391,99.15197935724173,99.49961269170674,98.81961050440627,97.75265637637989,99.76345283921518,96.32322483042029,97.93714419841284,97.84229793319706,100.0,88.07509442970883,103.57396501374623,99.8146708197936,104.20874727164642,100.16701565359196,104.41807337847496,91.40330875989359,96.01663518586395,96.05469493508456,94.93642215380977,97.92566010687744,98.67561031952803,94.79165153118146,95.36100853818714,100.08424632413416,99.07422857831018,94.9389282104349,95.39893584909375,100.20944253898001,98.06571131037802,100.5209711781756,97.56465436096775,99.38245735539786,98.35263266061358,93.86001493827803,95.47432769307046,94.66405149257322,95.05390527026827,94.65841643364577,99.19022047561153,100.30296680655788,97.98981435926957,195.70213300854527,106.16951863326094
2009-12-01,97.30798829069963,100.02089998532378,98.30976941255267,99.6126422217989,97.17154183794217,100.63844165470306,97.08408961284441,99.74328789931853,98.44785123838189,100.0,86.55884644041188,103.27102030520268,98.67179959673398,104.05701672641945,100.44506624052063,103.37948822823897,92.00203640698277,96.59056737009354,96.58953354184503,95.60177055487412,97.61140715265388,99.00573644766196,94.61152729104141,97.49130969979706,99.22536469144472,98.95906087504615,95.65570345819214,97.35594901857002,100.14156138478405,98.61861533232758,101.89686423859123,95.47492596403504,99.83248487554629,98.30345978696646,95.35126789609873,94.54197375655932,94.81385435657741,95.78309009962818,95.35857521936909,99.8230669408768,99.62355927794971,98.24174570910387,196.44837829502157,104.66741619285693
2010-01-01,98.64228687554306,101.63270492968626,99.65481047197278,99.98403831035253,96.9184245411864,101.0381913806938,98.28341886972439,100.86866520857146,98.62006848066055,100.0,93.33747168428238,102.33249303995471,97.93674340890595,102.8852095562516,100.42402517306277,104.02886057585022,92.62506303402,98.52865424699547,98.48383330149885,98.22203984446023,95.86417872369934,101.62326127322943,95.77103202152753,98.15734120910834,100.63076502068424,100.58152240671996,97.89138744722922,98.18736365241266,99.74997822672398,99.70351796314476,103.169891564124,97.33753066624399,99.91504904696835,98.0948859774909,96.23436068867039,95.57632925520771,95.73078851093489,96.51317938747648,98.35183679861156,99.9412984658642,100.37053231883061,99.28770156302457,116.77012349446943,103.65062482904108
2010-02-01,100.03167031268873,103.15163852306304,97.70890866114729,101.42476584152583,95.29853957810221,101.38662836915584,97.52141084184873,96.20767362628848,99.75008737185448,100.0,97.68527470028722,101.35486645196194,97.95790162763119,101.68146135478044,100.94245397586552,102.51619723470216,93.7260189801486,99.07337377971861,98.78229852549454,99.18217167898553,98.0920953386651,100.84616214737514,95.43292843064478,97.72035848963395,98.14838837631457,100.54458533362809,99.86791986694372,98.42196813098859,100.52039626213529,100.43071898823315,103.05369200740945,99.12216953752622,100.84051999271455,97.91386660744902,95.33596506975319,97.06265079777715,95.34496984987348,96.9435192794865,98.00919841073103,101.02194778856469,99.75795368169453,101.05044513272068,99.17213550874055,104.58528062383752
2010-03-01,100.23643405173841,101.63949326531434,100.26468314984322,100.49477402527485,98.25742018593596,100.2835162933066,100.66527770174498,97.5463312396655,99.38252546694277,100.0,99.56292011168358,100.9729538005219,99.25637129368583,101.18688583831215,100.87306837540552,104.28893884088303,94.75703736945268,100.6840042384511,100.18695708062215,99.4178414319768,97.04727541883746,102.29735409773903,97.72737017317785,100.47197125676229,98.14818153595216,101.24369053030134,99.82544163237574,99.39997806149165,100.99875909242914,103.22194885865714,103.37827646425835,101.47027602468137,100.40369499467859,98.10668978172592,98.78263763488485,98.9481369646825,96.32936290521432,98.49025593840634,96.91499475292466,100.60468531696768,96.20778776490504,100.0457605200118,98.75573935100816,100.62707121211751
2010-04-01,100.2409170380942,100.77699320106213,101.85833224174709,100.31034466006965,99.98176499150793,100.25006555984133,102.56039839434006,98.0413091442924,99.22860611757697,100.0,97.95432843600413,100.30266161377898,99.82715076008935,100.46389033766911,100.77239930853803,103.75550860984184,95.30306753779372,102.78127764210032,101.42483070277962,100.25527702515151,93.60616686247015,104.33000695435905,101.21472488816457,103.28771684488119,99.03424873560563,101.56877733004205,99.81560188405484,101.83416408400659,101.33644501164815,102.98013726302673,101.62126458188266,103.31849451466056,100.2655238392234,98.75519200632462,99.69367278762991,98.91328891829374,96.7933804624729,99.08980527738665,100.00688001219935,100.42890914216969,98.49396753790988,99.38421650420636,98.68693964499701,100.89688046296719
2010-05-01,102.65217141635492,103.08998444644173,97.08041477665013,102.16594402654391,99.34680658273118,100.17493189403193,99.96590086514682,97.77530193386093,101.36494259179759,100.0,97.33081009558819,99.20379516982773,98.24314015775903,99.55128904630968,101.49432608380688,98.90047870859549,98.65577613473016,101.89993259970313,101.38019048966859,101.23702544322894,96.8038091392474,101.05605617651949,101.08716221033735,100.12610193433362,99.70221317522582,100.80515883454633,101.85118503838189,100.82890977571275,102.8781455898101,97.92244983856911,100.26527976754547,104.06925599962275,102.13621824078733,99.54929652690572,98.75984276846526,97.90266358069694,96.42468411645865,100.16484515887657,100.68244398580055,102.58455759399898,98.67791574452518,102.31935073501215,100.16722069390207,103.30624520685794
2010-06-01,103.71492103846775,103.02072426540153,95.62526404116383,102.75207605813375,100.45581351802501,99.76075513756079,100.33576855764763,97.75308315978015,102.40788930519807,100.0,100.64964045830835,98.43965186675561,97.51657933493593,98.77795684743023,101.78769289014309,96.91593225662507,101.31036999591178,101.07208416367098,102.16331204761823,100.68744778428587,98.87529440100838,97.44473128706555,101.27355107743301,100.40384365751709,99.66586294598775,99.38121823523345,102.4957195379816,99.75192748997158,102.34508394371167,96.4636428083308,98.50118833634306,103.48443261575702,102.93801367738207,99.72556934264301,99.71389953134344,98.19879958468836,98.48404706043561,100.34314198137682,100.60755285526679,103.41035980241931,101.21245568363548,102.86099300902241,100.32235815924311,104.05813666309874
2010-07-01,101.60403588232177,100.8217735477626,96.40773947634524,101.83190579459949,100.89083115546207,100.60815702714301,99.19351218452593,97.1065274153642,101.35251091236157,100.0,102.36811387615468,99.18231283160179,99.5872043441234,99.22428635950862,100.67424650514947,96.62620086072614,101.73311642893457,98.82281071566557,101.65691122598317,98.40618317804555,101.61461510425181,96.79960010028549,101.63363904451488,99.01378726659118,100.77125589785894,98.7069651583277,101.2462734426308,98.4442552228946,100.58641982394494,97.43988941711741,98.62490072053419,101.87064101162295,101.38253916533407,99.90524458040004,98.6868351959086,99.83890197423487,101.72481519166885,99.02022017819158,100.06559199282673,101.5537236392515,101.55930558270363,101.48844425384662,99.29424096621268,101.30923999591485
2010-08-01,100.37371789471572,99.84679625345993,98.03417856125753,100.85624253008415,100.71021989244517,98.39447792290524,99.198954303305,100.63426199255136,100.06338172179574,100.0,104.84704499702484,99.01239205237243,101.46374619323393,98.93427201895062,100.21749488058911,97.18069328070943,103.88001844638673,98.56394746421786,101.15271162456321,99.24982217079045,103.43886336368475,97.9994225848364,102.23146014225568,99.12711740237188,99.63466526491051,99.42946401879004,101.12029956947708,99.80923214570326,99.80827462067894,99.46618893377739,98.87064920722241,101.50006030554577,100.34751656258835,100.52218144248985,100.96806294538543,100.34572000208124,102.05227732659824,99.72895572088312,101.0121028312962,100.30712904045029,103.00623244879561,100.65500235937446,98.77349064339231,100.29818774128351
2010-09-01,99.08419776166848,98.11909250688561,101.13454888627327,99.95649671319813,102.2941874767652,99.71166368390932,99.54898491794233,102.90092065770973,99.82104266087507,100.0,105.13555626790362,99.21272656156975,102.23349034881184,98.86050159610562,99.42976513754469,97.14989054089861,105.0259569126373,98.94738008027477,100.07772068872373,99.90189270217283,103.67894860896286,98.86817925339008,102.73297551428324,98.43678756446332,99.95852565693953,99.9287222965833,100.45151440847033,101.07201357589655,98.88958254911905,100.59031820307713,98.41827298260034,98.91280657537739,99.33295468007043,101.17202512016404,102.29833658287527,102.70690371368913,104.83437296272015,101.7409670715858,101.343069906159,99.12324552498777,101.10713911144364,99.8773571427976,98.23145764953905,96.91551039521111
2010-10-01,96.8007346144129,95.51317670752216,103.42471486345828,95.95131787357168,102.1799177241989,97.98730973598425,100.17990197678826,102.62214333402939,98.5009060536788,100.0,103.25293690431556,100.63522942177956,103.45229706225642,100.12846959671269,97.63728341112909,101.07006022155795,104.93333748309735,100.28973531061622,98.13051704173118,100.34518525634984,104.91322304902164,100.20471414210621,100.55441052689807,100.4697448992892,100.34013768251748,99.30934611787828,98.30380941356906,100.84290123842044,96.79493562577473,101.61277240641323,98.68016211025848,95.84996409879878,96.81826121113478,101.724469747932,102.29135920169739,103.63952957144096,103.48244792902699,102.51413634882427,102.34854241321617,96.25986154150081,98.69125566345632,97.25690710888696,96.9576170877279,94.75482543544338
2010-11-01,97.51977740811142,96.16511376785373,104.44480805921685,96.22314709155953,100.89203023854536,97.81415101326562,100.87686392944444,103.56306245970283,99.1304162249318,100.0,100.55839380871186,100.21950390357779,102.83356858282096,99.80895026694631,97.7362148064287,100.25855178244495,105.59042925894182,99.41526573382873,98.20457359856901,100.20734780232388,104.11948619777647,99.7582204841951,100.16252407875999,101.54102026095184,103.11024213294573,98.15311608439228,98.35177820277241,100.65294293998693,97.64274246107298,101.37847539109315,98.19443213063835,94.97709500260476,97.30046352124799,102.384588852411,102.09863016640324,102.84653726515822,103.06103909007689,103.10224486004617,102.22194484579302,96.88025661490067,100.63100819867404,97.44387097612439,97.43081938670728,94.85828144888444
2010-12-01,98.65226741914272,96.19443013690011,105.79079302032055,97.68561588178524,102.88812318873705,102.33546875237913,101.67314712574031,105.9574164163448,99.93578346762568,100.0,97.86525247154852,99.33793667875433,100.22149715703657,98.65628420387905,97.80059677261602,98.97614464351567,104.72624193766853,99.72604177833949,98.05289379685233,102.60089678571738,103.49323223374931,98.98313297499965,100.55651160499299,101.33492705252411,100.97732926883725,100.16297561674025,98.3843613465873,100.46609369214947,98.15894428768533,99.74103015087952,97.98581741143855,97.83438269855294,98.01088382492155,102.40080480475899,105.7406115322866,104.76884995198039,107.22292442986472,102.79925470707067,98.31763430856549,97.74200702139171,100.01230651765086,98.04754658303614,97.90817556057652,95.31816169494392
2011-01-01,99.14285023944898,95.4500459339359,105.15639301830788,96.79906529484607,103.4071828593422,102.25432455710259,102.77014528128248,101.88670177120558,99.93023165991816,100.0,100.27710308018005,99.21824949542152,102.93170812730663,98.33222967162783,96.94983656018337,99.47841051625556,102.56485798072836,98.44968100465934,97.051645185954,102.51526369926711,103.62095973099397,100.60777234879168,102.00999456567483,103.21695674183322,102.29126384544027,100.98938315466768,98.71566080677027,99.00154966055273,97.70689424033375,102.17950875622996,98.62380153720898,99.03805906985652,97.4304151923967,103.17609553066845,103.22416508530765,106.30486274549513,107.59829375145972,100.54354648159223,94.67667332779752,97.32415399827,100.24204329804655,96.92859445139159,97.39560651005922,94.74589811308435
2011-02-01,98.96211585218471,93.75670969220933,105.98865722035194,95.31486206623357,103.14454195737501,101.67871433243603,103.07438155474287,104.33474635062392,99.64804781766671,100.0,98.98812201509496,99.62124132539819,103.83914371006786,98.42202418711906,96.46317522323159,101.25557149833652,100.97471070714681,97.93296822628305,98.00180838086878,99.64034350250436,103.12160845482235,100.26771412204774,102.11778569025229,103.40616213186746,100.91012723473334,101.1811525697623,98.72493943232627,99.95456289190679,97.60507964591545,101.23895897272233,99.23872108337827,100.57282386751221,97.08051589358804,103.49656074166309,98.66043946225219,108.2306001834201,106.51149760880547,99.5582177134559,91.78469753606512,96.9509978283471,101.10355342564088,96.23303053361431,97.05158957222429,94.09443430414373
2011-03-01,98.58346964946588,92.67633109564474,105.72457257767707,94.05736759524828,102.86868864801362,102.11273037526306,103.95513431992644,102.81293094068005,99.27635743025382,100.0,98.47407016118203,100.23075981868286,103.75905279109622,99.14921356845893,95.97072887949977,101.75392782236592,100.28907151338034,98.13038656715226,99.15712166708404,101.16396902908305,103.78734171246724,99.4643436760275,101.84823532112821,103.6522916212034,97.69880626842193,102.09548034317717,97.62930094388904,99.83645944296214,96.87796762530489,99.32014901396813,101.65343346633078,101.83450744611599,96.33164404903243,103.61141319840928,101.40233113354739,107.67692567622929,108.209844160601,100.1258916107046,90.71520013774185,96.07420956344099,99.49471207260174,95.3480372946721,96.60815380932183,87.31851602326711
2011-04-01,97.04272980958002,89.82728486764809,109.50389540106056,91.12495328838526,106.42531625548328,101.97411678331405,105.4868697278742,103.31489820583404,98.64850401639059,100.0,101.34419557600556,100.82508853890756,104.40234745763091,99.78878474819403,95.43020615464233,104.2968620437958,99.85783796016166,98.14024391231334,99.48863237647197,103.36095610204093,100.3697083577306,101.79809569047467,101.6126449611945,105.64619073140473,102.00275159609929,103.27930332526132,95.02772065994036,99.75322988546704,96.72082643123882,100.77916611481403,103.23099055954874,100.69236701237078,95.3485525376282,104.25010635211498,102.75539965792284,107.19256201389904,108.08281317846928,100.32486318489484,92.20386799983011,95.0788435385501,98.42057146659408,93.77145324784757,95.59196568686144,86.24246588384666
2011-05-01,97.17295467488366,89.80199486416089,110.0576218346848,90.94404520891499,104.56798246235175,100.3140861671312,104.32025723123364,103.95841121717903,98.88396062915477,100.0,101.82922888755903,100.52234416401504,103.81401429626065,99.56652535171655,94.95789781261372,103.36643246999155,98.92107885755266,96.8116746319276,99.99258548946499,102.48286205990105,102.9198745862916,101.42822135171899,100.97411589811986,106.21231548043217,102.56988931003983,102.53353266892849,96.17478210798969,99.22120055176528,96.1450828454975,101.37233627264013,102.93246562895617,101.55556035702318,95.15522398568962,104.78445166849772,100.65365374467015,107.14393017359014,111.60820614782358,99.10137184309147,89.1942436369284,94.9357489509531,98.67286528328705,93.7113430295715,95.63239455823177,87.24976210538894
2011-06-01,97.04681201265561,89.07540902551256,108.99975643887163,89.98962717124788,106.04893328183562,99.90642924081452,103.24189913907027,103.31001094636036,99.102025340009,100.0,102.66892495493047,100.6002899000463,104.36519143399143,99.91173196245865,94.58256258388008,103.60118569320869,98.2918683080047,96.78706586732855,99.81248659757219,103.74950745005025,103.80440769471804,101.63554285222214,100.40572640615848,104.71378316659813,105.01284206261441,103.07431065806702,96.12986130212995,98.5328421582957,95.41249461907248,100.74737948148137,101.13698693092523,101.10562651551767,94.93878775195859,105.06851063309509,101.39674741577716,105.42071716968468,115.86453359722834,97.93205446289048,87.46949758731071,94.7406046486585,97.62015646546317,93.85952853514962,95.44358872519238,87.09708032276644
2011-07-01,96.38299581803784,88.00741002442336,109.90342405045064,89.16569225850301,107.49259123602255,98.37536874124102,105.45800422482743,104.33911295953695,98.88326637492797,100.0,103.67990258612477,100.2683903544395,104.03967916735685,99.67369155705589,94.14734636503606,103.12513152721921,97.93311027350325,97.48534395428761,99.45291461805752,103.72623539695157,104.6901068809547,103.36771510170861,100.92023053858587,105.77540799852186,108.25980219485429,103.3386137533098,96.38393596804273,99.51496452305095,95.03396583253138,99.95296907684225,99.99943178584412,101.80371683056546,94.42708692084338,106.0250284211976,101.24287377096985,104.81505977297768,118.66331964571368,98.68344761503005,84.85597178973978,94.18304185218553,97.37241114248334,93.14869509177731,95.19001311449308,86.84638125643008
2011-08-01,96.69894800458847,87.57497904413056,106.65804028462071,88.34040833458158,105.45700012630945,98.58947087777354,102.70166941266716,103.4788991910907,99.75392611021819,100.0,102.48861947448702,100.4816382207083,104.66334828268258,99.9614162841157,93.41547283902833,101.71712517479257,98.84473204502515,95.2594170859577,98.96716213970224,99.92825417848525,108.05155058960436,101.51033116306014,100.80870135745306,100.88911887487528,107.6016768939474,103.34547151106676,96.21167253526767,99.74969559001691,94.29339784411572,97.26389740571965,100.49966218164069,98.53104764635032,94.29355705664568,106.50904810117869,96.8351754207553,104.77273739033146,124.8831432373918,98.81491119664021,80.26838360366739,94.09864776737791,98.58306022032029,93.89227705216564,95.33269452787872,86.1517944126381
2011-09-01,97.87228369045258,90.7173765016257,105.6857185787781,92.0318102439513,98.75286067246233,100.47968608374647,101.42894841761547,102.01671774078882,102.30304343127396,100.0,101.835445987953,100.41638074220593,103.80733094534509,99.63858603030275,94.46890521815541,97.24075461111042,100.55899173555804,92.73314054577058,97.93803354452703,98.6507786343232,110.42544315568297,98.73502718614672,99.3677974912621,95.3785335369439,106.4441986329889,103.71720464113989,98.72388321607627,99.77423092283821,95.05402300915105,92.43939343694746,100.14931392314641,95.64277804877275,96.29209660112743,104.9593333239364,93.03737846106115,104.84432026623614,115.63623110549182,98.84965474943334,81.37823366638712,96.59388912381326,98.52618678303328,96.70346184255651,97.02271816598369,86.82626482304573
2011-10-01,98.2908018267518,91.6593164285549,105.43792598899597,91.19463419546088,97.45418216089512,101.5159851684709,99.83666012070472,97.04952665309126,103.56518865322076,100.0,98.53477200531967,100.65945104864818,102.81211999207476,99.73870444398014,94.96804517887338,93.61245000902312,101.78854633960444,90.26258710450567,98.15659646478645,99.92250688416073,111.45025101675566,96.62993600018675,98.49258327147278,92.68079211318832,104.03875178591984,103.45712325603272,100.25098110322286,99.82609456496375,96.24948696519152,92.43970632036313,99.74081796560282,94.66880672948092,97.20880888665772,103.70884945770335,88.74656213257002,105.27322389006208,113.0112442646692,98.09071399869654,80.48015153915155,97.78007499378909,98.934798650074,97.8950266187553,97.71855911537625,87.52158814373014
2011-11-01,98.61575680467489,91.18626330720166,105.69923426848567,90.35411746469228,97.30943913780756,101.18617379731461,99.51618359015912,97.97796595906988,104.16310869580894,100.0,98.25758524600985,100.46922177207622,100.26185657501499,99.64283626426186,95.0711775557884,89.71553045447324,101.53865201836727,87.90391290284168,97.01979970801968,98.77329794494645,110.41487378013085,98.50757921037336,98.37182273585495,91.09057008030126,101.94935410878985,102.48102530676535,101.61231189329199,100.23443452649366,96.60525524765657,90.62896194185213,99.14094257192725,96.82163148843692,97.7058513037329,103.1293948518023,87.19170853292061,104.77868030972199,112.61287431287337,98.22511484937989,81.76717905454029,98.6557030792694,100.20745338126893,98.49943057850496,98.08076240304094,87.04257810081631
2011-12-01,99.69794751918997,92.01224872281206,106.72937630668378,90.79081254841363,95.67715080849403,102.81388988998792,100.08095453814722,97.11851268696364,105.36787936398227,100.0,98.3038118924403,99.85091244880196,99.75679112442444,98.97300016089015,95.46262535902247,90.79983455501326,100.5386329354376,85.67761394746718,96.98589639846884,98.92328574414184,110.51569117099507,97.84947580081456,98.84504990946364,91.02572893668578,102.42891497545345,102.10462010699956,102.90378587970888,100.05979483691787,94.67629834347942,89.37873360813545,99.44780973002935,96.5980975980836,98.71827362723624,103.33219743957854,88.00595494472287,105.55948165698005,112.0777669033447,98.07763225506973,80.77853184956408,100.11274659391351,100.85626028479007,99.26141923322433,98.74827219889862,87.60115516014193
2012-01-01,98.97698272035404,90.56661938756916,109.06130396833407,85.23514323602946,98.22738036293927,102.78517054285825,101.04253552215899,99.85023347790352,105.53516608195976,100.0,102.40267346736145,98.97130157116253,99.12657297110601,97.93117580787607,95.31745148820467,89.24000427418672,99.57717702067906,87.93728838930626,96.50303303271151,98.3676365703663,111.4129635291347,97.90254317901295,100.0342846270256,93.19660176168081,105.63952538309593,101.93922291976251,102.65741972741733,100.0202393407128,93.79655032575363,90.92724000290802,98.540791311752,98.08894126393022,98.32598433596937,104.26850125964404,90.04285535008351,106.61263604361015,112.6499837229075,96.46671905602254,82.68315325005172,99.56465671376509,101.08062329948598,98.73550958755565,98.32854968147271,87.30803392886023
2012-02-01,98.91387791359553,87.79733135552944,111.3635017763552,81.17524270929535,100.99687648415096,100.01270086693343,102.06705283938324,102.8189046492141,104.40694988976853,100.0,105.19482171318113,98.93556301697134,100.69418885860684,97.8928044816526,94.75999778274016,94.21824890455561,97.56538139916343,90.42642110643516,96.09910688045463,98.57742506433128,107.88052316979473,98.70703020262025,101.9429108744923,97.35271924155673,108.63596281631031,103.86623565594313,101.55751044210488,101.2806275834108,92.3307852293053,94.82049332627038,97.56413710145098,100.79963600099724,97.21780978447023,105.053082469145,92.90178006960575,106.82665998039904,113.45348128673325,98.28795617900396,84.53793079873732,98.04471700065265,100.74300794652528,96.89775145500566,97.22955131314043,86.55061805614453
2012-03-01,99.80605594766567,88.90820372808057,110.48547881225794,84.38105263788567,97.16148819945303,102.62769920580592,102.66570633546107,102.86271708927582,105.16510355394686,100.0,106.59135883950486,98.95143251969743,102.11470794622062,97.98342321702968,95.21482345237034,93.61237471842985,95.55815153566233,88.59498914744768,95.68290602670648,98.4015533993222,102.92979570299052,99.27110346034597,102.09190798285638,97.95960461382911,107.75080109113246,104.22787097116183,102.6162595411105,101.65472114769216,92.62952677880435,95.74499465436188,97.24894246487517,102.79495577356906,98.33443596639593,105.42605173360108,94.20725791825285,105.99912974634005,113.72096015432113,99.40226148638732,83.16198530072195,99.4795413741877,101.15532071187499,97.31632225580847,97.66334647016473,88.25359292523184
2012-04-01,100.5493196217378,89.15489806293128,108.51841899109785,84.66339937765073,94.1646089497314,102.69930609068592,102.83966595181107,103.07100880392748,105.57029358011758,100.0,106.48180810915451,98.88178285210437,101.55213007002224,97.81575991859629,95.1048858723274,92.76585385096138,95.42629937815667,86.30619328609069,95.51746814642263,98.91242205124895,104.66894546145436,98.49297797976345,101.61335909361998,95.61721048830418,107.84684232897348,103.33015957577587,103.43579715837757,102.07728100834605,92.8296007232312,94.75335319959906,97.05010344044719,102.64909455003304,98.54516108708489,106.34171370592973,91.70393011278126,106.25541330973958,113.9627189414467,98.84972209935367,83.50638991324287,99.90761754883134,102.7218087710318,97.67708886364244,98.0462013915272,87.95866240504205
2012-05-01,101.48410225002912,90.96232464858915,105.516293277701,86.08329146031834,89.24684653417665,102.35474374383922,101.58978217336538,102.18711288308747,106.58177270462564,100.0,106.77262508186602,98.55307057348973,99.48585291410188,97.67623174178594,95.67984425588776,93.07861425302917,97.52309310207696,83.10726147754627,94.89016063120275,98.41559961033529,108.05856940359506,97.44168130882491,101.03789480075804,92.04062156489351,103.49461603351564,102.75017948930474,104.54577746169778,102.00705699913593,93.12788189488877,92.18293246421514,95.6206376128922,100.01736851585402,99.72869038508203,106.41233781661606,89.26607851831865,104.38194032137109,113.32171902849124,98.13487293074748,84.49860880257951,101.54724863641175,104.44632006515508,99.52117740364372,99.31524838183847,88.84114474194998
2012-06-01,99.12433274825088,92.13069761630402,106.44916822596949,87.22286822347482,87.37196025246561,103.02675133309592,100.29864642804027,101.40384318430007,106.89736226938062,100.0,107.78828601282673,98.45526453656454,98.24501040167797,97.32773885916728,96.50241026127262,93.23930517603203,99.14262583806098,81.6029241611903,94.4126199595689,98.02443663263074,109.76804642166817,97.76134210249202,99.35647496604237,90.38494991211363,105.13301617951896,102.80857471217577,105.63481821948557,103.23548913798284,91.09231499786635,92.35764624790615,95.18560583152382,95.6285909674072,100.67452422180342,106.18702312586952,87.98172038989611,105.65378263391625,112.90824447202117,97.9351450489347,85.72838676471366,102.78945545131388,103.6959562226395,100.98796456616792,100.15819556270958,89.53953734688373
2012-07-01,95.96324487627295,90.36903528019971,109.60322387837178,87.60069592956917,88.50166101351154,101.72479737896003,101.63231721053239,104.1517836744936,106.44410308571837,100.0,108.16461263749187,97.5654479014851,98.30840993336714,95.94130230246678,96.56309112830682,94.98952896457794,101.74294499438294,82.55632781615776,94.00624366931986,96.03591233665915,109.83779239660359,99.44936710003681,99.46122600476261,94.22996014524055,106.88511913431577,102.52697819302645,107.05137274024491,105.11475963767221,90.95327569616799,94.16137201893287,92.44084156352824,97.50967403774919,100.45783976158533,107.51257410326511,89.72607857840954,108.73906712680505,111.90688153940005,97.75355833108657,86.85905366920555,102.51019806207582,104.86131038066888,100.30934765061174,100.0630223535115,89.38929775632232
2012-08-01,95.0339929490096,88.82009987222108,110.8863395542487,86.8878217241,88.06862393084717,101.39343454112324,103.55719026709671,106.1706191047066,106.09755716289409,100.0,106.46240505075981,97.45519466394093,99.73404562583337,95.29705737051405,96.23806225393068,97.30615306594099,105.56726297697598,82.05536208684475,92.96112894604404,94.971274598553,109.7552906740531,99.96369526888684,100.65405364778218,95.278070583904,107.6761382967201,104.10165888786787,107.28554071205131,104.11727359663534,90.50234277256823,95.95729572866361,92.88650888523601,98.26071469436222,100.06730464155487,108.11548984596324,89.00631344376966,111.99445972959894,112.01988376645701,97.95347512740939,86.85633633525333,102.09641287557747,104.74388395053529,99.41761055635735,99.87809782822055,88.68157691953974
2012-09-01,95.00720789783111,86.6838439916611,108.82778554208915,85.80046930326216,87.1618007074676,101.17814066100799,104.48952520039437,106.4964048517376,105.65075226256144,100.0,105.62515810758275,98.33829118216131,101.40883063145722,96.29320327106389,95.35263197011173,96.07293343499298,100.65321214464846,82.79092075922892,91.43513570715089,95.10014829903535,109.55775496466578,99.86547949608669,100.87416913626836,96.6417606654184,107.89326174024976,104.27220511808164,106.60252907043268,104.01321967916302,89.52592398350949,95.53745338562464,93.92546984542189,97.60051949502112,98.98964537054322,108.58538079337343,87.50829985976013,110.17088925765906,112.46091123194681,98.49372281363853,84.66442092602645,100.76847758861828,104.8607335016807,97.92625014124809,99.19902147355323,88.19296873106663
2012-10-01,94.69331933038389,85.41493690064318,107.42788711443025,85.34087525159036,86.78387732951482,101.11201253456422,103.49029708409631,106.04565769834826,106.22991811325366,100.0,105.19591677619738,98.57090243735183,100.70040958412943,96.62953981346277,94.80262686522425,96.97505467327574,99.04712028779184,84.80283212721073,90.62710980045249,96.9100886075656,107.94776230507239,101.19198821272848,101.3352950539375,96.93962306044456,108.10986823439973,104.58558101304905,106.90231201489244,104.51148018788562,88.49599517305823,96.34190836678157,92.71669364523915,97.89778135232746,98.50972699694306,108.81978208782684,83.40278215369193,108.86006517442944,112.69179766535065,99.3358183117224,84.10876803011733,100.05691984566658,104.10251310897615,97.65477398398907,98.85149425945731,86.86304051112343
2012-11-01,95.20799154024459,84.90173634242468,108.93777049700309,86.49027829677102,85.68341542284217,101.80351957077119,102.63779136794918,105.4360363021684,107.38354695388774,100.0,104.74365864540572,98.37663230324394,98.89121953171669,96.38792244989729,94.78409449898234,96.7755757040473,97.52357517996182,82.30292024651044,90.80807172803421,96.3832457952362,105.15531997861653,103.32257526543617,101.59328339206087,95.7211696982819,108.00489901778833,105.32187818445158,107.03398268373061,105.5509986616614,88.14204651161131,95.66025466393057,93.30857812715907,97.79900121063805,99.13482901730629,109.07955654394878,82.449340104395,108.6642882951483,112.87270983074504,99.71898173751799,85.17803666488703,101.10728113061978,104.09796944288014,98.37229325673239,99.34868480164333,87.87495488190348
2012-12-01,95.4192280189748,83.06546958139023,109.65850304831149,85.92434559095804,84.81294237379005,102.24780903098545,103.16143205858248,105.98782935735326,107.1265994196882,100.0,105.90180501256327,98.91635998917923,99.72486451976263,96.91881167525474,94.70731289744465,95.85026240263548,96.6045373112793,82.12301880466542,90.7569713130893,98.51589007107242,101.42177054893678,104.45890406673762,101.73939794394549,97.19739775779091,109.31978346688544,105.84918668690145,107.85123361799303,105.85550641668394,86.73735889119752,96.76095027580224,94.434827458019,98.53338105226855,99.08701005579226,109.16244480940296,83.68954603918138,108.65390330309317,113.39079346279048,100.10947293433956,84.24685191816383,101.06409784381272,103.82808564486194,97.6832573838999,99.0832360598021,87.8401484837266
2013-01-01,95.25901079895254,81.13375161449471,110.63903341548,87.57375343658278,86.72052048521847,102.42180000104042,102.9091717143185,107.05797966224794,107.69915448320194,100.0,106.96694833201339,99.49643059084379,98.74635521489584,97.42531797117485,94.86237844867031,93.44024488693408,94.2888460331508,82.69408771706085,91.15091680246611,99.21087164388027,94.90628352886232,105.8305967239699,102.7558287811891,98.4034971861855,110.26081498432703,106.26660501638494,108.36148178007308,107.31561129842318,86.43744064669102,95.9878914231998,97.21989922326175,99.6613370593488,99.63911929448659,108.50784827665541,82.09786787665348,109.66053737779755,112.3384735838429,102.99257614849854,84.34881081494818,101.59682346327618,101.96724325604363,97.62946337373887,98.82114418385896,88.30287246612927
2013-02-01,95.31723197442328,79.96274414500914,109.76069977814149,88.47191147516895,90.02997055638838,102.99159616548408,101.47000346873496,107.77175697451358,108.53051703070373,100.0,106.61431869647711,99.92515812969168,99.37463952960398,97.78595719339864,95.40456631077083,94.16052595063195,94.94351738857159,83.89759280161996,91.97557860798318,100.58473396271317,91.115935400522,104.54256583544064,101.66471254914744,98.50588362319695,111.7690663897785,106.58589689203477,107.99333203856838,108.50543232142955,86.33457094494467,95.57965133707634,97.41087075795367,99.88014954138161,100.49384853100986,108.58907744273998,81.59411282653215,111.71912161207362,112.8384462230547,104.93882254499833,84.05988244619967,102.35399128721927,98.79472617219321,98.76521401942577,74.89619060357184,89.07786692593828
2013-03-01,95.92169974883093,79.57830013903629,110.94198051182889,89.81489819028083,90.68579269580728,103.54804602934537,100.26247810875577,108.67653400322273,109.99119917009632,100.0,106.1800934102936,99.33647072635834,98.4090279355274,97.16496596176758,95.73299916998101,90.58612667450934,99.07090969798121,83.87298480765566,92.4246866549401,102.28792123686503,89.86111020181157,103.65893283693042,102.00153299783187,100.43164141944605,111.0666479590505,104.93355690407395,108.51161306156976,109.16273478315779,86.87498754657784,95.66334267401469,97.178253222314,100.02604369541777,101.51869174513364,108.59479906724509,79.91903334860018,113.3884873101803,112.16201283311105,106.93575160676056,84.20129314576528,103.45927529439014,98.17465074469139,99.77373451660002,67.72203178605987,89.4761441310974
2013-04-01,95.82199620776049,78.60523544720851,111.52208006154503,90.58817782116527,89.81802605830349,103.65411276320853,100.76833571907078,108.93202830210427,110.88384299645517,100.0,105.00434921651333,99.44979127889823,97.76535272186771,97.40470829585986,95.52977452447959,92.05637563210828,104.12540533581381,83.84611380693525,92.51865324116757,103.84256388902635,86.89249146507755,102.08953672931875,104.22228408565539,103.10451524947115,113.71190661503965,104.18630504048339,108.34886126337943,108.25039111068575,86.47491449092595,96.3605494231233,97.46093279629832,98.11561499540889,101.85534483356578,109.26671751704265,80.58958125503433,112.26104658701405,112.93829972809979,108.9085661785901,84.63902213932573,103.63801713349501,99.41522039360832,99.29656875466567,67.63919617956698,89.64855246786064
2013-05-01,95.84127108534761,77.94891559575025,106.69503061566613,90.86428869922895,88.67919163963795,103.33980278160253,100.62918233992444,107.77413070536022,112.52256013622157,100.0,104.39793077100832,99.52817677737092,97.59963636987055,97.69282380603403,95.53578459122676,94.04517160920982,102.56810851037189,83.14988698140415,92.86998082469523,103.7955996360207,84.45110314130501,103.47326650367398,106.01171723387456,102.28704088885145,111.69742542267917,104.11458300585245,106.99180289457759,108.50328255736503,86.64156984153374,95.29359459603424,98.3273059322261,98.4826258312082,102.51126375661792,108.58539057115885,78.61331919112844,110.67973344038839,111.04818024873981,107.09945714653786,83.39916146901751,104.65759111969231,99.7822426227899,99.80245072454692,67.84805762163285,90.30389919497453
2013-06-01,95.74948981884265,78.44190921130149,101.94226591130702,91.95951219586121,83.4622916929428,101.92373411741511,99.73006897746401,103.37517324672498,113.32169558151651,100.0,101.79198604839917,100.40080366497747,98.71805349362675,98.55995936164193,95.57174719551827,93.7574940619287,101.34160329792479,78.62236003336902,92.34266463752532,103.97265081149274,88.46655249131655,101.65969704786022,102.1223878950154,97.33355388778901,108.41221996020853,102.3858280478005,103.51784470265461,104.55174984960401,86.7526517175363,93.68282594404474,96.02005846624542,94.85794232364863,103.04480973718898,108.72507813635708,73.62960098914681,110.34670615565507,112.98824382676442,103.64207499871073,80.28502426056922,105.63337522641669,100.60000825145394,100.76330782946347,68.52835863353833,90.40227882933497
2013-07-01,96.11889348891035,77.99285888147487,99.6467133588423,93.0544985173178,80.94505059411696,101.76399477753115,98.94045787229503,103.68793775891278,114.22782486285155,100.0,102.69332996175397,100.46361446382579,98.00798148004264,98.73377246881519,96.01733604634587,93.98608520249378,101.84219156141998,77.28446620677045,91.33648888906298,105.43616407351475,86.8377923554015,103.35292318041722,101.51561405474119,98.97844781250926,109.3097086563958,100.68307525619073,103.07573763103659,104.36425622684627,85.49098116133582,93.98335417682988,97.3055324554967,94.37359101014103,103.87313330142295,108.86052072526495,74.99613901095891,110.92161993216307,112.65371854354083,103.66242291190476,79.45755429933187,106.86443318507897,99.41617170527167,101.3108863995815,68.92798686994063,89.90434621725913
2013-08-01,94.35372376035106,76.8550705481753,98.02694842737671,93.17581206932546,77.77881563882998,101.58691251300378,98.81347684791574,102.16596139399114,114.50139910518861,100.0,102.81143504286332,101.01234710165468,98.70589364692431,99.19809260024907,95.86154654217644,92.84613668076183,103.19165868462899,73.21556015469967,86.66122208519295,105.81444333697922,88.66578852488509,104.41921092796993,99.04232579679838,97.63867707942944,109.84126778825298,100.29877099624917,102.06929677518836,102.90519549057726,83.58323063779824,95.37523902491337,97.54140155173405,92.56632002302644,104.07696624808804,109.32632617138182,73.54046061431747,110.93520981326472,113.83676111570524,102.1769670127552,77.6635537524978,107.5230227156365,100.56516740359372,101.28307257561701,69.32847106718273,89.98175788309022
2013-09-01,92.6111925177485,74.05461678025985,100.63386155228872,93.30280439103848,80.18500207375546,101.35086512503982,99.2783528313663,103.5224387482034,114.10752410512492,100.0,101.76943064937716,100.92708920760221,98.7501182429259,99.0361467859721,95.73537105335501,92.71169739378541,101.65783135670243,72.17581683778016,81.44767884308018,105.81833608163527,87.22181648378316,107.60896283341988,99.85719882008458,96.39457125014891,112.21002398138916,99.40069525157533,102.67051016888101,103.34205779700234,81.66116696785232,95.04889084456572,97.0132552475012,93.62544405897401,104.02407094360997,110.3289087031885,74.14056808347746,111.15125505127999,113.7949375651101,101.91688334621531,75.18285419079841,107.62519243227544,102.66019957248449,101.14644125873207,69.29243143888442,89.76609047467528
2013-10-01,91.55039958473044,71.30487126579457,101.93274005753064,92.07228135352268,82.60479280786618,100.95278360036228,98.81760591868067,103.23478166508208,113.01224991192167,100.0,102.85622707388384,101.2466933410086,99.31817501181787,99.51168390605429,94.96844652379444,94.44629628391029,100.24209936862852,74.13356814278464,81.9072672906957,105.3846108939628,87.64452474417992,108.25608030888503,101.07705264594833,96.45279688801794,113.48816698909255,98.02795144623461,102.01483854917971,103.62191511151346,80.24118746041692,96.30006623634728,97.39019797788153,93.48245925221713,102.67718086297381,110.63076599764057,73.63175595970667,110.70475693322477,114.58340429599522,102.31482657534023,75.17389519537804,105.75042749671162,102.54183764988937,100.17381381395415,68.67843336464792,88.76253164375588
2013-11-01,93.66369475197813,70.71657317700225,100.52931592120804,92.94266073572301,79.49221996027218,102.18066636479763,97.86507311995571,100.45915890813322,114.2800603519722,100.0,101.61551719535835,101.27809313407488,94.63396781311393,99.7241192613102,95.26019479519985,93.66293630978376,100.49491421576344,73.45827020404981,79.28233584671756,106.16437456611789,86.19536855680843,109.57007884646286,101.1358049100739,96.31296129902469,113.44240925469322,96.9039398465447,101.94437482578209,103.31496825859212,79.77249487041345,96.65545169375541,97.59138050365469,92.54851325648727,103.53056448061837,111.27128850371145,72.21700829844532,109.11857829899525,114.42201958365814,101.8621165989644,74.50107990710619,106.79732286287292,103.66281471583872,101.04064220815874,69.16100070608258,89.42213981205661
2013-12-01,94.9134217813525,67.66688188288218,97.30834396640329,92.80926108386068,77.96052501566935,103.2670640373188,96.30949654585613,98.79195641658455,115.22914707251863,100.0,101.0001116790048,101.85025787257109,92.84133461101891,100.40120119911941,95.26440224891252,93.29709447989359,103.17465813094438,74.47728248952453,76.78890188007456,106.60872710707001,83.65590575864458,110.94252186172953,100.3700842148336,96.79189533690071,113.92480256576536,95.04051026962081,102.56809341632602,102.64593716435199,80.14644318614621,97.48554427379302,97.67577635212736,91.39252159570451,103.8237692534687,111.0768195653723,70.86310103322381,108.91387585737588,115.9555851405931,100.42870736031352,72.57240423816386,107.01915865017544,104.74062946894679,101.26386606900589,69.15140100078871,89.93314241812872
2014-01-01,96.50744562207122,61.223827814676056,96.12297541730179,93.58516521191447,77.80713287233999,103.82175763337642,93.81643669330582,98.23966267181332,116.68113599245808,100.0,100.47670942805989,101.90175232048976,93.0532167605379,100.13150903127314,95.3520906414781,92.7771942934262,105.03214238714405,74.67570355734304,76.83891613949217,107.63936586926621,83.72659392781947,110.21121179303366,99.18655177233005,95.44697787492316,115.32781617987857,94.88901570665209,102.65229724545983,101.39745025362612,81.73050126582218,97.58046584683062,96.84791977942136,89.59745950274043,104.49107560843096,110.54278938156949,67.89588104155338,110.49437868611219,115.20043908400395,99.24221604604865,67.78040913464793,107.7540157301754,106.04706508818857,102.39224059022871,69.49379666781316,90.67450211112353
2014-02-01,96.77604066460115,55.00590565801916,97.16419241986848,93.33316988532432,78.5627577265456,103.88413538862142,92.80246662979582,95.58987317906401,115.92577301699131,100.0,96.81190091325446,102.14101849522838,93.46279131809882,100.27705717200584,95.35229268713442,90.73232267454975,106.34199023306279,74.48358900009437,77.87577523651618,106.8077600859716,85.36923443321955,109.81068704249017,98.67655118041417,94.98452499761879,115.16610479151481,95.42112350241374,103.05150021255585,101.48211905065901,81.9328044594328,98.22170559686785,97.84062584808186,85.5767523749257,104.23629319777736,110.85486138075356,67.33484276760986,110.19967339875949,116.37293105534827,99.79244522525494,68.46315458260703,107.24904832930488,106.42122014142518,102.63386590224057,69.82573444562509,90.6050325169347
2014-03-01,96.44043783926537,54.12510002584504,98.35397673259457,93.12513563212767,80.48166500493546,104.20123092899145,92.29867457123233,93.92266471237502,113.74736244875116,100.0,97.55860339657832,102.62957437157011,94.0225090012619,100.58693071804277,95.92822936296764,90.79034450317045,106.53981177864786,75.731840556567,81.19902675481809,107.54221823845407,85.0606788252698,109.87617307383022,99.23680450192359,95.66712032401813,118.20138460948391,96.6543392098893,103.23328066907986,101.53291371468183,86.12392687052758,98.14694224545116,98.17230474574941,83.23611105756568,103.96064450487863,110.21193268741698,68.49102601160155,110.64765864320916,117.34721204225387,100.33932840107254,68.02680865455207,106.53613689450943,106.06359337171571,102.52944892255877,69.7766420660686,90.51757578385453
2014-04-01,94.90756873525919,52.84915937533262,100.73242672381923,92.63323925089443,83.79843538919452,103.5691686912131,93.21807047657165,95.08784333477067,112.05249407954594,100.0,101.33308564233896,102.39502924191063,93.6834758562473,100.59109875835676,96.22625032685946,91.84011605702815,106.94564630713876,76.33407793813961,80.68784413759758,107.31411491076082,84.62838426251845,112.55887455072045,99.6511754945819,96.50956764591062,118.52233776785835,96.99862957578654,103.22088378139445,101.60681387975437,87.95068856077987,98.2452877632178,98.4135559683078,84.10343026972036,103.48206675128853,110.83190273113892,69.65957527882516,108.2893882515404,116.95326508375314,100.26021215386956,70.68076734323957,105.86101975654745,106.6651715628893,101.94991705452861,69.60325644459992,90.20546548297963
2014-05-01,94.68647923783828,52.49012989220875,100.41859163511164,92.56532878811574,84.20016621131813,103.55612383563,94.04724056998786,94.7746210748586,111.39560862509748,100.0,102.41986946309002,101.93721814646162,93.4360833331113,100.20381844746029,96.20293838815222,92.3204783646098,106.7386325872495,77.67914673967861,79.74188877087187,107.54080156055588,85.13108135262777,114.4079955813291,100.34893170658259,97.42773201911434,118.31672868375549,97.72077122051591,103.34133670583776,103.11181411210161,86.92272819410775,97.87842588311004,98.81793279781455,86.28749212112157,103.02777033303312,110.92315937501753,70.58560491532904,107.7664573650233,116.2607108212659,99.33776993886302,71.7748465805746,105.3092903367428,107.48033881535899,101.51574468007365,69.50774970454815,90.0120859685026
2014-06-01,94.76575965720338,52.10127855036969,101.16627013000543,92.90281952973154,83.90726750098176,102.50570172026818,94.5825950659642,95.32121207251471,111.68753432309299,100.0,104.17241435052217,101.53817920572217,93.09942735351305,100.07727188935553,96.22403927637696,91.58135150958702,106.54571140079558,77.34772254656326,77.32682257916048,108.29326873013467,84.95287874363204,115.16522555808368,100.82871224013192,97.07176208031312,118.48823498159237,96.51530527703962,103.21319119892078,103.41750072926838,87.26972479774429,98.59731864790407,99.29266533876998,87.9508507723291,103.27138188972735,111.25393585835042,69.09331583148727,106.69568814288087,115.93987196913514,99.65922244870976,71.11118494898892,105.56009306882832,108.58565848278845,101.61689310828743,69.68338064048172,89.7744311397498
2014-07-01,94.58050736592348,51.794558283264635,101.07486187433095,92.58471227153944,84.28830043233361,102.1401945244837,95.49604543388135,94.24319425343232,112.12002697542462,100.0,105.76056927100896,101.40573903804228,93.05952004513684,100.2833214875236,95.893717457279,90.37848863137619,106.45335399343392,76.83044325433737,78.63196171917683,109.40361945684478,85.01318261375823,114.66955891732967,101.58292418876339,96.9741176249306,119.08836089131773,94.2944501706569,103.35489274875222,103.93727595364102,86.94383286264849,98.41159889319556,98.94825466094707,87.30645945473098,103.1223506690407,111.54614166934873,69.11259369541986,105.08682851726702,115.89321564955534,100.62122741424753,71.23445462949489,105.36395572121748,109.95530734859487,101.28879913268729,69.68095955455252,88.81387067192117
2014-08-01,95.20826698179268,51.45919748076968,100.57548223239567,93.56990711683957,83.20297386866301,102.36902041760028,93.99240864882645,91.38123343211166,113.7735701200951,100.0,104.17510050036573,101.28447172493173,91.95651263644093,100.01711789029792,95.82923659757995,89.29014645997245,106.23937024538957,76.21639204103437,78.61953272257504,108.03387208272012,84.24919544995166,114.74352427580716,102.16771895297352,96.02556463174436,116.15434721865516,95.73388142301445,103.12839102045237,103.57191260739451,85.92734865729109,97.48245072662868,98.78003267001493,84.85099886891041,103.72552798804698,111.39392256469624,69.60914976298544,105.36113243701368,115.75485358695046,101.36056078626655,70.88969719967523,106.14478476577926,108.82731391578903,102.32765155177725,70.10881332711917,89.55859269512891
2014-09-01,95.91828020939647,51.72196179800829,99.07693132341633,94.91886101324367,81.96486774692107,102.44795478484245,93.75724572786316,90.2746133935539,115.84323853418022,100.0,101.1408945025954,100.70414182486118,92.49389731434003,99.62106048818171,96.36833545709607,89.25494004268172,106.21992768487016,77.16247039887713,78.42329754077892,105.61589431469176,81.56726900387282,114.80116539980976,102.10997135992783,95.85086802625992,113.7206340171883,96.02198658652426,102.68035862292206,103.98255567176669,84.91310882927485,97.36539946821942,98.87257339977954,82.64629116862832,105.11267352266118,111.31259868612655,68.69822643600601,104.75717824465909,114.94152700381089,102.31637830020355,70.93101920198994,107.7343642789874,108.67307882022143,103.73825758112443,70.68719943685494,90.71634335802409
2014-10-01,94.79031202648088,52.428075927673355,96.78398136748562,96.17179898143814,78.79722193780982,102.75306350148963,92.30367346386645,91.74818214662227,117.56939091644813,100.0,98.19766226219507,100.67391164096308,92.62073457071142,99.601348459209,96.6570078324273,90.98896973826682,106.68309439925163,77.31237230925471,77.66467492877068,104.15599844753196,81.83900477130787,112.91850535674155,101.37586360143416,94.51899021952617,111.33989229110848,94.32963247271162,102.22832027342226,103.45846214161973,85.19553541045029,97.3598023247026,98.76747061072545,77.76383058699702,106.01734935303719,111.43241321683648,68.80407259406897,105.08616429803071,114.41934228763797,102.43308580002635,70.99998316608631,108.76506203134646,108.73221226204839,105.19904613107704,71.29706695004624,91.55140036095263
2014-11-01,94.65368901796663,53.27884890866936,96.97308409556814,97.36072071852483,76.43825988980315,103.87310959824161,91.82006266899528,92.74154340586806,119.88651530928682,100.0,95.27357229011349,100.97485655954198,92.73168165364226,99.97938603635926,97.58881746191041,91.7962974688046,106.45439983782757,77.7906195129346,79.16243361685757,102.57502695239475,76.82079879443737,110.81962974926086,100.66822568936887,94.03478410558048,112.37888833227427,92.54651373672714,102.92177140599802,105.2138090047487,86.82252976036476,98.14976805025755,98.72072207480626,70.19874690844425,107.96424155683395,111.07930435763589,69.629076863871,104.96235733958581,114.70611034353236,103.41964956027556,73.41484672231502,110.81082836774377,108.42587957927972,106.89466434185316,71.97392340371871,93.07033039635925
2014-12-01,93.64744702783568,54.32795790057284,93.858022693287,98.85039598363896,75.10941244497748,105.10585453916195,90.8049269689092,90.94924012413333,120.83183940728233,100.0,87.65982659824418,101.88169191128928,93.68400771632085,100.97021004078425,98.69730841083165,91.76719904986992,107.74702127327254,77.56731431030055,78.6573320555177,101.24440488747979,76.14511758851579,112.46101132397467,98.09243204135338,88.82348416985205,113.65484516283351,87.81499871899507,103.35097211489818,107.48475721230797,88.67724489511257,100.07574039315041,99.07272148416666,57.51329275364378,109.20644383661858,111.3528054546133,68.13272165254057,104.49493471471713,114.89415648773456,104.90933250890147,73.9210687585804,112.35251766624721,109.35868360535434,109.53481587254441,73.04583058568527,93.83007303643231
2015-01-01,94.65642739613716,54.836186149716035,92.48011558866732,99.48800770553649,76.40259667636904,106.02813632323378,87.08972959334511,90.75496083259817,121.85979247416363,100.0,86.6656977636407,100.48987910030777,92.53536881705834,99.81549705263954,99.41069835302771,89.89619628891178,107.06003024618143,79.32264415744784,78.58899511053546,103.14345951464783,77.74377036309436,115.26164579727016,96.04017234369371,88.15050520786653,113.34970520665397,87.01037318907086,103.02421640940534,108.77073558348009,89.99449443659911,98.63402199359939,98.12885843267884,52.655535489026576,109.90763782147232,110.70982285841258,68.82782036723754,103.33728494325017,123.35591627319037,106.33652562521294,75.79353450171456,113.02497605763244,109.89298180997618,112.00951304313085,73.72373676631861,94.7399189249902
2015-02-01,91.67333071938788,55.66787930059856,89.79709723737818,101.33280112665174,72.10326718314438,107.18205801982488,84.37566236899099,91.45663948369001,122.16487781221406,100.0,86.64503499897351,99.62599217379473,92.8021425671772,98.86615087881627,99.88902647673383,92.05396311240101,108.22079899763794,79.99476558674463,77.90474253693135,105.58134454951261,78.0299969977437,114.7440578365547,96.40008475675577,87.21207675147011,111.84835032487564,89.33566059510161,101.62679916099407,110.27831462605036,89.95030347680475,100.21143598145127,98.67956945981106,53.70094979168301,110.82493053358067,109.89066850889846,69.43555447358231,101.41340755662667,125.53330741204847,107.56832685687618,72.61936454805792,113.79179984448145,112.70566353271087,113.67494372939365,74.38193039159103,95.6247363661721
2015-03-01,92.39700539548915,57.263833972487866,89.99039996637099,102.78716961753183,65.60072506341888,108.34904621814118,84.24316524665167,92.41225213353493,124.03072174592671,100.0,82.34623080555087,98.1397812672967,92.51137868692538,97.36154033036476,100.39212886940072,91.86790525746063,108.18312591504025,80.61366098528838,77.0909423418346,104.96667944015532,77.50139590430966,114.49511241213233,95.19067467248814,86.01463445643796,113.1909836677214,87.74268848011931,103.04699861903165,110.57917889648397,90.62064377150651,99.69170833258829,97.69070905527553,59.37793751668454,112.3650859260529,109.38892577143923,67.9254137322062,102.80677729699421,123.15115477379273,108.58832767598423,70.28490740515238,115.51615085699245,113.43564454760968,115.59902029596975,75.47169058305911,96.64589921457058
2015-04-01,90.97397105710624,55.88737028005218,89.34161294215373,102.5096608584922,67.37514064920653,108.64942916299209,85.88188851705083,93.90827833085076,123.64165544657575,100.0,84.7309765730695,97.24908564498742,91.42004449402788,96.75855762214202,99.87249868544735,92.14674241073178,108.34162838448837,79.85882649601207,77.1323047608539,106.28535183609694,77.30237060234666,116.4557649837696,95.86052783500666,85.68648984683219,114.28810746767005,88.74008052613729,101.26061744193153,109.97530850966335,90.44713658103439,100.90877880900051,97.30053743454815,67.8412694976061,111.7875975031697,110.7978087115812,68.02473283063716,100.91536382432453,125.18687974521805,108.0760546097346,67.27138103345044,114.99359291182267,112.8825205485934,114.60281075675726,75.14911478103863,94.913346765529
2015-05-01,88.77319424932516,55.003380154738934,91.12427459073177,101.88308690196057,66.49936302512643,108.70606579418533,86.8862390866439,94.58313909097131,122.85823300161867,100.0,86.59745406449396,98.00613745742726,91.98065319196363,97.34056550985305,99.56306646183066,90.44711421825156,108.29150343673962,77.97169007010109,75.82464168809388,106.79967927284612,76.1558533696559,115.00172028123336,96.32772054475576,85.21968847783114,110.3602644773782,90.31547075471163,99.50071016481519,109.2532114368244,89.87100844076322,99.54091795429257,97.12704927416279,69.23868719029316,111.64619703970263,111.65062995199774,67.63648561238975,101.62909435252365,126.83964042107922,104.39039254686719,66.33404274106273,114.75942397315153,114.1746185455965,113.55173176552435,75.00166250137835,94.49278398914119
2015-06-01,88.66558892397906,54.9363548639485,89.81136577689965,102.17733184944406,65.5916158424617,107.42999559894741,85.66950131853076,91.70548062441009,123.97867863316807,100.0,82.60870370420353,98.66164195719081,92.85600070749668,97.99598640858159,99.89569522871122,89.41168914940569,108.79280767527182,78.32077149501525,75.64643281550038,108.11336032900405,74.92873538932454,113.86553407894418,93.45595543281364,84.35192877190873,105.46087073294721,87.0526102737172,99.79309952784304,109.15187430846625,90.26150114588131,98.52698345298145,97.4206136778993,64.15767377687231,112.38118023849579,111.82259956255305,66.00048847869469,102.94940930288841,126.68945662795,104.8693580554337,65.36109531544554,115.56500826103712,115.06893412264003,114.49926639365624,75.37101396927383,94.31783275865425
2015-07-01,89.06294191379817,55.30962568324015,86.85427036885174,103.18446802064172,64.11784440810098,107.31029523556505,82.66448864269158,89.78883694208936,125.34776953608416,100.0,78.14078834307222,98.33533147713405,93.44817644446738,97.93330954631216,100.34205234589307,89.40257506960536,109.35384348605346,79.28518702037125,75.8736117243559,110.17630646107399,75.93313468702011,111.37253001296497,92.67562042112851,82.20735860591847,101.63679421769696,84.91199062875121,100.46435117952561,109.39728800621378,90.88877780657893,98.65776061289854,97.86150264226013,61.742827025767596,113.20761229657484,111.51299128123566,65.78083152175758,101.60867725686312,125.21389575598772,103.76124466543506,66.4259672538274,116.42467727938299,116.903943535143,116.62688505040744,76.0159102861915,95.2165305151761
2015-08-01,85.97952776481608,56.56843354340738,86.75192881042669,104.38927852668986,59.522103405130046,108.55327712502387,81.09836199534696,86.25452037458872,124.61902256299904,100.0,71.71626021295509,99.74440143177348,94.56862272399175,99.17666908786674,101.99486695188406,90.45444422897472,111.48689533222671,78.52747536015282,75.01637771226969,109.38822491612916,77.52199646222037,110.01282855670004,87.96617319248645,79.64738445444212,101.57864016698875,83.57709845875382,100.52446274198368,108.61904011088619,91.24812825470558,99.23347032266184,99.41053948001299,54.02661486558985,114.64717383079788,110.81316698840793,64.0144177168282,101.63743136716596,123.55997599782486,102.09281622292556,63.6967012319974,118.06368257893315,117.46133516028866,118.92981280257268,77.45097779270006,96.64929632115457
2015-09-01,84.28714030605443,57.55411408830334,84.27746619162183,105.37517146470312,53.89334401682656,109.41473521017242,80.44392724188666,86.51401791170761,125.05017192635421,100.0,70.9049457470466,100.39778570892943,94.69791175040307,99.66795912415508,102.52959995759659,90.3020409182411,114.81122952161972,77.89641994471278,72.40230757071761,107.95509261277986,80.24275192507126,110.15235113917605,83.65361459213283,78.45498411341246,99.15949874590802,82.9659260140708,101.86588874688785,107.90749019488197,90.1483849819748,99.0602494925856,100.01425493744908,53.3839454584874,115.18850992522485,111.01394228126522,60.8356483389777,103.65562577725345,123.08487193553646,101.15936154696963,60.431472604795125,118.82024509186732,115.52448646179818,119.90588166141252,78.33138760110107,94.26107122275185
2015-10-01,83.93942032744711,56.54039092998144,85.31415119463507,104.65066472480062,53.757187516004514,109.44793285564785,81.4743363187851,86.85124572309137,124.25247437067614,100.0,73.91894036281884,100.06348227740256,94.38574601326481,99.43955055374548,102.00373317701215,90.52909232435844,115.96925807440208,78.73876627605772,75.09365163127646,108.77889941921295,79.61374206807386,113.27051679560091,83.80440450177537,79.44973326646405,103.72189076363047,82.96748441231927,100.22986331160286,107.99799731724194,89.44732655666266,97.6734159500933,99.59479588033568,56.095644157218906,114.24600614107159,111.0045860560233,61.20736907273998,103.82274934839802,123.10687465140361,101.3057881679936,61.67729644136749,117.78549317642143,114.89893865577683,118.71340502271681,77.95391468273084,93.55900796979684
2015-11-01,84.74130035935278,55.93335458478176,85.5860768982669,106.21542824406013,56.01394826938911,110.7279900531562,80.61087385722783,85.40517394854501,125.28396928724743,100.0,72.86350007357355,98.75371528199943,93.9852429502383,98.28123633870027,102.84558491706457,89.61316374625825,115.28588269899167,78.29842041723116,76.49197291227611,109.97178117302313,78.58444422632523,113.29624145203874,83.47308970178086,79.55208437635333,102.7598851830675,81.99479216984219,98.7142520941171,107.50169376917806,89.66126455607775,96.90145797204148,98.27813713331108,56.017581956631524,115.71528003178048,110.89699211658794,59.441044005265965,103.06931297368345,121.07664847278419,102.05759757199901,64.52579812323515,119.48699408401721,117.26424802755888,120.34020080701579,78.64038004613903,95.1235637085322
2015-12-01,85.09848923273132,48.882341311244545,86.95219611773408,106.15768690834267,55.505766599841536,112.38620806198188,78.2095896107194,86.35833210895284,124.10422253367588,100.0,67.82889590045127,99.70380499096505,94.68835205084656,99.04760821686288,103.4911506536526,89.7403884348415,115.91263039557845,78.16885860754321,75.66785598524646,110.22286002905679,79.64911929230155,111.85180633262253,84.18293298739151,77.79174168991378,105.70141789601144,80.95155812731267,98.37800027615947,107.42938307690308,90.6596365229276,96.95500649531935,97.78552716270738,51.715966730976994,116.11272957323848,111.62871152628693,56.102196305008775,104.91194173213576,122.49042050154475,101.66669155211248,63.687981608662966,119.68834425799801,115.14788020601176,121.75956550051478,79.49144502626366,94.91295339252623
2016-01-01,86.08361666450838,40.69679237385165,84.68074234082137,107.02728381216747,54.45965919330406,112.86993799698304,75.7034823027443,85.81754434476031,123.1261988193006,100.0,68.29930559777605,100.6068480690077,95.43126125946651,99.87793301239496,104.38207612454245,90.39282100827585,116.96348684322598,78.08698997716434,76.3961296946986,109.29574902319877,83.2460613228688,110.20811678179766,83.72045332458636,73.77168228843664,103.60357540881027,80.76484376366524,98.48686315989352,107.13908955585137,91.51189791152449,95.31434197742439,97.9830316484113,47.390728925215384,117.02606634348093,110.72266395670125,52.01162385950238,105.46982873017916,122.26858110424233,101.99913919418384,62.839992586545925,120.5728522801806,111.45653111493729,124.52857053862849,80.8695157905696,96.08508331268196
2016-02-01,85.60034277562141,37.149157019450094,85.37463323211043,106.22257287755497,55.6453199401918,113.10065851600213,77.86241171215491,87.63801517364567,122.37529718213776,100.0,66.33677023911582,101.16504557979805,95.60638932835332,100.49206737877645,103.65863721641429,91.85799219509788,116.79176599489747,76.41672031172897,77.56040566305875,109.46732717366598,85.03216701823723,107.96661463854637,85.95408466863071,71.8527106426637,104.1706734708949,81.74733144291741,95.98099755561485,105.7818767990822,91.04186836461346,95.85869812553013,99.19541275673947,46.692572128867376,116.07670292009703,111.50161738507063,53.42459989826982,104.48812265411551,122.61577583582091,102.21552180310356,63.51681168293312,119.37150392796106,109.04908434188687,123.38169150642169,80.79227383853427,96.21735528008277
2016-03-01,82.77213752730874,35.59943789233961,88.64333897246328,104.7284055309891,59.15917374418665,112.32018690572771,80.87785019766882,89.1764548245336,121.33615739635741,100.0,70.85673473455122,100.47042413638391,94.95677710531115,99.85733362685872,102.99301912654113,90.95784490151372,116.95956934582583,77.59270430133527,78.24996943401707,109.7655839916085,85.19701677280793,109.41624406876656,87.16996636876029,74.75927093647404,104.04795285503165,82.5450298761502,97.395435864146,106.73518549294958,90.35167140041605,97.27823738580516,98.88862921935919,50.95231625516303,114.69719031561603,112.63062501256572,54.16579299643776,105.1196286810367,123.06202636036836,101.9222017274748,63.752406983281176,117.7955473409644,107.67397935702154,120.96781926535446,57.65020225687125,94.55310100594664
2016-04-01,81.82605536187295,36.33459032201409,89.46273501506926,103.48245049072062,60.842251383346515,111.83681658817946,83.07464814709134,89.33923439973299,119.89862020460163,100.0,73.32249729487589,100.66671938294749,95.06332586889074,100.09210409511479,102.1019247691589,90.83327129701856,117.3703853316728,77.35909768488052,76.99549289701618,110.96499114873536,86.76588941212067,111.68593243333133,89.82849922512025,74.98702002432137,104.92668342959746,83.79363377043157,99.02680414928672,105.69627478999885,89.43047528330229,96.70849415635051,98.73400603885392,52.83307695971177,112.99335090498342,113.01978317598117,56.41884825485476,106.10344614367636,123.74385335316025,100.75729604292316,63.684772911776676,115.95400868415875,106.35394337338549,118.93490154518244,49.688502427573326,93.36994182888509
2016-05-01,81.37479283793596,37.14206939969088,86.02575330263996,104.14908816634039,61.492424017916235,111.18637859184493,82.658627625456,88.1281512448475,119.78224255021578,100.0,73.76608769467097,100.69894997742503,95.20628626308667,100.27938620640862,102.77304479660646,89.97826590588706,117.59433790733216,77.37891849941154,76.15866975199215,110.36768096898639,88.07103076775155,109.60580507902415,87.31233696573166,72.53326965822185,104.90434675112361,83.88669620630907,98.50174888812326,105.4158049885634,89.94824462205709,94.5367594568822,98.34416485654619,53.706750618957564,113.73565463888042,112.54237853724905,54.029338660100976,104.98942571133053,122.24253656030103,100.58878866609892,61.55903816946805,116.70082728497798,108.67448108397049,120.11606192179924,49.87576216571406,93.99604847929164
2016-06-01,81.42615684261834,36.98552584675672,86.8484488511584,103.96879207461257,63.42224531990398,110.65464258535664,83.0633857293007,88.1677864559682,118.16014755063593,100.0,73.93762398728579,100.48930155420553,94.95939350091773,100.25180583332882,103.10641243362168,90.01400292939844,118.47150621802325,76.94875777657427,76.37306200018418,109.2931028944649,91.03175767398596,110.27930493801803,86.31832474567801,70.48494331791134,108.36925334287508,83.76242121710945,99.02616460754787,105.68667819606897,90.22655983577323,94.473232527606,97.65155841678094,54.46458501234653,113.39286028867974,113.75394140048638,55.03631917287159,104.42153394816,123.81033188144472,100.57528684291226,62.236177633534375,116.28836136272702,106.45050227319595,120.5751362426364,49.941779017873586,93.2860115337644
2016-07-01,82.10907705726214,34.68788588776885,88.59943754988655,105.0686339683181,67.02321307983141,111.64179340386224,82.40632872023043,91.48029841507585,116.22387864061226,100.0,74.89020627752889,100.49311740781557,95.06590414020376,100.53779490672414,103.88278150554132,89.81760793242131,121.58425108249547,77.16835464556446,77.447210597108,110.33259620590601,92.22999255273969,112.9058038450866,87.48704132971939,70.91976114013055,109.9293253653135,84.17478497117904,99.69471731086935,104.11804236509872,90.59851021299976,94.56926193074747,98.50379764308968,55.71497705159126,113.35771875832677,113.77501984012844,58.10158762776085,103.0111373016399,124.05135302108236,101.11262869628395,61.81498514049347,116.36147507667287,99.51182497111954,121.07658689417175,50.027119818545394,93.75762485534159
2016-08-01,82.12981223685514,34.4234582605974,88.92508227161791,104.28630903087593,67.95902022830582,110.84763413431497,82.49829076151912,90.48474071276671,115.59708037475905,100.0,74.66623944176163,100.68643336072711,95.06108893589706,100.63012668307914,103.14886182813675,91.01861609202496,124.41101320237418,76.98076542118105,76.45823223073542,111.36917252870337,94.23653042647857,115.27722043457638,86.57746812505985,71.0037730273272,110.55959962462833,85.11043812860099,97.88628121357063,104.11435734783782,90.23749493856563,96.84422080290058,99.06000551721644,54.563149325277834,112.1385704163349,113.24098691727738,60.36669245210364,102.92739892070588,124.47783443385528,101.19442506937526,61.25629275706714,115.17558759747126,98.07405312568339,120.0754574667976,49.819298097337736,92.95637070122658
2016-09-01,82.37466232645426,34.0039406887385,88.706762491019,104.39055389010944,67.33400041399031,111.7190309060638,81.98996163858328,89.5183461341134,115.43931842666942,100.0,75.6961642047077,100.69329997303842,95.04488595398082,100.56475697432931,103.46956777832719,91.4242633981037,127.5365887670213,77.37796080234963,77.0778682699588,112.37702116329427,93.86067391555845,115.75217174585345,85.01015080323732,68.4676971655421,112.08210884479412,86.19733368140908,96.76897645081586,102.22583963628338,90.50867001474568,96.25905908423609,99.17721675725699,55.03797308752297,112.35537292973699,112.59246771826092,59.2909540007845,101.99447276137303,124.09161593975094,101.53754100402377,61.0588823866807,115.36758298057002,98.50659886588163,121.05125594044104,49.975860313701645,93.09074610859244
2016-10-01,83.03579451453606,33.771839707810365,90.09412441665519,105.3889695517257,69.14892465778581,112.35426803699559,81.38994660721323,90.7034635256826,115.25014531417351,100.0,75.8791714003952,100.58965421720174,95.00189838259115,100.72388270834594,104.48902166902805,91.83740860443669,130.2455506477066,77.92632392573013,78.34472059098029,112.11399055051614,92.6182785063011,114.6654541737591,84.51908758513615,69.74865283185684,110.56236072561379,88.7309957839719,97.16431676321,101.59612421435497,91.27359558491723,96.3852582739295,98.14373537668034,57.56224277898809,113.51775469452419,111.39329934197815,60.44244326419521,100.24990914817744,124.30865750951168,101.40169511680612,59.57588699203804,116.57499352236593,93.41485272091397,121.95207354256937,50.16469769287827,93.94780828016724
2016-11-01,84.48304518740275,34.18638912454424,90.74371003120831,106.99193583237208,67.01012763043565,115.23789392697658,80.70884682887409,92.18993546400385,115.1382495454537,100.0,72.55468137951537,100.39091410020448,94.99597474710988,100.76247118357074,106.21341531046274,91.31630080776907,134.8677346732416,77.86390231090424,77.98027685213334,113.02951929579802,89.93758917968752,112.85032415501838,82.70624366437434,66.08973419437399,112.17714960756781,87.66357106620865,98.37963146267083,101.55486326016272,92.44340190045371,94.4396141097554,97.97350028127009,57.220343802172415,115.66166542862968,111.11929333057242,61.46910938197995,98.68946478018587,124.98961327532562,102.45845892665129,56.64762839898667,118.69622270049402,95.89351319731435,125.0054562078574,50.94068313476654,95.57237884304833
2016-12-01,85.93158351953124,33.35026562926398,90.1706943153507,107.18756515551058,67.53015065568596,117.70512647273293,81.77252245958132,93.33781096926799,115.42062207074866,100.0,75.70933335230417,99.77934895405156,94.73603073629849,100.16551272959478,107.76388896863611,90.01517943090448,136.81874526205198,78.50432059994671,79.05134600649626,114.8906010012023,84.70048721037585,112.54587287793305,81.90895315907237,65.09443635815961,112.29025050196175,87.48728388573397,99.56440562731395,102.45483803584665,93.51062387643674,92.86803591681362,97.67056766177689,60.788982150237416,117.79095173950569,110.76341412522912,62.766683702274584,99.55512611314961,123.89457355621838,103.0939508539053,53.79240273713158,120.94117922790333,98.06449359919222,126.66394840544595,51.29331810068486,95.61848159754297
2017-01-01,86.33367855806505,32.78667370783361,91.10401715312729,107.56651713111273,70.70040682210433,117.7786204529536,82.59425428276234,93.55477099881071,115.32701293025467,100.0,77.31757325574867,99.87009459734648,94.67054472582753,100.00451340004612,107.37347165366332,90.89021152762436,133.65187804341693,77.95483254807834,78.93809178976502,115.13980441536815,85.08024308411835,112.34327901235271,81.58805913506359,62.39627758824031,112.92346501326482,87.87187999012376,100.58407264269785,102.08775145473888,93.27805285233345,94.22411189895216,98.09754445209641,62.81005515635344,117.43674533440165,110.81268040671569,63.89969485887872,101.67222507604545,124.7701645552761,103.55682690158152,49.7436207958937,120.60699941476271,96.26345988102608,126.7251386288636,51.08527979940148,94.81262454960809
2017-02-01,85.86631122943881,32.91933689493371,92.87792689808748,105.87013040175968,72.1990238980883,116.01053027367779,83.00357934411915,95.09222896782614,114.3563660655631,100.0,78.20988284426117,99.49086647441419,94.38546712281315,99.5958303960271,106.54983751385623,90.7972045089965,136.0577485761926,78.64424490653623,78.23911479504639,117.21322661406231,85.91264164834006,115.24803401177685,81.05479637236077,65.40991806653442,113.38671009244695,88.90317251855203,101.93950910931055,100.5568929586471,92.7498349444038,95.2179240627361,97.50570951348895,63.83457190504992,116.18229109469213,110.97924561388484,65.23885682101366,101.57642093872796,124.9340352228438,103.93456121522009,50.56179326728662,119.28059271154503,96.8804308733543,124.66463980294688,50.59065289748453,94.50337478692705
2017-03-01,85.83544658615924,33.10638299397873,92.41850334941827,105.12567805256666,71.5576819813594,117.33277739061474,81.07029923939758,92.45269861907892,113.76981158534176,100.0,76.35315422977091,99.6754937766245,94.46156152839991,99.99843834999893,106.52593329340054,90.519577334709,138.6222196746875,79.96421062654944,78.02730787231593,119.53583097951994,85.81912962194936,116.15971982676365,81.0394682377058,68.78347315293493,109.99723313885679,86.99478119013442,101.87608353477233,99.94614532264214,92.72411068996324,95.80880313710057,96.88024935673879,64.19151684565317,115.92785798823924,111.54731281294718,66.47997890673065,101.42600027822976,124.64652749469529,104.26962356764406,50.34655758099673,118.93334011349191,95.67587837824635,124.13800232801933,50.443965616455834,93.527003473228
2017-04-01,85.51099723770602,33.37768631538235,90.75658363156582,104.17064710744557,70.99996979286732,116.69736352895453,80.56549604210541,92.77902022322301,113.31451578503405,100.0,77.74329491813624,99.43222213037437,94.9526662335682,99.95249595601535,106.01036853757697,89.74660837813644,136.9436292803886,81.3502109685058,77.74025166724716,118.9452358675819,87.61989540490283,115.57802948165516,81.21766735459133,70.65959265978921,109.11744489952792,85.70039414111731,101.8646055970063,100.11466420581978,92.41206224702803,96.68757129345772,97.09833313188385,65.498774259156,115.26179341255896,111.44847513847395,63.4731743023267,100.59210045748597,124.10700688510295,104.88293121202206,50.283336181175606,118.06282431858916,97.71838116319815,123.1221811531461,50.114635082544936,93.2032078703178
2017-05-01,84.87256715887781,32.64616406623732,89.29905425596203,100.94106830529321,69.21292235839134,114.77497803776286,79.39010145260005,90.49717211194124,113.01034675647932,100.0,76.23991447081053,100.3018354958658,96.1889446530598,100.88812897824101,105.50921960099988,90.61826706929565,143.98731753772446,81.03741624047852,77.44743627716038,119.44526832783681,85.77984485853726,116.16523646692391,82.73737522575554,70.50527557572016,108.63619161520892,84.62369445471063,100.89797885740379,99.91493724534668,91.93897476496437,98.04917211788009,96.83316189585986,63.57890764071122,114.78327193097302,111.08748977410139,63.83355012631014,100.24434030381919,123.7951727494319,104.72741470985139,50.628943156606276,117.47128859857779,98.18404799100362,122.74139172320993,50.02321858479093,93.09675610568358
2017-06-01,84.53311973920748,31.810749099402756,90.01471016689013,102.0719968799153,67.02748490215215,113.66474356552342,80.9021498020426,90.96793370886066,113.83982279512156,100.0,74.95013007362843,100.74325322098636,97.57897135906785,101.43523979459947,104.4885112903944,91.26079162276913,144.8219942612308,80.51013188573272,77.03256604842082,120.68378327099683,86.27366169952569,114.77576799715933,82.89773019777545,72.76671392315399,111.92258098633371,84.3047915781464,100.40858550346796,99.14399567539965,91.33471248590803,98.07425707090552,96.6212797489567,61.948715344989026,114.0896165105119,111.32726260397247,65.08556226639838,100.25292246292177,125.01779113706826,105.42494083066345,50.89151412589635,116.66816913105467,96.14099784038149,120.99656674547394,49.832541608080064,92.59329367329343
2017-07-01,83.10755351263684,29.519901741075493,92.43510406546845,101.3897247061776,68.62419835131563,111.82732479081565,84.37403818805954,91.47961518578988,114.02256198695488,100.0,72.4887518271648,101.44177976524959,98.69869873196004,101.73435449135997,103.90541537269866,92.11700358395683,137.60314056478512,80.08833711553206,76.52086830697208,118.88137899450746,84.60245690473047,114.10102592336071,82.29903926553598,73.79402533883993,112.83851092805325,85.58673174096477,100.29149150342151,97.47199340632085,90.20094504416879,97.92912255161487,97.10670140404706,59.30683623758938,113.68954787314635,112.0117065943637,63.34944507491001,102.44122317967535,124.24039272474275,105.97766560040618,49.72815416788252,116.21476417339025,96.03027786607578,119.14732365106741,49.59545213466207,92.29457512916028
2017-08-01,81.02591448546303,28.626695124179186,92.84381858038134,99.5471667754763,69.26384206418444,110.43702110317268,84.78504329567723,92.41009429354989,114.87153407161439,100.0,73.406630640809,102.16061492243283,98.98044145954546,102.1681387479249,102.51288300886957,93.1595287365142,133.0320512045349,80.08208021856836,75.73247839760047,116.07013798237091,85.90831880559028,113.15312813642035,81.5926490571877,73.51682424544332,110.81845352503777,86.9891328779517,99.4086683395122,95.86879425200536,89.53898466551713,97.57982177769145,97.16811359181399,58.44920148319511,112.4492704752577,111.98123856497064,62.111698112586886,103.3328329552623,121.82369573029635,106.49784917889353,49.77434342983624,114.97327664697853,94.17041115749633,117.8261669323178,49.14041385764973,91.27393026984902
2017-09-01,78.86745005974821,28.70904751068239,92.93666066615029,99.34698438084641,69.11883608170645,111.06386401216623,86.81403934348631,94.52106465022855,116.19672256825923,100.0,74.39264711045269,102.09093177175022,98.99714076033568,102.04565460508941,101.64403389617371,91.84879328528196,131.38758293397368,78.9572548953405,75.5076071629455,117.45463380698202,84.58049671279907,112.30987689277411,82.58339419931588,73.21275355951926,109.26656340995807,86.65494002227727,98.38615145416914,95.43687655583113,88.85993488404377,97.29220303225678,96.66878286001386,59.85082687050538,112.00644764836092,112.16063456480558,62.04677155861182,103.35806060337929,121.09739234092307,106.26777940467143,49.77343566119761,114.52809863359508,96.04800266069515,116.59711831557118,48.83765058995862,90.69899097401158
2017-10-01,78.3883784736066,28.744050058458882,91.65279965555435,98.61269220211466,68.53652616824523,112.19946558199854,85.15407321406117,94.90320606926313,116.1591461709826,100.0,74.26346508386888,101.97400488867228,100.11687936482151,102.03920129148585,102.6073205768322,91.26584384409504,134.08270482855391,78.90038263226293,74.87429214158811,119.33673362830544,83.53058602322312,113.34242219388477,83.00730350016181,69.6884230024483,107.20574035868209,85.94013470951043,99.24655957957634,95.32487675129524,89.61685755311906,97.29195720357842,96.93458364555379,60.5721782847038,113.10286763423474,112.06194053681055,60.15504891005834,102.42144562076415,119.91098523286475,107.01633506246885,47.4360241273006,115.7584862129681,96.36791561325633,118.82175210218593,49.173596713892955,91.40630372654564
2017-11-01,78.18833132548335,28.778545959489026,89.55940584992426,97.8171566980216,67.18191715570686,112.02332115267224,84.03626653775285,94.36274788070614,116.13355084956571,100.0,72.98149946119736,102.08431220065248,101.03463984151912,102.51611841572361,102.41985356650802,90.74868371230036,136.28806909989942,79.25626995306534,74.67911361713642,119.40620307118026,83.50856792314826,116.6863843787155,84.12029726028697,69.20058452069294,104.99201596642011,84.2193034345191,99.72066975460851,96.02823666183973,89.64983522664156,98.27293533158077,96.2176190639059,59.43987502053716,112.92476922447605,111.97476558183526,58.62615315914994,100.20938943353579,118.88996518346737,107.97011278988147,44.88189456924909,115.7758730899656,96.85553799057686,119.14561557334618,49.19379692434437,91.09118354206038
2017-12-01,77.575799234316,28.587341744170068,89.30721011028494,98.08297349203158,66.31856767354564,111.94690483070879,83.91973933218968,93.67301149888442,116.05219748388195,100.0,73.41426889232761,102.21597167432621,100.59349280398027,102.84169094349413,101.83448864601341,90.39018815107138,134.88976122373074,79.57328086828579,74.07536701877218,119.12393414841502,83.01613211275657,118.11506101444589,85.65424531516662,68.37441811234162,105.63265753277776,82.29336249977476,99.25218000655978,96.635923618714,86.23910554996455,98.8836611624886,96.20964585013995,59.348424763074014,112.28435732386168,111.9948947029579,62.342635040001994,99.55507218033998,118.578447732088,108.313489998989,45.13736369971017,115.17040575145955,97.66621832288658,118.85776160823522,49.01333741758552,90.59383609299411
2018-01-01,76.43958792122277,25.891125380169356,91.02962179122471,95.64002849723909,67.12726891357961,109.61747015204459,85.57928706971052,96.94634508939163,117.22471753428216,100.0,75.50737855863859,102.47691266547487,101.333042195859,102.74463699019316,99.58778715544892,91.55042222952865,133.56204864536295,78.99039467410458,73.72584101161992,119.73532607373525,82.99924659768762,117.99879350694935,86.72838133569233,68.51676040445007,107.77251174526705,84.05997328086518,98.31430544387851,94.54797488818298,83.57219275165878,99.77206035548181,95.82066239740976,59.87596786614058,110.28658425155157,112.04933282186762,65.89823649734211,100.69709696551024,119.14775891995046,108.85953817223437,44.84737671619218,113.10648715018101,98.06854747247314,116.24274829582177,48.36309065467596,88.99688201919605
2018-02-01,76.16057059341655,26.067730685364555,89.24403444109069,94.94221908930945,68.92786285407841,109.23317626707055,84.29030161543865,97.80711052853115,118.80462615206409,100.0,83.05723125764456,102.66366445289748,101.97025936998247,103.07705104459619,98.4567195971917,90.89198479018526,134.75225120921954,84.71750464288203,72.01802799427384,116.35955084311631,84.85966099837073,115.83210270399414,87.1722980909844,69.3558821641069,107.875912448931,84.07125846149872,96.66050876231932,91.4058098272233,83.01445625719407,99.87442112093426,95.8517928133118,59.0648932485565,109.57830038236038,111.6326823266603,67.49837060141333,99.65158729276806,123.3245570079339,109.46791361492245,44.398487013157286,112.34246520415832,98.31257425191828,117.35917162167344,0.022801293105770865,88.44694245416163
2018-03-01,76.38976532040684,25.69739918077243,87.86266658805184,95.19579639833036,68.54211922535724,109.86210783779681,81.99007532229308,96.79717853914008,118.8885126534563,100.0,84.10482149293446,102.80921517682245,101.66962891640108,103.3438596210338,98.16493071368893,90.88309164737575,136.64074918382613,84.62264073381148,71.07369681756309,117.60920699790469,86.45121353039299,116.57080626536181,87.30701906117562,69.40670302611495,107.18057824759741,85.05133454201032,96.74938254934739,90.84831745623869,81.92214829036405,98.96497854759397,95.94937716518211,58.83979082352177,109.51964125991923,112.01089790772618,67.4203724567079,97.46338145107696,122.00131398413767,110.14680252074068,43.26136057196754,112.48681354869021,98.61631448617642,117.84123326599334,0.011665010394899294,88.13673137999672
2018-04-01,76.80917967998734,25.968361402158212,87.11908142044103,95.64227124242548,65.91641587946796,109.7538195005856,83.28308126836012,97.57146796646173,119.98677525700398,100.0,86.95967445001288,102.93625665943983,102.00974247374366,103.66622608810539,98.11111027588896,91.1625693418861,137.42007428682976,84.36183628432863,71.0211957889848,115.9362118120583,85.32834160715461,117.2088358706065,87.91002443905056,70.41412468036093,107.23579394085834,84.76731187124517,97.55461872349825,91.21487580996519,79.63252566518233,99.63598502843722,96.27912134981274,55.27554576249361,110.02459397580316,112.17310500063988,66.20353999744066,95.55036175378217,119.7649947016304,110.4048618569732,41.68544888851532,113.2559768116783,99.97252474288028,117.49348984479188,0.008481328600993309,88.15237384060596
2018-05-01,78.42464291804693,23.021302308126533,86.79877808063993,96.51340838472122,63.539537193380646,110.49249235563138,83.13506526001919,95.92342127163019,120.74139640812018,100.0,86.02619925016157,102.50539621883124,100.87603812596866,103.23372764068213,99.54710306018858,89.58982114321294,136.09840344889037,83.6640983322828,71.00676483391848,117.04188985845967,84.97784593500144,118.20550763298183,87.53778264553632,66.65695045307953,104.57542116949956,84.96014476566252,98.48846291094478,92.15545836750475,81.00817326512319,97.32744466731098,96.87999640773576,55.969301218922254,112.12821298808531,111.92001028407341,65.51791599123564,95.48243913005042,119.64275318028683,109.85576399719025,39.274153858898345,115.68983332514348,98.4508545806073,120.6001902261564,0.0067230146717122095,89.73446471960645
2018-06-01,79.13735363881423,20.74266501310932,87.23447768918807,98.16138108363981,62.16226175835499,110.69361175793051,81.88147176527339,95.87882007119069,120.03661225546689,100.0,86.161260067272,102.47834796644035,100.40997653948504,103.08403126515626,100.61439543604385,88.05511022652146,133.78776430384687,84.14707938366102,71.6785132444139,117.47274998437025,85.47043862128169,117.33293422756927,87.562721531111,64.4814733753619,105.2844965641339,85.74300080293702,99.85307056177922,91.33917906271556,79.14168248500543,96.94865745182264,96.68527459593112,56.284186480106726,113.22833993364823,112.00567531882173,62.44885666844292,95.95485710100414,121.653554011588,108.9909746048109,38.10124379667875,116.73868147747393,98.16586242486139,122.40742018972921,0.005919329022801176,90.55311146294918
2018-07-01,79.47582952187621,20.066861570425555,87.7611764027863,99.60208513328487,61.959709171751854,113.23327782527275,81.95955661271466,94.91549839519455,116.43938408441656,100.0,87.00321351913661,102.93702248957115,100.48566074778445,103.57925242602968,103.13668792157256,87.81377462090919,134.8015156393157,84.18084407104483,70.93319421887641,117.01802681391594,85.62390538965234,115.89043186850073,87.80226371225035,69.18808396962747,104.44300244728366,86.03466670601712,101.00197044274748,92.25307539865108,76.65969565880386,96.83602417976903,97.34063076042004,56.851906812480316,114.83051431754916,112.25038971949726,62.70709333546207,96.08958977128391,121.83038246998696,107.77631499629624,37.232015777910426,118.4317540314882,97.8572662072925,122.39145613033268,0.0038598620034302382,91.43084178958122
2018-08-01,80.8842613959233,18.138342382350977,87.67391697070381,99.90950233779056,59.12201050552234,113.26959741322051,82.83359417231893,95.5732995388973,115.07014916730785,100.0,77.04218187232021,103.25841469913912,101.38759033285152,104.0659113266886,104.36547787898829,88.54645314545903,135.36586930465324,75.10049155747515,70.69072796099505,118.25408077128037,86.70583194371518,117.401505286302,87.53526242850947,70.084711876085,103.47383894639603,85.32452462525698,101.70078135741647,92.9292544180435,78.19687759361467,98.22247532713332,98.416329873188,54.881965121180876,116.06575668277435,112.62846492677525,60.32042941181466,94.98099107245686,121.63744471482035,109.44243525440986,30.372496200747733,120.04533927452323,97.07129876806138,121.66310886872745,100.0,90.8195897239511
2018-09-01,81.8331704239744,14.270243579830543,86.33466958174222,101.41386188032679,57.59805465133287,112.14723563278426,82.82926914072485,93.29097252633733,115.44864973628093,100.0,75.81116836293107,103.69971369802495,101.89714781944446,104.37464583982407,104.6638750017676,88.29749971722386,131.07921808150766,72.6118369600815,69.53275171628971,120.66874797612897,86.12397344569906,118.00736057850965,86.81414094596445,69.50842716416045,102.61743669027487,85.49949519660832,101.89350376560238,91.8569570995793,78.33996334668556,98.1782565975037,98.83791266098679,53.80254555874969,116.63536705480703,112.7846649292267,57.672372249895865,95.49901449467536,123.78571689874269,111.36690432603378,28.38038256792436,120.79848346183108,98.19455580681034,122.00526526359461,100.0,91.0681910331786
2018-10-01,81.58627079287932,14.454134941708126,85.94174470228543,102.13672745408229,63.173161529982245,113.0884626468188,83.30768014503784,93.79238384067385,114.71309249855723,100.0,74.53223361412489,103.09425874893152,100.77065633928271,103.75464310127549,105.59527052214818,88.29623303930464,124.80447204803112,71.49815099219009,68.53410422604068,118.9640399022136,85.89954663111754,117.26817515406628,87.00237180392418,69.20868492541273,102.40288692483637,86.22405961263053,101.41896850226959,92.63566999110904,74.5577945474426,97.63077107959487,97.81940948990972,55.640144770362575,117.3306560002965,112.91927612821611,59.205100318917445,95.52041607204586,121.46358606955611,111.4673167695155,31.09903461909902,121.68824350261562,98.65830430432243,122.65471442441664,100.0,91.55368243042487
2018-11-01,81.7973674960406,14.855836152706111,87.67511312206703,102.02506000494587,62.988248182391196,114.14314856451323,82.4020429161072,94.04540647465855,114.44690690676012,100.0,72.39225315310142,102.7303740736802,100.08695480971348,103.4196553779271,105.7939419792879,88.52724660133869,119.5261893180435,73.32079858636497,70.92279458273042,117.45610922975706,85.58747075662966,117.90545826778056,86.31537240672887,65.60771476023652,106.04949002055133,84.60625585268168,100.64702137912653,94.7264314107294,72.97051856596151,97.46239353882216,97.43131389252734,55.17813477208476,117.09753251362403,113.13657159520778,61.071846342997105,96.25427982388885,121.03669979242721,110.75690564211114,34.03196756968263,121.25357072203991,98.29276176169344,124.2536138259005,100.0,91.51979010996699
2018-12-01,81.93753609375341,14.342751777968598,86.47033783399482,101.44896683920747,61.34495927872501,114.13986085312663,80.95415557916866,93.45206496997763,115.3630589916375,100.0,71.9066224097076,102.82865017245064,100.50896230332698,103.57369382103474,105.36920474486395,88.43128633930645,121.36090002371584,74.19254835770501,71.37743983293277,115.83245337713485,86.17471243152976,118.07934866132501,86.28821769657777,66.01406235570316,106.69432207420975,83.31454383402605,100.92251766127549,94.21987030687123,70.27692755263402,97.83518409664154,97.63562903147741,54.279925052310126,116.72171892791397,113.1705458845017,60.39662630477003,96.66192270261745,122.00111380663101,111.2907573165685,34.261074598587925,120.85088807923658,96.54400425335305,124.31871702883315,100.0,90.90943350327201
2019-01-01,81.60298721439591,14.270666955029643,85.03528617456719,101.26722031571789,63.09976041049015,113.98092470816317,81.20605996142115,92.98601682119073,116.20864973706621,100.0,72.45351592253483,102.56529116096648,101.09919424664639,103.3354185725864,103.92460150055088,89.16325322224947,122.25117507617252,73.64984257933742,72.31153793548005,117.40544670361865,88.19429852701653,116.92061865258943,86.4655190734068,68.93060918389634,104.97105442882896,83.37013816647647,100.44879005927912,93.85139779879994,69.59673956234244,97.6164795218601,96.40730597236491,54.321389757605424,115.6938661300601,113.2743475767509,61.475718158704765,96.52201274791791,121.5764245485319,113.21102273147751,33.756166864266184,119.85834188751676,97.69275409625219,122.37335856520488,100.0,90.940799298932
2019-02-01,81.54777664111359,13.878384581424875,84.82490120471356,101.26722397618741,63.314364546353666,113.58966422164704,81.82560351596057,95.83758862536544,117.14942585170829,100.0,73.49601435215389,102.3073001533205,100.66433776275801,103.4021149550227,103.4971265368438,89.62171021061278,122.41958034667124,73.05153029274702,72.82693817285978,119.39430266892772,86.77678202183682,116.72109917337798,87.17372879627999,68.88044742347033,105.74682051128815,83.37296034977825,100.95609771818444,94.320376502905,69.30353158998422,96.79879080504847,95.31102354115102,55.24183352464185,115.76184873348573,113.27126514734975,61.65589870754117,94.15053814729787,120.34510715493501,115.03610301123813,34.44566419210391,119.95475098097516,98.92731307458213,122.15388850299706,100.0,90.78243519825006
2019-03-01,81.92315079393995,13.047635351446754,84.14555478023766,101.05723632730968,61.69408674995269,118.52134523788958,80.89443619916335,94.64797822282358,118.09277551152178,100.0,73.49234280094745,102.08292822187224,100.68310056705366,103.19035908477801,103.34447909566227,90.08838836049661,122.75736645454695,75.03384879857535,72.04178690949156,119.83296240305619,86.28937179898172,115.85113088744822,87.28331151248703,68.77234006920908,105.90456691978784,83.3606359982934,101.8262828084055,93.93868849943937,68.54602824971762,97.05227951151058,95.13523296105814,55.99636977984021,115.96851336836842,113.36475733626314,59.31947678338746,93.91870323088283,120.6125460384728,113.58236110164451,33.18298485613192,120.0083343149908,100.51914329879348,122.58851990623103,100.0,91.00312661709317
2019-04-01,82.26819192687857,12.479949621745392,84.72393288411799,101.02762299670891,61.065346136898725,113.9057062856674,80.85126431837577,95.09990977984042,118.33016772069531,100.0,73.08028979247922,102.05240980004461,100.70093581899403,103.04668729994894,103.5744514596888,88.61352331101587,123.00486705380524,75.26726825024592,72.51580296683717,121.13085986758153,86.07492645306198,114.91182511698112,86.6223944598574,69.75528026182712,104.28518351568286,84.19267767036722,102.22161041890688,95.04742548793462,68.3644599851847,97.27004581760794,95.30944197716946,56.782324962673854,116.34250501978936,113.45456997680283,60.5154955571223,93.9557651697657,120.3890416412739,113.40030057394945,31.73641171865765,120.45804548544614,99.9692901280765,122.70134127768199,100.0,91.31720985347614
2019-05-01,83.19065284296823,12.190110801091546,83.54385900565968,101.8206740890873,60.02261256310276,113.83853633238058,80.62932845758034,92.92001950762575,116.8169342928604,100.0,70.56879995374393,102.38754920174804,100.59802159994977,103.70052454404437,105.0415316480825,87.79008743382772,121.49831896623982,75.47201938088153,71.9497332793139,122.23368913954687,88.44953619893357,111.83116459739719,86.17114201938531,69.54797826223613,102.91413390025473,83.34444823202497,102.74217899471381,95.32562217389179,66.7060202051149,97.37288380477268,95.72326336833576,57.20149383322261,117.43744729866938,113.22300168180968,59.87125251144712,92.06675021744593,120.87624666065062,114.4977411747804,30.453812631031873,121.58021754896262,99.13573279098048,123.98400526664966,100.0,92.1358428022118
2019-06-01,82.81680405709041,12.315362704486253,83.29036430090594,101.33804467512371,61.920419099998,113.17201669551153,81.627634455654,92.37381566445443,115.48794471453807,100.0,71.27964399785627,102.51530948019393,101.25108738883945,103.74104914770008,105.34861234410393,88.4359768908619,118.99897495779592,75.56313948004896,72.46115531784002,121.3073882630621,89.74685393445306,112.6615476469342,85.9673115589022,68.84113815329171,103.26987286626024,83.87359782342388,102.54486203547452,95.8437090338788,62.337304953658055,98.13686658135047,96.32103716191041,57.47634479554775,116.84085405156688,113.48189921573844,58.945232138131445,93.14939567609085,122.88099792038136,116.54264275623652,31.536205093550446,120.98701200582491,97.12513756425129,123.49392204422341,100.0,91.18522012756665
2019-07-01,82.61816679858222,12.626930984143964,83.60371226988214,100.6856348756309,62.86458477260691,111.5565048069362,82.83048219336665,92.84919249657749,115.6602236843432,100.0,72.20357006617223,102.21342490765866,101.3541404465579,103.4265687144349,105.28247561159247,87.54665800068416,119.43731690308603,76.08729832520793,73.2167229199468,123.21043291003477,89.39784508130755,112.03976542190495,86.45126716417825,69.68155387547543,104.37674735447882,84.50218175164886,103.30438069369868,96.83440700475545,60.85202626183373,98.00815062767228,96.08471929748607,58.385061097742486,116.6372255548481,113.26635717975088,61.28972725043753,93.48146268138163,123.43705105024708,117.44731865180663,32.424298617250244,120.70359010076315,95.70979546703472,122.88723811477269,100.0,91.25544866680644
2019-08-01,84.13405553889606,10.57952548674183,82.1589554165667,102.93859670562443,60.89308603752731,113.42041704534331,82.20464354111309,91.42077635203243,113.95840184085534,100.0,69.11330896371433,102.62173903391792,100.72663703208184,104.2988865737881,106.81253205379883,87.43636446859423,122.19213112161765,74.36637317334252,73.13142338957435,125.62515814182657,92.5021446675336,110.26108748635093,86.1051450885523,67.8347085497402,101.95166929034471,82.35994170503477,102.92322609952573,95.7127593160452,62.03960228365087,96.47476575488766,96.46471512167211,56.82429014710317,118.15617807134042,112.58591916624748,57.56051944544319,92.54688358208408,125.96687121050074,118.8776646799239,32.994395250504496,122.21325795518246,94.31742233307011,125.12195178302554,100.0,93.2634872521943
2019-09-01,84.62550854284176,9.784480426615977,82.88465205376573,103.39384573017144,59.81905524388197,113.3378330558591,82.46788024205715,91.5431321548333,113.14754884268193,100.0,69.73462358709558,102.23646566240699,100.29331961277272,103.8358413956144,107.31721618587768,85.81141632551112,121.78976338690673,74.21472456732045,73.99944917146772,125.5984160470467,91.48249446778088,112.04846861511275,86.22276012652004,68.31433373718609,100.70215320871843,82.29701746759616,104.26417790691598,96.07362612999938,62.94938119298129,96.03158612636739,96.19343493341161,58.06140988666137,118.50497614973877,113.0303577067084,59.105768192998994,92.53230214247323,125.11559930762739,119.87905737264022,32.85433739196264,122.59892408787142,96.55095408679512,125.39603139943054,100.0,93.40458102191964
2019-10-01,84.67069676012933,9.457819076066325,82.45335628144672,103.33208432945054,60.08663644697819,112.73688035312091,82.66421483535473,91.0533694337314,113.1709695502062,100.0,68.93666047919498,102.18268714836303,100.86469094890731,103.92385063237317,106.86096061912372,85.99845933036119,121.8714221663968,74.3914961364693,73.660776286508,125.3721044334164,90.59102777177745,112.83885530600637,85.8668660830286,69.07375560539681,100.25084061802845,80.59210344583192,104.0440618357478,97.04551510141395,62.843090330216775,97.11217293257057,95.82297868827635,58.37220390369857,118.1998236006927,113.4561339871184,58.53690327139394,91.71876046863059,124.25835606305611,120.47843982280895,32.218662506722964,122.34783499679031,98.46443485890532,124.7911457590902,100.0,93.4009003519593
2019-11-01,84.57998267255218,9.265485525845412,82.46461648875764,102.3974615359371,59.062893801889814,112.96576894176114,82.26277662720591,84.38249204313549,114.35427213272524,100.0,69.64787855607103,101.90894263939143,101.2867826673697,103.4517171774121,106.2824888041453,85.27487832741562,122.55557223988596,73.66756759968767,73.62775027731608,126.26572908239133,89.5511711117435,114.03040062625476,86.12830012088007,69.07328629967155,100.83446395689657,80.21090552737253,103.7232550189066,98.08974833793376,62.7880469188571,97.19036699290926,95.33436350151716,58.580430477751655,117.88409274193954,113.71285397955688,58.88197384830863,92.81625800977532,123.99424864217316,120.5524627846915,32.44497470212013,122.07904199185255,100.35569096567649,124.56465784055457,100.0,92.61050349529506
2019-12-01,84.55103859933935,9.18867249961412,82.85490924970526,102.08562416828613,59.4111404464353,112.73243971007203,82.56048633080668,84.87417782346512,114.0970415456199,100.0,69.99015390975025,101.87130331268534,101.35095627305411,103.20680508644242,106.43368763959025,86.02722333814535,123.35686772029682,73.71112479370294,73.80722980866916,125.95297291639295,89.16900240083352,113.10147438126137,86.10464769268393,69.65486216909638,103.52106303912004,80.54563421465907,104.05953752755363,97.87792539403041,62.75876856459698,97.36779502511165,95.16861582518851,59.22764317574496,117.69060306082939,113.80567576935037,60.07927682309864,94.21725154919548,124.73467352836873,120.42552032373028,31.664191668660933,121.77603306920955,101.69791907509489,124.03240279323664,100.0,92.80730206883044
2020-01-01,84.52218746069452,9.152520798220518,82.08984014594574,101.0599121106248,58.54006756434716,111.55192590410432,82.96988125681084,84.2347355653867,115.47514263562253,100.0,71.20177647997114,101.65173393929817,102.3567731607169,103.0613737647937,106.00828917581973,84.91846316259934,121.84851553735183,73.28613195901103,75.0312727207994,126.29263436231777,88.53870013860981,113.32891312137569,87.18876047999777,70.75086745612073,103.3165678077343,81.35388318047528,104.4059962217273,97.3438258240083,62.57488390564504,97.66364954085786,95.12220983748489,60.083621573638844,117.3676936580692,113.56003288885165,60.00781993261081,93.33145227055645,126.44028294760459,118.81731981616153,31.193434139231325,121.46860287763882,101.20922622298862,123.2379632988471,100.0,92.19765556358843
2020-02-01,85.39649587250317,9.126770556715968,80.73387876738862,102.97829704221589,56.446111140923264,113.75342003504643,82.02202620049069,82.74308387082532,115.65595338208661,100.0,69.85368739921321,101.41724944489906,102.99563584394214,103.0239950761452,107.15022359699677,84.15381121047304,120.79742448198512,73.82374147825436,75.6844607126533,128.78108091919603,88.9541073559557,111.74446588086468,86.47942178386398,70.99669185339546,101.31186783575517,79.61675077071409,103.88439682486583,98.61209237960145,63.427032895697074,96.99963163606773,95.05967258317378,58.92266611874071,118.75940715940013,111.52064790104528,58.33383018744607,93.2434313723749,127.21288375463715,116.65927293787752,30.92739128768189,122.81170355545694,101.91287588732906,124.73033104388695,100.0,93.26478916912367
2020-03-01,85.76898972000933,9.237006349810631,75.8404297480754,104.78143427827801,50.82225896187601,114.19849430929374,78.82011943333048,79.92682229123305,117.54406939907061,100.0,62.978151536076645,103.41427906395437,98.2270193708874,105.59806290616147,107.91606490119436,83.33230581112096,115.04707273596657,71.9908769495377,69.18969903330414,123.50322134500169,92.64552747843193,111.10242885805945,84.78839942731823,59.989202019898435,97.59465766588502,72.94365550464629,103.09383866947184,99.04139303231098,62.42240839895923,95.22837300258682,95.80586065226497,50.81550166591694,119.93581568479325,111.02304897026463,53.011695648242544,92.86474798975657,130.20446620035088,115.27433319191684,30.112365752862445,124.41293113793796,97.46100002401849,130.1939432079202,100.0,94.11267670146457
2020-04-01,83.55804343177576,9.169179351912431,77.34716697477164,106.01641199372831,47.141983591493506,115.30657494254972,78.58283424653146,79.77486324802075,117.97152315181485,100.0,62.481127653671564,103.35341370811946,95.87963760208437,105.56159467405625,108.878977927646,80.88578438028331,108.90335231483883,71.19780371755203,67.24512820634592,126.26287095884527,93.28734173369783,111.69648414467876,84.39089490854236,55.53695094807705,97.24685614521668,72.46272265761434,107.71004389939425,100.47212505008225,60.98931780264641,93.08606745771549,96.1222788236911,51.26831098894359,121.52558824915292,111.3302081422248,48.099529412888856,92.66857958743219,130.11930450453326,114.34327758389134,28.20616238010802,126.15769777550948,99.43397994053122,133.1837048266587,100.0,93.24194291519481
2020-05-01,82.82628815055133,8.962881095244104,79.95887195371908,106.4461846986021,44.29209702071246,113.7291409789577,79.16389463293598,83.1002409197835,116.89724581773184,100.0,64.43402199402784,103.34948285860004,95.77906829072074,105.1212317482268,108.8698115302118,82.18737081824796,108.6839557294296,71.39685042342359,71.39058831845743,128.09783919049366,93.26966909774038,110.65038194497694,84.15316764436365,57.46944237122099,98.05897652421794,74.80933809631415,107.13069068925698,100.2631432065077,62.50386661324855,93.26608433704662,95.99816740219654,53.02657506615006,121.32648935916347,111.10816339937675,49.22047212187216,94.89291013340528,129.9396936429388,115.79150462286773,27.820727580152898,125.72743424998687,98.08826389145753,132.1515477288685,100.0,93.8085871384214
2020-06-01,80.70035162451465,8.443161131022874,83.64573777074445,104.11052250608897,47.51545663632223,111.62731147691478,81.03504092469706,84.74988457744435,115.20246396570381,100.0,66.10150547841207,103.79030013539861,98.01976122364152,105.2743843045955,107.99743054991228,82.9372901912143,111.8320457160425,70.2945166623778,73.86260332806887,128.29595563216563,91.49488818305717,111.31996318895337,84.2642522744395,60.11682930480238,101.83176806584804,76.98529914229009,104.13613323163185,100.12349616641411,59.732928449870194,94.99391735611185,95.95626665022736,54.42907426227032,119.89724360143677,111.53460915386708,51.22083146877793,95.99859614745695,129.6189695134251,117.65045407134669,27.54151013397641,124.34931621941377,97.52313610165861,128.8951807616866,100.0,93.3629927093221
2020-07-01,80.11619893495072,8.200683178844805,84.57117174225242,103.36459070156774,46.265409119478704,111.74287193718,81.09561878022174,85.26956377767087,115.96864704154284,100.0,66.66015054002429,104.26338585905317,98.89541463702407,105.54065769068082,107.01579115032654,82.3096631289649,108.04314404496868,70.70454346142763,71.75899879147643,128.1192927872668,91.70496127031613,111.49675709429125,84.01446355954,59.56209542144594,103.2197510495472,77.80281050882559,102.29228498876539,101.02124388876834,58.898297574035084,95.20117138666002,96.34569884196777,52.09165094835414,119.04369105020069,111.48882907120581,51.828955887846476,97.48335089130671,130.5004945383996,115.97772315039767,27.088143173509298,123.45837102977626,97.43511413965466,128.12657302426453,100.0,92.77183345638979
2020-08-01,79.01200926133004,7.97516270697594,85.59986398988806,102.21626359228091,44.46218721107888,110.2520532727997,82.33506386504378,84.6936414280954,116.49060781892364,100.0,64.11911169162701,105.02307310927641,100.53224209953832,106.02014589489409,105.77769091833926,83.1618000416306,106.46212433380613,70.45697613940195,70.18285799769401,127.59887557719942,91.50764785316477,111.72768299722729,84.79633061924605,59.875863673115894,102.03935171356943,78.79263063218585,100.36683890045981,101.47371244714618,58.06962228961159,96.74877366517515,96.8926392529021,49.54448745665964,117.9654527134082,111.92623002354848,49.667383990911844,98.3465762066262,131.35201370530908,115.68339440936981,25.143829632992148,122.42857700306628,99.02337525640257,126.31481306445116,100.0,92.23012431705378
2020-09-01,78.84600860295723,7.724761285463163,85.33366918232433,101.99811090612525,44.52980608712674,109.70024045475671,82.24069307768421,85.30706391487875,118.36814245741797,100.0,64.38166980070726,105.16854155763778,98.6045835028603,106.3887614674037,104.70975058101004,80.64646351890792,105.89317706693768,71.3037714304876,69.21618824426707,127.05984032755764,91.4394627866751,112.01618473050385,85.1284575678514,61.21682319375111,102.60413611831906,77.49246423240275,100.11248026388888,101.57747452666064,58.578695716794925,95.44607854835229,96.99389676096835,48.176100122814994,117.43813580626521,111.77261791588661,51.007153557155924,97.4783529046995,130.8661155345292,114.47619864233573,24.32563050244349,121.90532733469708,97.96563418570376,125.4468074255194,100.0,91.71167188537825
2020-10-01,78.96670621627948,7.541155680439235,83.47028355690837,101.95278545652361,42.60064426124407,109.16347739949543,82.09242120162033,83.48145323388117,119.73817605681563,100.0,63.004453149226514,105.22725046663584,96.98863053947233,106.45120259508525,103.75535571184822,80.34241495168226,105.33834605609853,71.15901891685452,69.36701601076989,128.26900698913482,91.29416661965404,114.95559701536233,84.61997283527218,62.17347635618032,101.8107550491821,76.43841280758532,98.96735576287696,101.05050822889625,59.57751608952512,94.11174924777202,97.06755009539683,47.14003914635105,116.96652700141532,111.74425552115561,51.786861037218834,97.95074110342765,131.280575243477,114.46989732307884,23.129491864619155,121.57988838252427,98.17590792055854,124.82219266423438,100.0,90.94563581475738
2020-11-01,78.3918902637096,7.175436519351601,84.05910439760693,100.90583679161792,43.52404147416238,108.75503884184967,82.56524037637072,85.12652592864717,120.87058767079377,100.0,64.84090541036606,104.85218933812494,99.45769475356309,105.78083581808121,102.28916405937044,80.63576515413195,105.87433867954906,69.81496448966669,71.15506927272769,128.75768647880972,90.85328229898604,116.7507817501592,84.4535806627751,64.53497506784765,103.91183389425431,77.294359718949,97.54378805087153,100.39319957170085,60.25373344454798,94.67471729222487,96.85787252221239,47.12595389429633,115.83237052939425,111.57753602121359,54.24312020137108,99.12943254065492,130.42101074841602,116.22208163480457,22.84260759597703,120.56209385212975,99.16591889146795,122.75374495455331,100.0,89.78668060171077
2020-12-01,75.02794066125715,6.7702012919750185,85.92849357212407,99.51114520869265,45.31731011005458,107.8253031850708,83.74820300867945,87.12440048834158,120.29166626688202,100.0,68.00810456988718,105.25222427808245,100.2163278381335,106.05976881614167,101.20403977498864,80.9082143363773,110.78183194862885,69.52075965075046,70.67349023424275,131.1152308533142,90.3045747511818,117.56721132038305,84.67242674238761,65.58894235171348,105.79553638206443,78.71814414047583,96.37309779293653,99.75676661724899,59.22379485202459,95.10897802507175,96.89022168882599,47.885123805836315,114.3651592914261,111.5630607449487,55.73616036390494,99.86190319953269,131.225387459154,116.34018415551557,23.147345422276636,119.03674007970476,98.6752118818151,120.47455035734565,100.0,88.94191498395149
2021-01-01,74.31585893365158,6.534940445793959,87.60173291328564,98.85358220964622,43.3947145544717,107.13377275547175,84.19815785992826,88.37611937158937,121.51451542887426,100.0,67.43303079718464,105.00814052174938,100.8017706179574,105.65114903069205,100.4357264282774,80.75300517229805,109.31080933733845,69.8067827667607,70.86667463102043,131.4837676029901,89.86507814125102,116.4532338070408,84.62195933407668,65.62842020865754,106.44596123273573,80.2303289173412,95.78899464292083,99.48965391329055,59.007727176923574,93.69346925625877,96.59623598589744,47.494359402888335,114.02002323942246,111.64611361555569,54.59865910589522,100.23482852072331,131.1118338876158,116.13621864765489,24.08033248215266,118.5162376853728,99.91708619607417,119.9834458744025,100.0,88.84332035412311
2021-02-01,74.25591196480727,6.3499161016531565,88.08504639059791,99.26093084050726,42.98192287530532,107.03680553607936,84.56071499604205,88.81257298586523,122.03723426112015,100.0,66.4213977419848,104.62262064888519,101.56559734558684,105.24957387640157,100.44934068149394,80.7548466308993,109.69272141989124,70.20113878507144,71.05991399825561,129.64078495912995,88.54487248431374,115.31355599153446,84.61661939000928,64.46988577598205,107.26560571505581,80.50522116000236,95.73096965428263,99.34175539283375,59.38753422367877,94.13513230856378,96.13422050172147,47.56652808700985,114.17049446008359,111.65323385012596,56.01976760792978,99.89531553417382,129.73098030598925,116.40680823134613,25.193632402997846,118.63913305046427,101.82650101722285,120.50399336868904,100.0,89.22106711050242
2021-03-01,75.15377137015132,6.291080399209899,88.5988904170907,100.33744362773176,41.531150314646226,107.98372019773134,85.71450192496165,89.51021107835133,122.59013260084866,100.0,66.16477737009208,104.62414915060269,100.55978434620494,105.18234161575522,101.29109465229915,79.21528220804007,112.10635778220322,70.9481974224135,70.16007947954081,129.96681137190984,86.58391679593097,114.49402642832179,84.28908501261778,63.18340248503972,106.6349779498935,81.42483896946646,95.33838180665064,100.03877148674604,61.18240522842166,91.99459640678532,96.3327320649163,48.343050415317386,115.63140904344979,111.65490116642773,55.84125529922832,98.89499200325228,126.74754939748598,114.81268116511404,23.575574325109947,120.232621084422,103.29184016052764,122.02672550344124,100.0,90.32642857993713
2021-04-01,75.56277811304574,6.131717399022286,88.6081636844845,100.53409621548832,42.163131649481414,108.78265010535554,86.07818210044601,91.65667556023365,122.33199285930158,100.0,65.302703036082,104.8714459075657,101.6498881810425,105.30944512534057,101.22861447380733,80.45340695159024,112.79762750499285,69.17931037299626,69.57456231981745,131.64319445722822,86.34859314492762,115.98749932161272,84.13222227304401,65.53010837571976,106.65821275998044,82.56360162615182,95.51323495204433,100.29057450804673,62.2976700045123,92.9359922208653,95.92813439621186,47.29495247335018,115.72955633368456,112.4589663470486,58.06280539298609,99.05923373409827,127.73451612411884,112.68115068527804,22.0934985026436,120.69916019190849,102.86054829032068,121.1219523131584,100.0,90.0687227649974
2021-05-01,74.40835808707953,5.950773969389958,88.48940225677848,99.00684573712631,43.79486427606696,107.42257866098804,88.404440077376,90.2292177209476,123.19419787458285,100.0,63.36229334189425,104.90356233954574,103.04327334413081,105.37455196776904,100.28804101855837,81.99905562524678,113.77581133678811,70.10172664863028,70.18178529884841,130.9720387187485,85.51097711934943,114.47035865251982,83.44937203912805,65.44128567193872,107.13387059723927,82.15168492255918,92.94871673097508,100.88042632595042,61.66715308835653,93.50567228185021,95.82918337125157,48.14037901487261,114.78434155341837,112.04244189784893,58.83017806357375,99.2962948531202,128.8707895134292,112.17904575783206,21.255970958842475,119.7408314456662,103.45041831930033,119.70274371212044,100.0,89.11158599828617
2021-06-01,74.45374600306212,5.823262138531032,87.31861866458303,99.67417326133598,46.20660902404445,107.39613619176237,87.83687153856884,88.30456507344424,123.4979071120091,100.0,64.27515620796088,104.56346745077467,103.22663103952208,105.08281680792939,100.36590394251573,82.68313992119793,115.58406671214117,69.87357827137537,70.14180162311774,131.96000911892853,84.8382024577969,114.64173449231416,83.49069652178319,65.34447341942882,105.81385046101425,81.4644571244673,89.81329105113983,100.55082665495922,60.581787770545084,93.79922001819732,95.67743259527172,49.306328859587204,115.04897397342424,111.8854981030464,59.610572826904914,99.41227932924289,128.73026978432415,111.78808097691639,20.721182077418455,120.21760499078131,103.5765385827174,120.02507055169072,100.0,89.67686294190564
2021-07-01,75.08516671442737,5.841839206899047,85.64578238409183,101.01080829760794,45.555754997853825,108.38300218286123,85.94079839267779,86.29395492660629,124.08024036210905,100.0,62.42153895652064,104.34517101311704,102.50119664597028,105.09420316705844,101.21635662925175,80.94540104439147,115.32480093289269,69.67845778982834,70.28116043658325,132.72048221029945,85.70698357218096,113.29965006713489,83.090235153647,65.77362685681055,105.23925949135338,79.52382168049337,90.27535969540249,97.65197961247799,59.82998721749125,92.48889413263973,95.71130778108457,49.093184089481426,116.34972316217511,111.26505301351503,57.75909872759569,98.70695537450301,129.10798754973655,108.67800089603723,21.105716734460938,121.65019743881109,103.50937273406613,121.57912718614897,100.0,90.78214284396843
2021-08-01,75.0633715936235,5.820950413301304,84.30447859760538,101.00808782644444,44.72523338483029,108.86201798837175,85.50701295317668,83.31246083894922,124.49708777134354,100.0,61.78951135390997,104.138535527793,103.03368188750044,104.99185791039034,101.07410321781516,82.08869606228932,114.1150674617399,70.21853617809764,71.05553322962595,134.8767755415923,86.27648806794264,111.8796679078501,82.88050731413948,65.51590534329863,105.49393762455657,79.11713191225584,87.54676823805794,97.68160408322257,58.313793179049625,92.15266475532175,95.50293714222504,49.417465365914445,116.52936758417532,111.38334067287137,56.85166488894337,98.45222477390888,130.0033700966004,107.23285673851375,21.432909295371935,121.81877149519391,103.7306618955009,121.98130426421181,100.0,91.22696977459088
2021-09-01,74.48090293629068,5.748756547473052,84.3025156448648,100.52321678038736,44.56996997457693,108.41211855750173,85.0110118962284,82.8591863950078,124.83363062107576,100.0,62.77808458612816,104.13768567767553,103.35917918590557,104.7898136611445,100.88300691429428,81.91880389886383,112.15120010538126,70.69198765952116,71.57185057888088,135.74971638013628,85.8937289774517,110.51719882336519,83.7624995291519,65.63915502785892,106.55727521174354,80.96486730100963,87.2350400481783,97.51304879548861,56.86922685122079,92.09023466199473,95.07688695443804,49.91813907279153,116.47460602432133,111.63989220039441,57.587628756510355,98.65114986086246,128.82629502562423,107.1202158015322,21.222170895920645,121.80812679179238,103.1631118479379,122.00346953752417,100.0,91.97574956125892
2021-10-01,75.13364999624753,5.773218735991497,85.61367245607927,100.70846181803704,42.50093706077393,108.24794405693352,86.78754543904202,80.18452748683468,126.52595600297435,100.0,64.10960404505089,103.80090695392268,102.80618906873708,104.05878973060373,100.91655594474858,79.89970788540013,112.4107707974309,69.72923763644407,72.32345824696074,136.73469555914536,83.79958819746503,110.04485086460731,84.2496923691562,64.35541762829529,106.53650937261399,83.60886371039949,89.9149625476553,97.05620864304073,55.88664756152848,91.33536185584926,95.27717993441877,51.59803037383433,117.45280791682549,111.73627109137246,56.84593830328365,99.13665986960389,129.96012675594912,106.35484080266654,19.85428885243547,123.02113680285669,103.76441528428522,122.75500327415733,100.0,92.37132670575912
2021-11-01,75.94434416353847,5.73713887825746,84.5648242303831,101.31247844928357,42.465481302207365,109.10004356267751,86.13842286450665,80.5010625085426,128.04302788998064,100.0,62.393518850760344,103.67460696210182,103.28200521101874,104.01726359935326,100.60621129403854,79.1145033788602,112.68094004907157,70.62845438345313,71.91694409894895,142.88189400503487,83.28523088840797,110.20377408624888,84.14383230796678,63.15551783961436,106.35283806922402,82.20399121836569,90.30661152094531,97.94061120944514,55.71015065063332,90.1949810770982,95.86689049935568,51.35066518780994,118.1021615397774,111.41400457495045,54.73622541053545,99.28308906142654,131.5939642437683,107.78819642455355,17.212718028084293,123.89737545546373,103.34780965140544,123.84305557037646,100.0,92.49451728409618
2021-12-01,77.18269068409533,5.698200747645048,83.0135019595212,102.02412797285459,41.984463672134005,109.22995206996065,84.66262522898313,77.23321564827482,129.37167399538603,100.0,61.98936012035438,103.84934147643968,103.9761142577865,104.44971053748982,100.45252355989341,78.60061616154648,114.4248210704029,70.27786857241031,71.95821414019937,144.4592757544185,83.59267836869839,110.65889160188809,83.82139030468686,63.148912867298904,103.30420007591181,81.14559061445529,90.57790571667485,98.1693496710533,54.75250122541446,91.0094335173993,96.85204456742834,51.477425713735,118.96304046078727,111.2163430842541,53.85320713968637,97.31484788113227,132.99606256281078,106.52883048417381,13.654476573162983,125.33283432013643,103.42779742736798,124.8016374581361,100.0,92.81054498405848
2022-01-01,76.73253172978225,5.537106228571539,83.04257756716427,101.73057424930877,42.69184736125849,108.9769484318357,85.69310946754904,79.568929210043,129.56997444323076,100.0,61.15949188832898,103.63435579301006,107.10480502586803,104.22115206516867,100.34836286813076,80.40024723319455,114.92429974311658,71.08085740380254,71.76499290616452,144.33087526190758,82.78394199582189,109.47971164310285,84.12432226121162,64.31043894119037,102.38703008301684,82.00874079065812,93.94003680037135,96.41115208093497,54.95471854820552,92.10655915723656,96.62570257800863,49.573016958396806,118.7148527733789,112.05370251670068,54.973370075819105,96.24128646769006,132.8280991834899,107.52246872357966,13.721238052862606,125.07333337041682,105.03273279102228,124.0630673116089,100.0,92.26079520057175
2022-02-01,76.02478866784598,5.330056097013851,82.96026271642558,101.3747907799589,45.51680712401434,108.77256295051907,84.99340822158199,80.64931061140217,129.62306293453597,100.0,61.92474105183038,103.78027839068157,107.33399334322638,104.52907171691474,100.13569400104953,80.89488310956804,118.29290393888827,70.619762991561,71.66694823316058,140.93945655904048,82.4650006771717,109.21921095230569,84.06789372166618,64.41602453775367,101.37175575759842,81.80330067081141,96.21006486948683,96.25150880582989,55.11849818676126,92.33023358130622,96.73298881467127,48.45352009246583,118.56440271711296,112.33869139450934,55.85874774274351,94.73633465847414,132.2618404825915,109.3993105463416,13.661078636131595,125.08056015294258,104.84322809150326,123.94496065130407,100.0,92.99828798337542
2022-03-01,76.92487019007905,5.179022290735119,86.19516712136071,103.10781120099368,48.08599834474528,109.84384996454935,85.7332132736156,81.92215185912414,131.98562716131283,100.0,64.49117813531016,104.10006183594108,105.68571505147514,104.4166208487809,100.51507150608077,77.33361898922702,116.39140389693512,70.3743115814457,72.4923565228242,142.66020042570693,80.8916354109388,108.59790971735002,84.64504541820394,64.25779074959644,104.78181753021528,84.36018187162955,98.40217068560823,95.79923302691206,54.38829106931411,89.34451092676015,98.05853677337191,37.47190093989426,120.13589792771782,112.36899479538982,57.66844817041344,94.47540648638852,134.07163052671757,108.33688210935462,13.342232399570147,127.05756679451694,104.43893185653658,125.32923361173631,100.0,93.36810353947395
2022-04-01,76.96352064065701,4.974102241804489,87.81588641161952,103.34588325299796,50.825402048247206,111.36108569627825,86.35300614204931,80.9958533203133,130.42922076449807,100.0,64.99050009101137,102.89260813682024,107.18178330280135,103.27468858356559,101.74902238264085,76.78433331631005,118.38281558832655,70.77011597192559,73.14421240965596,143.72061910757986,76.29610919712646,107.78033015898197,84.2773432273492,66.08211520964913,104.43761197171646,84.60328497981027,99.1268226532911,97.4160733613489,53.29745953687637,89.79234364899771,96.98153207711071,50.89157912593859,121.71842317672757,113.13134977636226,58.05269077718835,95.68857246029592,133.4872590524062,107.94250220275043,13.067929331028044,128.50336209804024,103.27634344442605,125.85124894389092,100.0,94.24511723451513
2022-05-01,77.7101784456935,4.9048944463530635,86.23691653365566,104.96641346192553,49.64766319363193,113.52196670212622,85.54789453250935,79.70537232015587,126.71317123437731,100.0,62.55032595507271,102.64062549252395,105.61466178344692,103.6223954254753,104.62546562311643,74.55986676021661,120.15714203436296,70.85835057573674,73.77750831144796,140.8956281430039,76.18238927193923,106.84761870771575,83.82019750044091,66.86402987449279,101.28446839191825,80.40582956235305,101.21987024880683,98.56969445110066,51.25151990983804,89.1983522779703,96.87649718674075,64.60007310000033,124.51423019252148,113.91581160053461,56.18526293983261,94.43533711231544,131.22607075484498,108.059204261909,12.343434827810935,131.38168555543672,101.48833646215402,128.31133979948567,100.0,95.57002769957506
2022-06-01,78.14202148237545,4.729359150184935,86.4963083276365,102.65428122229821,49.039422237868955,113.59291804785818,85.90587979139218,79.34230336950223,127.31449334537774,100.0,64.31983017258807,102.69517944506315,105.78790885436162,103.9211129251886,104.9805969627437,72.16943258076238,120.54206116768296,70.41132154838901,73.71093826477318,140.49268367584023,73.33557356604979,106.20276172153858,84.040592326711,67.08383370271793,100.88190604747741,79.41743561062056,102.06024356808953,96.8574582385456,49.22972582225894,89.03106364117795,97.29204656177248,72.36443988406913,125.49443392716935,114.36694475063757,56.79658406383773,93.69433935183083,132.96873503179475,107.06809948746077,11.277799644583142,132.58103517324616,100.6727944416664,128.72765525184064,100.0,95.06162087267745
2022-07-01,80.21081415870613,4.66285794613342,85.61394572981129,99.80223350529512,46.81192272858607,114.83315498743352,85.58909483322535,72.71855733430903,129.17795551918886,100.0,59.06456306627671,101.95453160881198,106.12937355198156,103.1652354299633,106.06836931683019,70.61043613023628,119.33273683762569,70.22530289736349,73.45839127396194,140.98495502349417,72.9345101704511,105.20121324534442,84.53642373109386,65.75251843729816,99.90372307038021,79.76140556920699,100.31437687849258,94.37791413751992,46.478130799143166,86.32093726159025,97.2992604120786,73.08943953365818,127.8196246747771,114.96342035439608,54.30735656310537,93.37295545408345,136.24928878780898,104.22090729239358,11.258074576593064,135.04416442818976,100.40764314026336,131.48190294360367,100.0,95.940119374036
2022-08-01,82.86588446677456,4.380641300521205,87.21856692201236,98.59782284288498,49.134891582464725,113.47551720673772,85.82587302029751,76.83569882580032,127.70536047598289,100.0,59.68168335379417,101.7841890654523,106.15876213828952,102.8020760406444,106.61664203121653,70.95249844450525,117.70046714393689,70.42522912231387,74.36069822157349,148.86985977733286,73.92460444689054,104.3658075516459,84.02352852767879,67.09953485572477,101.1170582106498,82.45577717948785,101.28646834839526,94.54232277824104,46.481763190254405,87.17604040770672,98.29637878500715,71.0546686807194,128.01603854082714,116.11854365406444,54.912612944210906,93.55463444721079,138.57449020170634,105.71788094552215,10.957727288091897,135.213460637045,100.68840556132008,131.0515649573245,100.0,95.9974178610589
2022-09-01,86.0511947579901,4.20196091180714,86.3820085938713,100.58483387686572,49.44871878673112,115.98779856113295,83.97284921355612,77.38499695049686,126.50980225761575,100.0,59.236864686150234,101.92936582648007,106.30007133058615,103.48296704316844,109.7603838110279,70.6635955338727,118.31840061018326,71.21432820388299,75.60351188504266,145.36353824147076,71.49179810538175,100.9353284585613,84.6596418453308,68.00892535319977,98.42725928979736,80.32942332607685,103.23631904554269,94.0121155450727,45.407847730944404,86.94937734344072,98.08012068803535,73.89188895326232,131.4158540859401,116.31675443644144,53.525417965659216,91.5691335845392,139.26631640318857,104.84584514698325,11.021185848963377,138.6408368655756,97.23399658114033,134.2635904643511,100.0,98.21106666978187
2022-10-01,87.42093805054482,4.0139997664480465,83.85141226454516,95.92144498504966,50.10669097876425,117.39677122252085,81.92965367148547,75.91964054457485,125.40301116338969,100.0,56.48830164185955,102.30745751533557,106.93930001300214,104.03724783113223,112.04574570662562,68.47203866993146,117.8662229362714,70.51467217803327,74.90410844525368,143.35487604799306,70.61217119979042,100.30913076612968,83.40713095382416,68.70822963490367,96.32140903845034,78.89567680071701,103.19123224305378,93.92687123973478,48.24099957789005,86.07333138187894,98.27512759406699,73.65340526261384,133.68736319556675,117.55492887431807,52.53083126792676,90.61980741838734,137.4652521322696,104.21459511071053,11.014083199023252,141.17297277213245,98.17484584235797,136.55998808292006,100.0,98.26785001360169
2022-11-01,86.10029410072244,3.736986320409994,85.69448877400878,94.6641805253167,49.44540407600328,115.60734631654958,83.05146486890966,78.46906510967685,123.52081204732679,100.0,53.536446120421274,102.92628399123744,107.77098847671705,104.4690101976988,111.0267249820097,70.61871936204835,114.11519963984615,70.28145485349087,72.78664315265026,143.27162731579602,72.08007529819199,104.54620734465219,83.68634354636055,70.1889319681569,100.92777074746722,79.69698660470857,105.03980062839322,94.50326729293546,47.24669836756414,88.37137549313404,98.64550483194293,72.52524629131251,131.3226998498363,119.08602013839045,53.440803719919785,91.54209784388969,138.5009745903931,107.25529375656984,10.741916579016523,139.0398283014455,99.52369480654184,133.68856849814972,100.0,92.69292281356508
2022-12-01,85.07905670280122,3.4405824522896187,85.16905166602379,91.5997204112056,48.87990785722067,113.73651808705594,81.46019365920813,80.63924186294463,124.62862588681259,100.0,54.42694934388582,103.77055367211632,108.64384228063474,105.27867718496506,108.59188815880091,70.80851183173279,112.0398384784977,68.65760485338481,71.40492005599589,141.43592304547877,74.53783336627605,107.52951785778104,85.41364812359767,68.9429642213357,103.19331448724543,79.30482535028729,104.75918387712728,95.19441514254244,45.8513010391335,89.2516613244563,99.08584406057166,65.38023701764543,128.261373305792,119.15297864654255,52.74877541147871,91.21212779537693,139.95868803071681,109.50955677130155,10.53565420669121,136.34296490849522,100.66999428122432,131.36181178448683,100.0,91.7406341331817
2023-01-01,84.84830416843677,3.2095847179389194,85.66243680735526,89.88098976015318,48.62174425171371,111.26507786491666,81.700360204334,84.13697627646381,126.18291310651753,100.0,54.6598073815241,104.07820556474124,110.15142398506742,105.8532252702911,105.73643187331751,73.01307713631563,110.16600177217491,68.52154705259976,71.62282826620863,140.23844926615527,75.73652251236321,109.8353498879944,85.49283851871374,70.59524700798482,101.58878111876666,77.68743050255488,103.29450426224282,94.44266903426067,43.27429472359911,89.18131653661588,99.11440518876667,61.61532736731935,126.04251529286263,119.38114675451472,52.447676245980155,89.81089510722464,139.21268004094256,112.33178164138751,10.387272965655137,134.37124127950815,99.63612455469728,128.70751374211795,100.0,93.33344991302866
2023-02-01,85.29321637812886,3.053789276685462,85.98127223956594,87.96701894069739,49.343757734012925,112.05570555907781,81.8049970329018,87.7544510689155,126.33980332519047,100.0,53.801024462450464,104.13248943557754,111.41195558534048,105.92541207491419,106.02682152674463,75.26955876384996,111.03630983337914,68.41787559727608,72.74003159179873,137.0839758307667,74.780671600065,107.56068568817851,85.16735170326196,72.20158526030654,100.73189567627006,76.05417980890824,103.6109581069452,95.32812074522798,38.28467497403307,88.42111052500512,99.38385947541212,58.842766828152385,127.20679133778134,119.5857514661505,50.4793087450076,90.35774933328604,140.19110744422912,110.36898398949609,10.471540716873989,135.96792220591135,99.40020926027172,128.92793933746745,100.0,94.82293349689306
2023-03-01,86.00074326286266,2.9029740984816326,83.801119330413,89.77532755491146,49.396607142799986,114.28531115245787,80.43558713339935,87.23604100291091,126.41224052873268,100.0,54.45725010699268,104.31228674272637,111.62220935458076,106.2627346710465,106.86195080357051,75.39106079407783,113.82153578660044,69.18176517798955,72.68810048095189,134.73502032690865,75.05561779364783,105.99102461428357,83.88614354128593,73.1986810141912,100.36120972173444,73.87891349732027,106.06667597817211,96.29070256536238,36.5968804817315,89.62685621880713,99.1650381717418,56.67433473826963,128.0039901900425,119.71729091188598,49.655547689091414,90.26510460471897,140.50439118033432,109.76498258704603,10.47036483816705,137.01553385430472,100.1667914616784,129.72084302203683,100.0,94.49485255665799
2023-04-01,85.22945589026392,2.685693859602734,83.7245809709921,86.83806312062981,51.268537779841935,114.03754144353286,81.30156601287152,87.54477138844632,125.99502878063564,100.0,56.78223746292011,104.94785544673711,113.12850739970419,106.95713223683263,106.5771817720115,77.74901646791525,114.81208550339366,69.21676937935273,74.49322331677894,132.7673860491437,74.7891806250729,104.13648935177602,84.26777391664518,74.43712276023876,99.87050193721953,72.7462827697054,105.88318278622582,94.6263409330673,35.77320716147799,91.25155381315052,99.26623634572549,52.850956955677105,127.3158240141633,119.86766340259238,49.468339242088796,89.95231727959379,143.039632433788,110.00144216930194,10.212520506473808,136.57687893187278,101.35098218335357,128.20315243740134,100.0,95.38551100313187
2023-05-01,85.63223780858476,2.522703868145104,84.04658792992527,88.22948106437455,52.190237381348915,112.77434529119216,81.29357921949652,88.99995862082845,124.788453071939,100.0,57.08618720979338,104.66934006974755,112.07652130570136,106.92998597466712,107.9062394888084,78.22365241417883,114.13166932535871,69.35495567463447,75.36963735039399,132.41040689556118,73.31402741650056,104.60020899485023,83.11639551841365,76.09877433653463,100.86332558169477,71.1801155699605,108.92895862769596,94.8406915072677,35.936208184471155,93.08836010251159,98.8465988409075,54.737903375627596,128.3894959977292,120.10262129165254,47.53397300962578,89.66709436983571,144.20402706632004,111.07877203891803,10.036513287860997,137.93197241668346,102.50369944477762,128.62504852030236,100.0,96.12929034091303
2023-06-01,86.9914279011952,2.346778334806946,85.93595102283466,87.77412252178183,54.197001576388516,114.08573535743784,82.75136368910023,89.79800550916191,122.29065510130357,100.0,62.00485153120137,105.07859408038622,111.90354503441316,107.5174671536127,109.60857421390303,78.92927412571822,115.01702398686375,70.07567003016065,75.6377503482541,135.0228067557172,71.5599599209592,108.17375899103769,81.89390497666396,78.46887137884605,100.25397702800251,71.46399075077139,110.90751731894247,95.74861808361923,36.14000983351908,95.10511616548733,99.56825684718127,53.291227446517034,129.59325277646172,120.44105031872725,48.743351612186316,87.44016759468235,144.67742711938158,109.78488685005291,8.427288347198491,140.09440838755313,104.48021892386083,128.49164130486412,100.0,96.74069015666542
2023-07-01,87.25634077497713,2.18134761556106,86.05001318021858,86.60156877909405,55.04394183051592,113.53130468639586,83.0085786178021,88.30898670789767,121.7263632427741,100.0,64.08783988422641,105.89825073328805,111.59820277278558,107.92921245969576,109.80055070671888,77.72285763515359,117.33143415429792,70.16480930385126,74.88252444313329,133.77015946453398,71.54722579120711,109.41567328484166,82.49818173260387,79.88356477773647,101.52400870016247,74.09551418073377,112.28860755913293,97.10056456032999,36.72511745326369,96.23106031381514,101.16217649594645,49.281549190662886,129.13989922108206,121.17780482043361,49.905654567373375,87.87477018572338,147.93001903651634,110.50363376233368,7.5468707903574295,140.22854020534058,105.46638784739997,127.49255374853352,100.0,96.13464746651536
2023-08-01,88.09309540868577,1.8306887227875306,84.0705604807067,87.34385190021663,55.159825448894736,114.75891481892751,81.72605392231605,85.51323698870898,122.657874352128,100.0,64.92298970042596,105.93429606032427,110.73094281593075,108.12142501394864,110.95481864330903,76.668955691207,119.85665843976494,70.51632831237593,74.871408176066,132.3786679240847,70.55805607175786,107.39421572957075,83.19673473918222,80.00004944010011,99.19530089626323,73.72727939535251,111.56580759333377,95.80306102362306,35.4645030684494,96.01598316670503,101.42088022246382,47.59648010455141,130.84425944213015,121.0898134849594,48.91158545955183,86.59698601172195,148.99105788664667,110.475663799734,7.56353819499411,142.3135941299334,105.30765060067478,129.24256559719143,100.0,97.07665540878988
2023-09-01,88.8752394405219,1.7042558498891807,84.23619978100166,87.67549535162178,55.49704973268196,115.30442498155922,81.76742686142565,83.74110791569643,123.35998800177221,100.0,66.68713996676213,105.72839631240285,109.609335372185,107.91264938423728,111.92768579430413,76.433419898904,119.04713547645073,71.05062257690113,74.98929516410303,131.42649370273628,69.78735813408953,107.59241763919671,82.71543682264209,78.83790511526043,99.11185407279261,73.36054107890351,111.76532981724661,96.03610918338543,35.35838591856985,92.95676230273085,100.97652904179637,47.77037807480631,132.20537295883886,121.19354962034437,48.93735548157598,86.30185243604834,147.94096370893644,108.899130221107,7.666981041666716,144.0084694089829,104.38084701050634,130.92531324634902,100.0,96.33251790523643
2023-10-01,89.70633805673613,1.729179160057929,83.846376788488,87.19107868728794,54.59126276549193,117.0119558547165,81.06438705965309,80.69082013783922,124.53029675252394,100.0,63.90504289610253,105.53991789249446,108.42327689661786,107.51901006447643,112.55391749395405,76.56969443028382,117.39359296095265,71.53424420324293,73.54416997912622,127.12642018448052,69.40128018199874,106.9085459297924,82.22778063517758,75.66982657844655,99.27717308997879,72.072716298137,109.4898281371506,96.82191866593371,37.749258182582594,94.61485821285116,100.84736097896878,48.15277564962358,133.03160461738358,121.67666045520724,49.05328204670062,87.73978105651598,148.4884412863685,107.69959218429337,7.502608149388646,145.1458358606832,103.31742001361708,133.1048790659201,100.0,96.09169438796916
2023-11-01,89.84952875985742,1.6798986933304179,84.87131286194484,86.28034994443358,55.77222786881369,115.88072522742858,80.51024908613923,83.36694644122716,124.24700033410805,100.0,66.01970211545586,105.75755532705833,108.74003683745397,107.7480253449735,111.5194989461913,77.70537120234432,114.06509694731434,70.60548564425437,73.45199328218801,131.31974803860433,68.42449832312205,109.42025496869778,82.3537821391787,78.29108710593631,99.57662535784026,71.08226587948465,110.39617801292813,97.52642506639708,36.60847088012483,96.97188680360694,100.80105894481915,51.28090661792209,131.4979995900094,122.14146643592206,49.8016817134486,88.75551149525998,148.40063581629755,109.78388076482616,7.126062075451179,144.09896956160446,103.72125768513476,130.9199640462361,100.0,93.7121873160564
2023-12-01,90.37433175357562,0.9198989797919969,86.15091085507255,85.65399699802705,57.18127677599837,115.29294230603688,81.84212115815559,85.70336621936482,124.68992311985131,100.0,67.8641504141744,105.5667566821419,108.60079715171962,107.12274291935277,110.20128145081505,77.11517274012954,114.26886339128173,70.34291030214213,73.18957550266101,134.95836377345438,70.44950681340814,108.4175650680101,81.97638640541295,78.76094046109732,101.87286998855052,72.2854740481935,112.57437235569867,96.80296978621776,36.6278124229008,98.41905676070074,100.83259798082744,50.86801609685482,130.20760276048946,122.42333313513268,49.000407140509935,91.15043649853787,151.68061059863774,109.87208299615523,6.964772765599915,142.95161923552882,104.67321230112796,129.2173747724922,100.0,94.31750732107862
2024-01-01,90.91223528432751,0.7244801859055183,86.11251490436476,85.9954457156334,58.00964611471362,116.2957105567316,82.02697397336796,83.65237538165086,124.64862526518941,100.0,68.93067225582604,105.64427471777418,107.68879806273506,107.20328049822763,110.50851650077674,77.16986203338475,115.10744485864439,70.71422622571639,72.89638068442575,133.84858049946797,69.6731704005943,106.91787352533049,81.88253627101629,79.47870668977083,101.64002554612317,73.4941548482419,113.68076084488425,96.49903407164298,37.08290591423483,97.74215867493588,101.0092404646671,52.584162050076124,130.71547574222467,122.59301256080921,48.68798799240404,90.41403078104328,153.26418606071644,109.62793716342863,6.727282422580992,143.6893979578283,105.12939587010754,129.34648093344728,100.0,94.98214588446126
2024-02-01,91.73598894282162,0.7169846184541468,85.29196329931898,86.75940671159135,57.8796523683757,116.58383160192072,81.75244145145697,79.47470940277599,125.45853965072149,100.0,68.94092973124555,105.56376169868287,105.43157926821891,107.07586295184612,111.07518249745927,76.01860488352025,115.5565694912788,71.34251065999688,73.2818494121002,137.019547707275,68.55175999368171,107.25684954744175,80.96779790475892,79.65472752727406,101.69763952695794,73.10097162825205,112.01924227228024,97.20572121791132,37.39273832849426,98.67401210577682,101.19895250415838,51.55636050378391,131.57188574303277,122.70226632230805,48.537167036915,90.59297284976846,151.3664117463218,108.31674264839049,6.637780082942944,144.8803107388557,105.40735132954447,130.22369640202177,100.0,94.95887340740778
2024-03-01,91.62551287516378,0.7041599724937466,85.67973503266764,86.65805680229315,57.65289262651414,117.2420110051803,81.3726864073415,79.25015149375207,125.32885149420699,100.0,69.32767230880546,105.91608192845814,105.41468169077972,107.43140662788038,111.1884559097833,74.78929519941711,115.78463576978271,71.31577992052421,73.04620695160379,137.33864122704128,68.42785822567285,107.22654436296166,81.86666236184804,81.01776197542897,100.89712882821182,72.36412680774615,115.38507286169389,97.53526894486232,37.43439244066734,99.31431532541372,101.74948885654132,51.718994443280174,131.58192019133958,123.0373918452164,48.84158466663057,90.42560184372215,148.97580805722203,107.96422057707701,6.370207684294289,145.2132472947764,105.8282031719478,129.8889456183555,100.0,93.97839546846545
2024-04-01,92.75941999521262,0.6975118760151829,86.23442953051935,87.53652079991237,56.493796479633694,119.30982732794644,80.94696224426062,80.84014219396387,126.2633614645404,100.0,70.27877251457805,105.81377213114227,105.42982978723481,107.64918118907201,112.17925290149284,75.2831331083814,114.78437145603424,71.6638147494435,71.99890720756116,133.8270816606457,67.19962659340767,105.11186481011919,81.89925247152989,81.40830523996325,99.90317670078232,71.46200804506816,116.18306703232406,96.79374143467523,37.79682207801561,99.31970409276738,101.60927330962978,51.76665717523367,133.13643231115398,123.04645383413461,49.30491599663757,88.21585941600034,146.92953965939893,106.5575238964104,6.386945678249926,146.91995461168648,105.43840675694041,131.24802842263102,100.0,94.45141909737619
2024-05-01,92.31414368247279,0.6818843765597841,87.73061224910454,87.25384231147719,56.257763673573805,118.93335288547692,80.91171245900405,84.77127866273315,126.0849887800753,100.0,70.01694629918057,105.86957468325835,107.38703181765443,107.69361754397224,112.41430997663275,76.22913193947821,115.19593572343483,71.43425538598079,72.00192468333185,134.5951334598126,66.12356588011524,105.44542951354671,82.72395945560747,81.35182102462566,101.38678092131576,72.02282117357278,115.3245965592458,95.44182446566569,37.648655187201136,99.70101745380184,101.42911999157577,53.14640907551694,132.97755322662692,123.37216574544408,50.378120154010865,87.9651052977812,146.332246116038,106.90819151432788,6.356984389316477,146.8704341455502,105.76517810558971,131.03490897270837,100.0,92.30160921686458
2024-06-01,92.82118032994104,0.6798378270750507,88.32923932882682,81.91099820751607,53.9982575546086,118.67634686842699,81.05153556715777,85.01512297916531,126.4633454694332,100.0,67.59754752128107,105.6948286750101,107.58218217786346,107.16898072860292,112.7870816093529,74.690381997302,115.36945656390283,71.60157390654827,71.03891860256506,133.82618562974088,65.53159257254146,104.62359516189446,83.17968501357385,75.08574321007154,102.9340120595328,72.84274965745051,114.60907761783088,94.51645760550684,37.74965872954629,98.4569594923502,101.50442987415312,55.42435286401791,133.64856374815045,123.81582997180625,50.557513125083645,90.34358577128698,149.43293566215644,107.1168683089331,6.284621870162935,147.4519601008274,106.63881652491412,133.35600003122008,100.0,92.38424889527614
2024-07-01,92.68399591083696,0.6690228568901849,88.71675082340292,81.64278405685738,52.457422347909024,117.73906472214254,80.99871832002681,84.33472406915638,126.27692117884281,100.0,67.64151782691586,106.00707810606728,105.44896649860269,107.78977927053288,112.81292862815286,75.20921774684763,115.8860366766211,71.3868144895623,71.39765392305989,134.81961682973807,65.44160478076164,104.32410876247155,83.60596826880936,75.57991730056418,100.98478776245452,71.16644683793699,115.33721234388814,94.79686763953366,37.65132895222947,99.6204968187028,101.75949048487843,55.78163327193126,133.53376159222415,124.18198189036048,50.88561280792826,88.77362911651832,149.0975006825223,108.26795932684333,6.198049058609403,147.45360348521334,107.53525418368169,133.06101970981663,100.0,92.3089368656214
2024-08-01,91.86252897731191,0.6508601465190637,86.39321526777289,80.67200106850719,51.80862242630676,116.0621585727434,80.99417523253626,84.26378837889115,126.6100042197827,100.0,66.78205106031966,106.2096830729534,106.06901482493708,107.89271738595245,111.01955545130082,74.96334090428012,114.28493859936705,70.41950039743215,72.15177279491898,131.18978945852865,69.79679527305318,105.24365856319764,87.05349148593129,71.04154841802635,100.1613520281207,70.82321892096448,114.96416728429908,95.16295175485715,37.12672067112226,99.47539953799291,101.97439962193494,54.398888351867654,131.19325943981335,124.47004286972421,50.74245070501436,89.53950437549783,153.31039872888636,110.66853286826674,5.998572222099818,145.16433892072246,106.7593883897721,132.52424058516945,100.0,91.55495127852707
2024-09-01,92.442565162989,0.6344783381005278,86.862036439057,78.38414443160961,51.698772080739964,116.10042929504709,81.58470234613364,84.28060212215385,126.83161800599383,100.0,64.60591439653199,106.20586631633135,106.38980582535933,107.76827084746333,109.86268382947068,74.96332819818014,113.92593088859428,70.05600828475768,73.25784413296812,129.8678748408005,70.53997532271526,105.87001882142735,89.07771461438766,69.11814624761179,101.25553342485264,70.63090840398645,113.49925202211506,95.39583238315315,36.80046197344954,99.7874358312849,102.09630156075353,53.02523146199532,129.89307025263295,124.62749736094865,51.479120209050265,90.25181623887153,154.07406468120485,113.99442348085151,5.9065590599431435,143.88581688626815,108.27205093043248,131.81434704521791,100.0,91.84513273584102
2024-10-01,93.29902004741862,0.6273122362642042,87.06184068571444,79.32396360626342,51.47743419833136,116.64386771331357,80.62905087179455,84.44736115352391,128.29619809781738,100.0,63.90635483717597,105.94184448010782,105.56388530232294,107.57959126065289,110.86467320513258,73.68796981677632,115.92276315838872,70.58854713164811,72.70239087276121,129.84411549202122,67.92225618805534,104.27846488699466,89.06382550153972,69.06486954509153,99.94699846954902,70.43046751878023,114.83269517925831,94.04890605127737,37.11971279084366,98.70717776085478,102.15487962025787,50.96302870397446,131.39270528426795,124.41788053854867,52.13513935901669,89.68401440538145,153.60975995446586,114.81037215192111,5.981991918227211,145.43435857705342,108.37654823808708,133.33008214562264,100.0,93.73243399295191
2024-11-01,95.0801605992678,0.6284041700670355,86.39306302322366,80.60351576379044,50.632076274184904,118.36664319376071,79.9103917854233,82.73452474715005,128.61874527809044,100.0,62.405065615486436,105.61750626025234,105.5267589307419,107.43593054699691,112.67917473328883,72.32471868916309,117.48895680002644,71.48350104460295,72.86472628194545,133.1509897742438,67.2651929893235,103.48026090953095,87.75206557168573,67.31392183464406,98.99002133442215,70.67431082174016,116.04746953622428,93.71088787401366,37.627747198264,98.19069230997299,102.09288359140365,49.71575222609726,133.6428982276856,124.050538483215,51.989737012038674,88.02196228596208,153.05573695706278,113.09158845563148,6.088106441881469,147.91926410583923,107.84349659478558,136.34865177321927,100.0,92.64088539248469
2024-12-01,95.92334304913196,0.627522908760646,84.59489236488845,81.58899415593973,48.677961055029826,120.83346329124795,78.71360409242281,82.90863350462008,128.6532952310717,100.0,63.16496376444789,105.29831440601008,106.02160509496865,107.09436640325958,113.80828890836963,71.71291841498514,118.50658832837706,71.59637358894024,72.438167734805,137.84101604567348,67.80500196991812,101.0424501392696,87.96274477953764,67.84969079329124,97.33682666435018,70.40869954088008,118.59179837532439,95.00077577645368,37.86391960062969,99.37406960975898,101.97707276953803,49.71559670904829,134.97526333437716,123.8269791758536,51.69740672380736,88.42648093860329,152.70048205644923,114.77459614853413,6.063739086456911,149.31254297498833,108.21452117758801,137.69045724048325,100.0,93.3570568682089
2025-01-01,95.89880499194211,0.6160178993171839,83.75840246925009,82.12990651253911,49.52225519657714,121.62972724922368,78.0914463999204,81.91455608326855,129.33437180412716,100.0,64.51099657039444,105.09545980956385,105.78688902474771,106.86780182457261,114.29033459022794,71.62969471627008,118.14884741986779,70.89394410315954,71.90428861367602,138.56794713627195,67.03022337055734,100.60244704820147,88.43215951437998,66.99389926228226,96.04231120474154,70.40498815243684,118.82579101338733,95.67619992325083,37.972673252387814,99.73376280267789,101.8933317505462,51.24476019870687,136.0783561704787,123.622075675436,50.64667382849159,88.50202945096456,151.07973531102817,115.22889579326218,6.003914190111743,150.7792261409957,106.45293065094705,139.12820723824856,100.0,93.380032492715
2025-02-01,95.63773354281454,0.5976487802617707,84.12069949166653,79.8562678757248,51.43829039663248,120.56539905079617,78.38181339312455,85.02552041459379,128.29298186179682,100.0,66.87850861161397,104.85218313610072,105.83268290857923,106.44961483184383,113.71090542136426,72.90291222026255,117.12432081594292,69.62138252773416,71.00852190088663,139.84058884652092,68.66759789595545,100.31570098819138,88.3313051569438,67.09328054318186,96.24275345969977,70.61837833053899,119.37016307871878,95.59366635508611,37.701724195626014,101.30166223591249,101.61102391783763,55.36583688882697,135.23825085511487,124.3259100820865,51.00685272130033,90.14558289765638,151.1155468117679,115.9493333449551,5.8020104051496855,149.92305448298768,107.50800852409172,138.05171162846287,100.0,94.34418060468249
2025-03-01,94.60741338152194,0.5872224249945501,83.56354909507739,79.37583490756813,50.89555953582967,120.75752418187892,77.72600890135743,86.71422011179982,127.50106048561034,100.0,66.21768095536117,105.76957619741694,106.63699660819128,106.96469717502953,113.28907556097285,73.79799368396299,118.88062240532304,69.26723601603258,70.06657869025125,134.3211454716295,69.58368454494331,98.80635120213202,88.07430199333464,67.69865648742682,96.44681577163374,71.62347371187296,119.93792153972637,96.28250093401489,37.27832397653545,101.49948933461732,102.19564424511465,59.17663642209649,134.044421141796,124.79105549829777,50.899575183005254,93.01773112495553,151.51912022662805,115.30703250584608,5.490809666088356,148.74829920663015,108.19646733599623,136.70373479473918,100.0,92.13788822244572
2025-04-01,93.55412113826465,0.5576704498518869,82.69640456270686,78.4890587747762,50.69391798767994,121.79012021582719,79.33895310355801,83.86785291720976,125.35724810616975,100.0,63.72276408531474,106.89731858876009,107.32391175473713,108.10098374883393,113.08833017149995,73.07731143332009,120.49537141513412,69.49731701118536,68.16010027269026,130.7270960153424,71.66847463286001,99.38883421854189,87.98020266884758,68.0159419902966,97.5410979694215,70.56258225854403,118.03231101278774,96.6145440844874,37.02728758097852,100.25544688568513,103.14639213010544,60.64650093505273,132.71653724731527,125.12939866761847,48.56931609943702,94.02098542578717,157.1080844545292,114.51855079336231,5.231799803472394,147.43752044177668,107.71536035642713,134.71911958461945,100.0,91.31846748674035
2025-05-01,92.89240050157615,0.5388094191922861,83.54066745149689,77.48770655509585,51.16647388407289,119.14016926621646,79.73941112092633,84.96232401590167,124.88883845586022,100.0,64.36898580105726,106.6953771506659,107.71169283229705,107.77252656506758,110.63431216323897,73.38440662906048,119.77015794095647,68.92553725804032,68.8801881284385,134.66609900840456,70.30906366214664,102.14154892127472,89.7050347170601,69.89542478777578,98.03240915037074,71.79447127526186,118.12349960948134,97.33042773882198,36.542185852305,100.3470376542471,101.18389525571277,62.62186831424278,131.17958493817528,125.73110217123298,50.281928903195286,94.50295440679693,157.17008008108496,116.08680072251163,5.076374754725607,146.0804395272207,108.89861890041009,132.54893449488242,100.0,88.68991167611927
2025-06-01,93.18465071237011,0.5177420342648147,83.78822244942899,76.90299452439908,51.96575581489804,119.02048809568144,80.56305661716313,84.68270918012426,124.37453331625107,100.0,65.3114758981964,107.2101279703713,108.5481995854245,108.3756246521409,109.31163677315851,73.87913945938317,122.1876623211642,67.83385973533827,69.05349983492137,136.6054113119031,69.82711724005334,103.24073778074256,89.62517430486957,71.12022603518218,98.76739539445809,72.22728570523536,119.14568160082351,95.48086330851659,36.117211086374375,100.36037672381997,102.06329654811609,63.48021349692803,130.30623129690764,125.84688146096556,50.55485734295455,93.7404894801546,158.19303642150956,116.59031107214899,4.92313890262749,145.44807381010162,108.91279309856327,130.8357359393253,100.0,88.03425823639506
2025-07-01,93.27539664043913,0.48141300145129323,84.35186728097418,76.24483976486569,52.18237155779627,118.16315576300521,80.40158993145046,83.56961201026817,124.34749757944716,100.0,66.35920950708189,107.71652699869949,109.62540310054246,109.11694092665233,109.15723475641764,74.63127647845383,123.98439650070232,67.52155204355269,69.10766619468322,141.1114876947679,68.5719929146561,102.25059458765205,89.67548078275603,72.36747286016644,98.18757998934188,71.04740639522085,120.78468910757263,94.60858107560514,35.906010964406654,100.98818937615536,101.80900506799053,63.298196703545926,130.23260634845067,125.8985180992251,50.64512642230237,92.70488063266815,160.3544963151992,117.22138671318211,4.7940844662833815,145.48810646635047,107.774821692954,130.14704461814608,100.0,87.71550603830526
2025-08-01,93.60134464973234,0.45856221606035036,84.10105049564314,76.89979382281791,53.2380341545808,118.62106023481553,79.80196837363475,82.52312199441621,124.91971535517796,100.0,66.42103299422865,107.7149185193158,110.10537520748412,109.05053645505802,109.91226593985633,75.1704808098876,123.31473508482631,66.65052293023732,69.30864759920728,139.82731634812154,68.46143478180967,101.6908156289627,90.23575853507505,72.37877671816703,96.89400281215708,70.94500476571255,121.70804883455526,94.47991406072003,36.213093181577555,100.78733439417151,101.94558295597007,62.51235833087671,130.8146107247096,125.98084822700719,50.93176433855305,93.01198590081296,159.22607919352586,117.55008503512188,4.748260328831679,146.2346685003955,107.66608159787951,130.76340451351237,100.0,87.74702764441963
2025-09-01,93.57473678451807,0.43252884129810043,85.22388936901915,77.16252783119211,54.023394259445745,118.53328209119628,79.50732543918836,82.77761883954773,125.67416973647461,100.0,68.30553709991423,107.87698454439405,110.95323808195852,108.9061498485913,110.11249714078237,76.24313412746872,123.32560046472516,66.02354769251151,68.17369583715478,141.43689503598256,68.14370301849117,101.25888543958375,90.39601987299156,73.12419070875582,96.21681326207538,72.15139763442018,122.79518600345698,94.02554982084573,36.193683155124276,100.91300928824474,101.83164263599463,60.18294770820852,130.54516526557023,125.8214102211203,51.5274135508216,94.30741374126642,160.4280341631726,118.97029170939,4.685670252526371,146.01995485980058,107.41344725201067,130.13730591889635,100.0,87.14443290693157
2025-10-01,93.88388495193095,0.42375811428311966,85.18297119251372,77.46460687760435,54.07773749563045,118.9550096951756,78.69328918749991,83.65618598161889,126.40285283824291,100.0,69.24457281846678,107.67069277334724,110.95456834150002,108.68086485238845,110.67760342316402,76.47374392111593,123.80906875301278,66.07388065421398,68.29054759811054,144.7762263062941,66.83183575219942,99.45932255111883,90.90689651661754,73.59001345278708,94.76656267608213,72.14553098700203,126.30879584015042,92.9308822194298,36.3694973891893,101.0082287851642,101.44727202912738,61.98131405966806,131.3882493341887,125.43581839485334,52.336526646897866,94.47689643897074,161.05920543335222,117.5262745361911,4.635366805351069,146.8304456304459,106.8176572228975,130.90826140705235,100.0,87.49389853509204
2025-11-01,94.02022417681943,0.42428773187590146,85.21701121565776,77.58741111385655,54.57092405383391,119.47984561590985,78.50604161087482,85.40918922264254,127.2070274662836,100.0,70.97194495031509,107.5882809850287,111.22261720979448,108.69326167691354,110.96204338452455,77.58059247111986,119.95282462310213,65.89120229564446,68.13053517212857,146.77028724558164,65.43439812407861,97.24511198039849,92.70654383106115,73.70667489163574,93.5050996116291,71.7493989826658,127.99224851511153,92.57193123165042,36.497929159621606,101.2043964446104,101.31727079664539,62.653188509649524,132.1282511220248,125.24069864860819,52.731870539777304,94.32659698892269,160.81816335997127,118.72174239905782,4.600586441323749,147.5316167951437,105.66293825673097,131.44807003645587,100.0,88.28390816469704
2025-12-01,93.83624024034518,0.4181447323881231,86.58007557039718,77.0849923126493,53.14718551958789,118.5712659465565,79.72225607227466,87.02334731221887,127.72842167744443,100.0,70.64157961033655,107.85832245069264,111.20101281886265,108.8474209129092,110.25058000395744,77.49303059640283,119.06742806386772,64.59732985195376,67.82154706149588,147.69914358861294,64.72959920587235,96.3060944799759,93.69413398192854,74.91735885677956,94.86776529825319,71.11692178888106,127.64089325738985,92.17306738022423,36.31814037947221,101.66857368831037,101.40984028659719,63.95074583537055,131.70698789106046,125.79427806346364,53.60815801879058,95.4126474415572,160.8170923852996,121.19619113241713,4.510356746873448,147.10273406291316,106.74065522426392,130.1578106072851,100.0,87.76749954778475
