Date,DZD,ARS,AUD,BDT,BRL,KHR,CAD,CLP,CNY,TWD,COP,EUR,CZK,DKK,HKD,HUF,ISK,INR,IDR,ILS,JPY,KRW,MYR,MXN,NZD,NOK,PEN,PHP,PKR,PLN,RON,RUB,SAR,SGD,ZAR,SEK,CHF,THB,TRY,AED,GBP,USD,VEF,VND
1996-01-01,114.7468439485164,305.9095233254662,77.35004008963801,,136.42342877104377,,75.34221924282005,100.04379015027662,75.91254982050552,115.08337093498093,135.59444773172058,92.44552059787726,64.29190807617384,98.15340738631464,107.54568360876797,124.67977785190212,184.17787049354553,119.1435977823627,403.69898751847757,112.31445903605413,75.8493489391489,140.60465074580137,123.97484622139223,169.00376089579026,95.19577028339292,93.5031280510068,99.39155798179495,170.91652041987174,234.0886604725559,107.13623595959348,907.9406091881427,586.6466834122887,89.29411866064515,81.5248568102849,199.609388665931,105.39874094218197,86.45927580264028,123.49954667980758,2152.847233702709,94.5964750086917,95.3537797771516,93.55240074798807,1314.3165654950035,
1996-02-01,114.64946716241076,307.07044582465795,78.75975228387178,,135.7524013109533,,74.85488487220337,99.5942834470209,75.96237606431919,114.75347741454274,133.30407618234275,92.53388226782697,64.4115081842126,98.28745457366217,107.50332946545176,123.11791960054587,184.2305974832311,116.70498101354703,401.25851728853405,113.2244488873901,75.84629129768014,141.96955763463112,124.18912218963587,167.75419919564175,96.75279319239405,94.08697004902565,99.360991435918,171.1253463163426,233.70317005070098,106.17745635098719,853.6769063009984,579.7898680922558,89.46096154952906,82.0555207502389,193.85942684208797,103.26196488119126,85.53358970936455,123.719457156131,2037.2295572131982,94.681586602895,96.00753113923331,93.7925755033091,1317.5036019164556,
1996-03-01,114.96825396089369,308.06675320542536,80.44580187179253,,135.3336317581279,,75.47721517045528,99.65436464222206,75.88808548956104,115.1073704379562,131.46807822365557,92.44912544420399,64.29307597592324,97.79512676195897,107.59090972356921,122.49667456364841,184.5771659569181,124.13783595291417,395.94653259788697,114.08906693978645,75.68073734366169,141.9061117257398,124.50617385026328,166.7194342511804,97.20557547920276,93.83406425471097,99.52805373150537,170.95597648823158,232.97988887369613,105.40267936669035,832.3557119971733,573.7714118830385,89.55079625282598,82.21926744442152,185.39365593622185,105.9787504217685,85.84948896381417,123.80257274058906,1917.1370375550068,94.51442933647563,95.74563738244404,93.78990579211471,1320.5532727935245,
1996-04-01,115.85587321747226,310.20063315056626,82.3877769391873,,135.9164457313654,,75.94145681083928,101.06558218973412,76.16573038663621,116.00609164568998,133.73777064920674,92.23866834333036,64.49390946318353,96.9974072912812,107.79507228209668,121.70278044064014,184.9503681220888,125.49750995357078,397.5148430693372,112.69428605897403,74.80815592405732,142.61302478496026,126.4168955549817,169.59424531824197,97.23370462308243,93.66885285509228,100.25628932631301,171.5151862322426,233.06681917177409,104.71341924891485,834.2952833336818,573.1022125923763,90.1387734648063,82.35028078756187,173.83030707880124,107.4456189413292,85.08687346752131,124.09839323282547,1815.63550633277,95.06679603837782,95.94780951654445,94.1243496635814,1101.3606665145885,
1996-05-01,115.15356140529202,312.92696447685086,83.64991905426001,,136.48820971429942,,75.38973697147348,102.37598971769097,76.27429323392101,115.3101395307617,136.5247694541928,91.98191373080047,64.90620980713636,96.2374228949518,107.86215335515705,120.68555281636084,185.0893980577879,123.54875157885452,397.60360175736065,110.50074533442353,75.59876288902831,142.70450536022673,127.3824236245591,170.0344062055682,97.49721093614096,93.38587070671672,99.94918491786954,171.58670082412684,233.0091596824528,103.91014622179317,840.6824113093602,570.9032220520619,90.55018216441543,82.3991421911521,168.44639147546968,107.26975261785373,83.58039841247205,124.13453512121093,1743.0590635472224,95.21292783042279,96.90371883191197,94.8439675683308,819.8982211148174,
1996-06-01,114.41337840525965,313.7011031515906,83.46023792299899,,135.74704399955954,,75.65499652920951,101.82144198773054,76.86252683048858,113.96769350292692,136.0150214345006,92.1652537771856,64.57792888881043,96.18033226423115,108.10352789238875,119.79118816167751,184.74100169543738,123.33551811852111,400.090345859651,110.28291999587914,73.9497322226777,140.13269088962738,127.88719276483805,167.43667983971545,96.61869156319007,93.4341448545158,98.89386516123906,172.42439091439846,231.9230100608829,102.08187782207847,823.9005037502794,561.886591108501,90.97303398172035,82.6221776296861,169.25352067147458,108.79738231414508,83.18358180056144,124.53615132634184,1675.7897936108548,95.96699347442615,98.47443918054411,95.23720965304236,817.3231528485303,
1996-07-01,113.78116165668943,313.3223352238371,83.09828096602303,,134.54436439428073,,75.4088526341611,101.45236939210737,76.9248698015499,114.38629011921817,136.64756526042294,92.61083571962226,65.63515505073896,96.73692587636214,108.05930684867893,118.4368565830464,184.46973704198993,120.9606558869947,399.47404000577006,112.32616581986308,73.63511622654968,137.51467983789502,128.21601754755304,166.02539701340447,98.48035145255373,93.80573501778593,98.38984008329115,172.38961150472036,229.734365417328,101.11779138811615,798.4651770141702,547.8539702752254,90.97283084069157,82.1252229659199,166.80703633885884,108.38461105423087,83.985002196344,124.4767866035172,1605.4215113224209,96.12152679979128,98.48889339686937,95.20990673500398,817.0174225851076,
1996-08-01,113.0501972555719,313.19577441969165,82.1949279750906,,133.05808001386475,,75.15768589518193,101.01995055143047,76.72908364257268,114.70396413140298,138.83822355220389,92.95711655119486,66.6408190235668,97.28245833607406,107.83194116738753,117.15128749010123,184.70795424073194,120.18440682161385,396.5572959747463,113.05062780704172,74.52319458350047,136.3713698395217,127.6532354091516,168.27338214802842,98.27348858286942,93.84747155923019,97.16642551476431,171.79210908946104,227.30134554944627,100.00329396820943,776.1843815235213,530.8751055164747,90.71154355488147,82.12789464659679,161.20645931066724,108.04356724188457,85.54437938434782,124.27613436487515,1555.4471522517179,95.73704315193497,97.64521417042485,94.80662701796085,808.9410953928809,
1996-09-01,113.50924090154138,314.8419877163323,83.58516461636233,,133.0764876311171,,75.41691341614893,101.3401656495075,77.20739267610985,114.68879818181816,140.10979157025972,92.73646815747448,67.1525092993287,96.86757962624688,108.17161964988813,116.35273662391047,184.58918597276795,120.4938039359823,400.9427844410304,113.03013131433377,73.26897660134155,136.1762230189137,127.80911438247173,167.78706564806708,99.49983602579749,93.77507004743137,96.60807476953421,172.37671776907996,221.517046960066,99.16690322973507,770.3615353718537,527.2146769164552,91.32459615583059,82.68756125402102,162.89517149280158,108.61600823848698,84.2197790436221,124.40839200990881,1499.2499087781966,96.50421608875251,99.05693827789305,95.23212686636722,808.5278428623617,
1996-10-01,113.92449661427304,316.53029223170705,83.82895212138806,,132.85151671686944,,76.54920573993775,100.93244053406254,77.73834554339852,114.55436134895218,143.97127195399463,92.52502543507882,66.3974440973017,96.29179987149209,108.50688091661837,115.5703501760482,184.5209952797057,121.20975046093385,404.5420339332089,111.51628005497581,71.75895008980883,135.9481018552113,128.1902618564279,163.93108962773331,100.5125904938122,93.56621566538688,94.47929323226589,173.10583878421457,213.71655306164325,98.47736624989906,754.9284289260414,525.8074940332177,91.95985465135405,82.8262135515822,160.77309308921625,109.84287653088593,82.9521906401314,124.92137396102576,1429.2903725505673,97.351759078147,101.41598151867409,95.58986011048827,818.7179587583655,
1996-11-01,113.75238980483635,315.95988942109676,83.90413641953639,,131.61177844914025,,77.17091741466989,99.47179094669484,77.53287761864287,114.5988734876004,146.04694949401838,92.7571582220707,66.2320577260064,95.92289402124955,108.16355484055987,114.12149469543328,184.11837808854338,120.36227773150034,400.3648392344818,109.97974702222612,71.60874610587717,135.2360110457749,126.82316759193513,160.02968605437997,101.23771587079871,94.09192775336687,93.0633339382277,172.51148528395296,201.68012793515084,97.35838273195789,708.8793099720936,517.3627689354262,91.63229071456831,83.27065572561806,156.37522850709834,107.84393275255488,80.87685651285412,124.56906398693917,1347.4140344925106,97.00656676090732,105.5666383068949,95.20529638750216,813.62876887525,
1996-12-01,114.3376463919616,318.8369632450835,84.66491928186993,,131.8811881611373,,75.99377321720773,99.69460043157041,78.13475914543679,114.62131748617811,146.71612627193653,92.35736815345469,66.2167989613707,95.47225107655835,108.62051106805532,113.21258594697687,184.59757723799802,121.29329498860928,400.4309181526474,110.2358323374548,70.94473714954879,134.28844227920993,127.51756123570803,160.99633237405476,101.08004877466354,93.98711396025067,93.84328744756526,173.4004394106448,203.399071328327,97.67587097326145,662.8903179958841,521.6498617006278,92.58432276846814,83.95345408501565,157.11193145005643,106.4128781010639,78.927243393512,124.85268788808295,1289.5146005633408,97.9033973230718,107.28531312717968,96.18440625381606,810.6592058179249,
1997-01-01,114.95884127032616,322.2261270090178,83.54060738233406,,132.70894055005292,,76.90084704525331,100.52933199763854,79.1720857153116,114.7861911344633,144.80721078839787,91.75276379644004,67.41905551590432,94.77671762712816,109.36687915052627,114.76796676784433,184.36566183797098,122.70727433781133,403.7614998172327,112.0780077545167,68.95078732286272,133.8208501260569,130.88420040359279,162.41885460119028,102.13180988572121,96.24381829502478,93.36134097995338,175.1788013574477,205.80334812654667,97.32282670249894,518.9771657281277,528.7925107671164,94.01130770692434,84.23866000270694,161.08313629556164,104.89269802726955,76.96123140106889,126.05470622782471,1231.1080339861157,99.55058839885687,109.22822458420023,96.97326415804369,813.0493802808994,
1997-02-01,118.29519739077293,326.7982244525869,83.95260193912645,,134.06515174256776,,77.00605673794773,104.13229955370748,80.60720257722177,114.46315592197504,139.95226160130423,90.92605136235744,68.22548164634199,94.04358538448992,110.46328975107336,114.48827249673184,184.45708178321172,124.9348596903785,409.39177939237624,112.6774142450689,66.67330578092518,133.52098089128975,133.3031744524583,163.6106130241332,102.42639200946864,96.73432629866588,94.33291488625535,177.85277421675295,209.38384496301947,97.58338702444,382.90039053766566,542.0756560105215,95.96590434637308,84.58935870540229,172.0008791018539,103.26369924231935,76.09852189017299,127.5103688884919,1198.2988828850796,101.81786065925004,110.11908006760922,98.56510881075276,825.1945595299667,
1997-03-01,120.28935857352671,329.0139988038356,86.53694973752152,,133.73756370478915,,76.21547118273679,105.27161230901008,80.83870999544332,114.47669575991422,142.1800349317376,90.79225334681585,66.77996825425767,94.26484657238511,110.76318225282293,113.81599505882632,184.75180812077357,125.59130866659207,406.5103991230984,112.56645187397271,67.1078377419539,131.6157034735041,134.36667732518623,160.50267401101985,103.18625119413143,95.56985899289775,94.96903675846616,178.3672023716995,210.38258469751545,97.34181132326466,349.62541448409223,544.4767305860411,96.57732061249389,83.66791654026672,174.00698795039742,101.04674823121572,76.37021767432205,127.9570873004582,1157.4635107623353,102.19886827875393,109.83932716377703,99.40584762541488,820.0632738806642,
1997-04-01,120.66359716153947,330.254823256442,86.0798026288515,,133.67990665468622,,75.06349207147248,104.83261678283309,81.46542899310114,114.15481929690627,142.87339637353648,90.75249627336419,65.42578059224702,93.98323515893375,111.15632646725825,112.33378680988473,185.45771329033758,126.20886277059209,407.10287824869306,112.076222768494,65.69457763738662,130.4636024452913,133.8381105150526,161.85611179517255,103.08552979587921,93.47421843873238,94.24910588336142,179.35711942098612,211.07758474776927,96.48071397383484,386.4637144042389,542.9606078835354,97.2218034085941,84.0024491435997,174.2674912354575,101.26593994997894,76.82810571822574,128.3438496802321,1102.2717952610149,103.10626440585146,112.04692083245075,100.13555827184248,819.5204700282561,
1997-05-01,121.17452001842362,329.9428035621812,84.54244428220359,,132.15453361004344,,75.64756435072734,103.85643418833807,80.49007205247044,113.48808597848681,140.49336204239452,90.7862169501193,62.76429446349488,94.13043190199562,110.4865292725044,111.00768576568731,186.57000881607485,125.51014984496011,399.65639041763137,111.2750155385292,69.48838197556194,129.27516937049165,132.06120032697925,161.78227227962537,102.17455792527905,91.8546414803443,93.80323005144662,177.13243146893652,208.8983341073535,94.76203644281492,384.10050639546,539.6975354461632,96.37828705048702,83.6168710679588,172.06385105294217,101.06404722715811,78.17290255311767,128.1043657129716,1048.0669073983784,101.34550405972674,111.85913098727414,99.09080847895237,811.8219942579581,
1997-06-01,121.62767772285798,331.0476818950535,81.89938227110297,,131.46998939870554,,75.31504320464538,104.01944874258142,79.97291908280917,113.03293960184793,139.64937488662343,90.42250830928066,60.88802850936429,93.51430627079405,110.10291336447038,109.80865016509334,187.36774275823603,125.59788105027228,395.3385972690485,109.84673626335024,72.17694707736301,129.19137205134342,130.51458872918306,160.62647022569325,101.70801152934253,90.42729935864303,94.21243312025436,175.7836807461582,208.56682243765454,93.70796298852522,383.73434692279386,543.1954872840848,96.12671035016547,83.78091920101681,171.00552923104,100.83735406176535,77.98712671275028,133.536645857734,1004.2918870494269,100.28781109018907,113.2985562849856,98.91615049769698,809.3026509491026,
1997-07-01,122.30881827964527,334.24281688506255,81.7277357494277,,132.05096515708033,,75.8647000338735,105.03395834596346,80.82031358063723,112.51110282780135,138.12161266264926,89.63304956389476,60.11920724140774,91.82844042384659,110.99368797347013,108.29918869353116,188.43998773883618,127.38242086295071,390.45686057427764,108.59183962973931,72.70534503519323,130.37657714048646,129.47616418480376,162.52110708116916,99.06286762658495,88.96008075403043,95.11970571171274,169.73734188424717,210.50471263465232,91.17751691110398,392.88699513589575,554.0346625246843,97.43889922747513,84.2996302765797,171.11089642016026,102.16005949593345,77.5770022197281,109.29064671647004,958.5137399489709,101.70572099061934,117.60770798513343,99.75434256843535,801.675242464872,
1997-08-01,122.5622628007294,338.6869122377669,83.48099841394108,,132.94784010981425,,75.46572742994198,106.95571071441825,82.15381062684021,109.42141063239038,135.6481931289906,89.32572095973028,60.61696066105796,91.70424078918819,112.50909861795179,107.75349649909127,189.14688841860288,128.86016656783653,367.4326556190424,111.18944348150612,72.26149817916709,131.84013827595044,123.78787999480592,164.86506267975835,97.69905228403553,89.14051630957192,96.19126512327651,163.07988042256275,214.42076285980093,91.2720584142782,387.6958463450627,565.1125267551146,99.38439244671898,84.47127765917149,170.18212575581342,102.55755527660347,77.87996565355417,104.30837384907979,919.9171413757505,103.94023264080943,115.3110435884479,101.4782701725679,802.1184827582734,
1997-09-01,123.35658029491326,338.0698516231254,82.43201596801639,,131.73724576603092,,75.56583741938483,107.01609098108096,82.82097528352885,109.77323647911838,125.23662902888306,90.2123374352019,60.52938928189533,92.50057210803844,113.09738203329228,106.89032407629561,188.69947268889177,127.36096486563318,336.4765805136259,111.0399163307717,71.23740256440064,131.16163676500716,114.1704588597814,164.8807646304563,97.91327645370491,91.3127887598479,96.44360435940787,149.2244445014647,215.3189371275611,90.25216692705278,377.975609054339,554.5442149703879,99.86381165506899,86.1435582906821,169.26623820972773,104.49916747176482,78.82587623984519,96.97480862904877,872.879831440412,105.22508748054769,113.67545095879899,101.987460392764,803.5641782292007,
1997-10-01,123.55382649021888,337.94252944562743,82.94831319922372,,130.59401443633695,,75.52540958166428,107.19060455181541,83.43998388267634,106.20633387979754,120.92880167496844,90.74496514196129,60.814327441739046,92.70869618515317,113.78874907124963,105.49175928047694,186.55866332418336,128.23992266359164,283.32681899454485,109.83603316465876,72.02853202510809,129.92410187328784,105.99339731245819,163.19635111867035,98.39429117981223,93.11306611895401,95.59610696877537,141.53775609384184,206.00579625384157,89.85570109723426,365.74118966241525,546.3017243039448,100.29674936195794,86.65552069778207,167.6242931351556,104.79196644156923,78.9845300359485,92.00666445026118,825.4176760407422,106.00148418010833,114.94740382976343,102.5012116891653,801.4462795656711,
1997-11-01,124.09913286613128,339.33632032003385,81.00952849796424,,129.96765383567646,,74.29439829203314,105.51996547952547,85.06954081412262,99.19789602233648,118.29289940624092,91.35661307145925,59.642672655198126,93.06558691466384,115.00528644609096,104.19072617426241,186.0968715857524,124.93213012270579,301.23246241995236,109.01503749360361,70.32973851421282,117.99963091187374,105.04634895312044,155.08182551297395,98.17883713413296,92.32117097693782,94.00815001272991,143.51225229672576,199.52616219195784,87.14069270928513,358.5246428992638,541.0115392643858,101.68308362058787,86.45574519810971,163.11319120575916,103.75581918602693,80.70104592157747,89.53483586492234,779.947631376274,108.22952885537937,118.42757745999855,104.33497321511958,802.1453593402098,
1997-12-01,125.13953828958375,346.5739759125582,82.01867330967463,,132.051290468837,,74.10860019794852,105.56529123606218,89.69466981859593,97.0375810331788,119.85378942471274,91.37423751628329,58.32937542905954,92.94892848550965,118.30498689196682,103.89930654732566,188.89944779100122,122.32051079458013,225.96010109415548,111.57246192023361,71.5399101264425,83.29783805054205,98.3665272246111,159.01727697718545,97.34422862554733,92.01795807784995,96.06620905372742,139.3280035292421,207.44297177622119,88.91611047271405,363.4008482394704,552.540168371644,107.73667761538096,89.77505887475881,167.48399855374055,103.18705390663712,80.9305129410262,82.44676815381561,752.3443447467862,115.38945523254974,119.70058688537387,107.87942570845128,802.7147632559137,
1998-01-01,125.80776873474046,352.80432385570805,85.34606973899713,,133.50336081270973,,73.68612534707478,104.14131381216416,92.65013025401475,92.44487938564352,118.68664845387138,91.22917673953988,58.36414360554034,92.87694494976024,121.10260745376236,103.61849711120526,189.32672531242298,126.32746916812705,121.25162550963663,112.12963448200695,75.26530870699625,76.49777100018657,88.22751455207008,157.68362162870739,98.06487462703272,90.77021683667404,96.42260517434764,125.55071110237304,214.4965002585923,90.66204892854198,357.0834979128315,557.6236850906552,111.55145884998079,94.13337562786253,168.98033253123631,102.31446398015038,80.51004006989348,71.5388183460786,720.6782453086214,119.6666256602396,120.59099380035275,111.05700257374689,800.5237036039018,
1998-02-01,126.03273545423698,352.0795318243489,85.78394164409805,,131.99759226861227,,73.8405587404257,104.674244757258,90.95039452478107,95.72361449430305,116.54177772604137,91.04041725569066,59.70647756471102,92.87603976648627,119.35177884563797,102.60757203584801,190.36286669145665,125.96839453678932,122.98388752629263,111.06880624376545,76.03997374118185,78.48947339822504,99.25145045245165,152.38334465971036,96.6364456778144,89.89643949935432,94.36764611211605,129.49029657914738,211.36804218196716,90.31197439435587,359.4830969207494,551.819354313861,109.85955645994645,95.2626354799108,167.55645533058845,101.28686025644855,80.86834931901912,80.4488040585749,682.0695796407434,116.90747266498704,120.22963418607327,109.80576170859264,789.7051496177361,
1998-03-01,126.14981769910585,352.91947698217405,85.0505969864087,,131.35646668922004,,74.7884572999383,103.70323374124982,90.64851265939583,96.97384234653221,115.881133320571,90.80354414910894,60.80904854787404,92.18303029492785,118.89688517872956,101.43496679659472,189.88693377714745,124.07054309413488,116.0732557458393,111.35466877187721,73.41464508108625,85.9711784552211,100.4396898494637,150.98633032799304,94.96059924883085,89.44578553962342,94.23274048258106,133.73933661429257,210.95984501052055,92.48649143707381,361.40985677609194,549.389509607291,109.42162348420447,96.71215455519153,165.98528346845114,102.87226145827908,79.61636213097717,89.5506028218344,646.320223790593,116.64405935046452,122.06631596453941,109.42295500761034,781.3264900979128,
1998-04-01,126.42667317214016,352.89884373124306,82.38386400338555,,130.25713728884307,,74.08632449351305,103.19806377296739,90.43397680783349,95.52925894857421,115.82241341829487,91.0369405668907,60.99045322010744,92.148141592516,118.63580002614358,100.53631051594503,190.77842381250414,123.1841558776607,136.65198697724057,107.5996990985457,70.95829283665793,92.18975853809717,100.15588643627405,152.247898353566,92.11683660913637,89.51128580253383,93.78999526603258,135.41642988886392,209.69843573810496,93.0649840946002,352.81546771419244,545.1462425306846,108.83707963220624,96.29375241423415,163.19081719666323,104.38397843827656,78.3652450659074,93.38533965876157,618.9448039153958,116.29500811798381,122.45090543876087,109.3911123586432,767.3526824895681,
1998-05-01,127.11607575520067,353.20532782674974,80.59389465462182,,129.4005646497893,,73.33576787706733,103.67065711527789,91.2040703842931,94.24457874527499,113.71933937525318,91.83270372964725,62.495470535387355,93.41834417610998,119.30227017929252,99.82396286890834,191.64331043620163,121.403698665779,114.90264261448205,108.43996406472532,70.08028053177469,92.49941633796081,99.165827839023,150.78425896076914,90.86095469416321,89.91193522348735,93.01552819596245,133.73237388777613,210.86213968514951,91.91252261517663,345.92368401593086,539.0382224600974,109.54166689038993,96.27054498106406,161.79143368876097,105.31650994988975,79.16141537743044,95.60830765874343,598.4584202994685,117.71192234789336,119.09276682195255,110.35856112804146,759.9358908539477,
1998-06-01,127.41330471517685,356.67569400150677,79.53639188101394,,129.802526477334,,72.54239720038291,104.36058102264553,93.00108480488862,91.27910367248293,114.66639781156832,91.92156254216339,61.55809347781063,93.44844210991617,120.89667633623738,98.1857021056473,193.2497590469046,117.85322350310052,85.03360324130068,109.34732230383129,68.96636633601317,94.98809111924923,97.21478239918045,145.30649567526962,88.68506663349486,89.17268117030527,91.61151489685254,132.87183433489125,213.57339491823814,91.16909879145919,344.87582662236804,541.4569572375714,111.58208951323437,97.68756169868536,154.96859760988514,103.25049468998493,78.9321031750968,90.72367218244133,582.6111756550114,120.83286674155131,121.56743297999179,112.77363573868362,753.6874337100729,
1998-07-01,127.45899191970302,358.4741922379608,81.48388369036206,,129.34063169616658,,71.53343751212074,102.38345977626521,92.73728004192165,91.71797738304717,116.19392807851796,91.88696478668625,64.49380311675998,93.43360099556655,120.80864015133619,97.57738853906986,193.27966332600263,117.67020157359647,80.53741006097825,109.83292350178822,68.7361467481914,103.03047365437546,93.46604037916778,145.68376889941803,89.40697514251046,88.95664610270867,91.36777552844464,128.36453699500956,206.0168859531939,91.70349990154524,340.5413152789962,539.1639991785491,111.465632704634,97.68749954445055,133.8023579817935,102.56729081304239,78.12853550250193,93.3059970234468,568.3319158613784,120.62343056231171,121.5240193712946,113.14014456405307,734.2051327154733,
1998-08-01,126.76500129360878,360.6782180339637,78.21456995561633,,128.85477532254802,,69.48695135012278,101.71039088126288,93.7317970823523,90.81194136239307,115.47940932269654,92.51187675367927,64.10116505283129,94.42553767817319,121.44988203748869,96.58668486656875,194.03526550913716,117.62785749163969,93.54101227479168,108.73858843463128,67.005277930614,102.28738247279992,93.46318427780412,138.56759459202243,87.9765566452272,88.22229731799627,90.63010526337393,125.66799967783923,207.05062621475605,89.21885308981948,340.7973609707234,487.2931743234621,112.2293449956066,94.70167152661595,132.55361881275817,101.03597182186151,79.21484888578176,93.22961673238363,560.9136700087429,121.90716828860968,121.02954483482155,115.3019977678982,720.3358036864485,
1998-09-01,126.79595438895123,358.2137107841774,75.92924760825504,,126.60882080986636,,69.63876936327752,100.55268416504614,93.216755281719,91.03286537423018,104.83334540107248,94.78198145164328,67.84277147870054,96.7540534273844,119.52934884879073,99.33708963646723,194.66932422170572,117.507393695001,100.73500174179819,102.83907429905238,71.47087059043294,96.19901577654714,100.75146699252038,126.73930385148037,86.92736504403923,87.69773981056888,87.43655520813539,120.42484696691301,202.2583146386563,90.23934208377486,342.34779885297064,221.59112973374536,109.67388322076145,92.57778078298114,133.28882698922786,101.09149757443008,81.82596736563053,93.24926564875351,567.9120710950546,118.19271075266946,121.23955981543652,114.3826156178049,707.2645963255052,
1998-10-01,125.84099404792566,353.4202844006494,76.44705000225215,,123.26786640512597,,68.1535637639801,99.62127033237182,90.11133041094187,95.22360735099925,99.0081626270426,95.51821404774404,69.39840959309707,98.12739981467463,116.54080154798972,99.17870177405997,193.92722987362282,115.0566782242048,123.49415003430614,92.19939682603884,77.86991559239486,95.03480083277441,96.47753816962029,126.60028065297473,86.60047906835993,87.29013230447985,85.86465839239082,118.26691808462309,196.9281029677466,90.7884024785733,324.67734050121015,199.50552239573025,105.96121255253621,92.80350214017867,136.55714677731672,99.09845678484027,83.45227784815266,94.62282238659377,549.4299262123927,112.46885249453749,118.89229749786413,111.62902899711811,720.9901187285456,
1998-11-01,124.42454770294714,355.5982495922281,78.1155669182614,,123.59560350119487,,68.37605101407011,99.90267895091222,89.81038511586664,96.73887525399788,101.17331787944536,94.93801923278698,69.50483266170663,97.39815627729519,116.44599921042375,100.5758659214109,192.48275920866394,115.51822866357848,136.7907734155303,92.59965146921044,77.67393456624288,98.5618358023544,96.02142140501583,128.8284474874348,87.9432434576218,88.72279837033855,85.06407735852086,126.59337609368187,197.57124674366386,94.0538540315348,314.0451464357044,195.10099853019074,106.02003641401676,91.7143199463401,141.24533789460583,98.94153892024838,82.04812593386781,98.5934721185459,530.3703224964252,112.08247936966195,118.24361184850916,111.42910635499284,723.4114899518555,
1998-12-01,122.68648436107806,356.13910827193524,75.51562677991723,,122.04532289000072,,68.11506156680298,97.24883213972426,89.19580238707803,97.53271248320782,103.63063269992978,95.42619906352601,69.36552302118012,97.97563516700455,115.70035571451214,102.03115203481057,193.36339058120905,115.10316047628348,135.9461287316089,93.46523860881707,79.54181076147758,104.76013432423012,95.26908373073685,129.7567367181789,86.0652261725734,86.77169219570244,83.4424062370387,128.29408842433375,196.67850612353328,93.76342226186537,299.5327071026935,159.80707900967604,105.00594435091392,90.2607861243242,134.4561933760983,97.94702566136557,83.11574755445056,98.46646488920989,512.2883293032663,110.5874628202125,118.54632252952497,110.66981519178027,725.9563978103445,
1999-01-01,122.14591871558372,382.4727043926307,76.72567195866826,,97.58323762929952,,69.03948219975979,98.03517478651152,88.9640929850266,97.80020984329785,101.33295299790616,95.50097768055682,68.57916922730705,97.31022464174843,115.4050661854266,104.54782997182215,194.54242239937588,115.94971391557705,121.4679631596927,96.32657146617272,82.85337372011517,108.47387042820782,95.20422248110468,126.26161485511183,87.84493806098163,88.86045413135103,81.54290022918921,130.11632867757586,197.20137874479954,94.05298158959387,282.80686523946383,140.95117164412224,105.24658305976237,89.14573194057479,132.84613007625728,101.66822226606698,82.397321977992,97.23451868819663,492.4003895542921,109.66659764563889,117.91163777947689,110.89533319920326,732.262387006049,
1999-02-01,122.30959551071119,416.7940168140117,78.84555188560911,,77.69379153729123,,70.3298327066233,97.19674376096205,90.34102618443251,97.07612801443622,103.27929715207635,95.00879757439439,64.6590011131222,96.66593652129549,116.40844760936335,104.66730185058566,194.96699435679443,117.68119000921924,120.44313708383183,98.55654871602528,81.11679660223649,108.81459375923335,96.54940574679533,129.2027733836578,89.46805588982407,87.94567652533706,79.884994920102,130.2286982434017,199.9331745524355,90.61618840967914,269.9911999007122,144.658708233386,107.56128360321205,89.16359010596051,133.0134451063381,103.02695340094287,82.25448870934922,97.57877418989828,477.04893106573047,111.51722207502357,119.20206015185282,112.16084329454029,736.2469475566304,
1999-03-01,121.61198211024988,419.62271308410493,78.87880898981163,,79.48324687492405,,69.63104497062369,98.28965491251796,91.72243005837754,95.24454759471833,105.30707039354627,94.45386264419689,64.294981808415,96.2236464762137,117.50382869833409,103.42124234255179,195.6219460457866,119.35550372483421,120.28329011975447,101.09518575572474,79.90692911522935,106.3702253672085,97.94260059354252,133.16440623277916,88.86197850080121,88.83459348379358,81.02432381289903,131.67874612489317,202.36669765124185,89.48181880296838,239.92888950971664,141.57829096342874,109.4063172653183,88.67905987346747,133.19014743573135,101.83961640200793,81.85563062172491,97.9540738680515,461.83678344352074,113.33980870320413,121.29774369975334,113.4395272413893,734.8356932994596,
1999-04-01,120.34764669788825,407.0278537317991,80.15393593669677,,89.33383551501993,,70.93782146820938,99.63341194438172,91.66942978039418,95.85821227465419,103.86593945446667,94.01539542225048,64.33471988106146,95.79809706068102,117.4720599360321,104.00103914272239,194.94462856784241,118.98827054600973,124.16108418929319,101.05234968217955,79.66321893886666,108.08023995771958,97.71079911798377,137.3695402158922,90.34839599244954,90.33122960572962,81.64165448243408,133.7718835822939,202.73486429746947,89.7550685629526,235.39704784487787,136.28966245233224,109.46959177599209,89.29321345087664,135.56793606097054,101.44108592155952,81.13838497748797,97.51251891811752,445.6494551378899,113.3621516801416,121.55171208135388,112.64880949184386,722.1790604497082,
1999-05-01,119.83518418742827,406.96884781936654,82.67671682634956,,90.49184114438283,,72.37657015463057,99.177039120039,91.76672303238863,96.27311341288332,99.60944015409545,93.7596827008961,64.61472063440374,95.59360003315345,117.49995510436678,104.57038814067351,193.86905889148727,118.73200620242383,134.81236285960208,99.94729002703671,77.77375659583878,108.93398371231822,97.71026587721067,138.1546959350763,91.3114225239946,90.99283803327455,82.45093093383447,135.4281888613772,202.62639362339425,91.54696896266046,229.09210818654677,141.01497287620174,109.72826638383563,88.80970569566847,134.67335513155305,100.38438071455431,80.9504179567925,99.36892190992478,429.69058513633945,113.65473965648458,122.44627724218358,112.3474536601522,714.3856035325482,
1999-06-01,120.39621451098594,416.07503629611085,81.95645778302571,,86.94749893751487,,72.05489503288906,96.39567022740974,91.57510102988053,97.13362003985384,97.43815921978211,93.08330051271862,65.30245689072257,94.84239499485119,117.40813585679435,104.33560991177173,194.83975813820246,118.21488845618815,145.90309111976674,101.6757493439427,78.63744618947992,111.58333638311714,97.53942219427415,136.38686201565469,88.34170741534871,90.91179918279802,83.23977932302768,135.011962839534,182.14363272980307,92.86821704535984,225.62979374557557,144.73475342309524,110.20192862840621,88.38299932181975,137.94936717808685,101.29355344149067,80.77332154547106,99.49296191330087,417.32819096698915,113.69900491047488,122.7221483698774,112.97410392435478,712.5128591778104,
1999-07-01,120.7564598083889,419.8103117655323,81.8752766466886,,85.39714061135092,,71.14094160703598,93.78562046922238,91.41631686853545,97.69629658242212,91.0426897843878,93.12355363723759,66.3134034207368,94.6577388924854,117.26936711195725,103.84741085578149,195.07122299022288,117.78408213456535,158.3875501216118,101.73662407208153,79.40043834741184,109.48421239676453,97.18618928871128,138.46391189956518,87.20750455792057,90.79818837249613,84.2338702389878,133.21663431082163,181.31504106731433,94.64250661034431,224.7552773670488,145.55806482974657,110.3182443302714,88.51769566708874,137.9530753568424,102.33469530260975,80.3388551156987,98.63014038351278,405.0811015306852,113.46972661045504,121.20628149805887,113.17083149282739,708.4359567371071,
1999-08-01,121.05631153331602,422.2994550746655,79.43990119367021,,80.77090275356906,,70.58012480029905,93.67620993636919,90.27722441700249,98.61386038002678,87.37052006874401,93.65942547121328,66.85707746020547,95.03232061714935,116.3644558152,103.1984842351419,195.61310488689762,116.31910947509702,142.07919642371195,97.83002476588943,83.86639196277518,107.66034945199878,96.11653464138888,137.9954372019018,86.61557627439358,90.30612572659349,82.79455841497926,128.15200827914637,179.8007413757336,91.08560028177732,219.25787518460686,141.02526352466415,109.11855691099272,89.40794683737536,135.4697889960981,102.83939313546952,80.94626032191354,94.89295423001893,390.1310604968176,111.48116027187471,121.79464447162553,112.23185979064101,703.5494993241816,
1999-09-01,121.2661745263055,424.2929121240196,79.65309769159212,,80.28270725782136,,71.16326343994065,91.28452170375688,89.56879602533665,99.17326680992656,83.15560030792862,93.23395276336223,67.0553471919172,94.50433431619999,115.86868329788611,102.43748737320793,196.4070534666917,116.18974726445683,126.31334405118065,96.97725646859332,89.32824622551598,106.93667038050445,95.74109309247056,138.55585020663318,85.44524934668001,89.91203902709233,81.67980069703661,124.34097474794241,179.32569594244146,88.9590070868445,218.0477417958456,137.41961536597418,108.82287264909421,88.89895406391307,136.77144354195883,103.69640341248727,80.4969963206808,89.45168200167933,376.74386582836473,110.26960991051627,123.68584196494483,111.57509640644889,695.6827735365915,
1999-10-01,121.59614287396106,427.3956074814554,79.41418461362005,,76.96610113889115,,71.11058576562802,88.67611434224577,89.01449558465309,99.28693886815213,82.90483565885461,93.72474882131716,66.786995851852,94.95059669241365,115.24870872021357,102.05366825567805,198.61610814155634,115.1920912448816,137.74417095104664,95.60871876605766,89.58736794691943,105.7302326932846,94.85847747044359,135.19348093432933,83.52740355240284,89.70287508835574,80.2628287583298,123.22892240304255,177.53076133395743,87.16460057979553,211.32512765483926,134.47265971979414,107.99952656306249,88.83815950717158,134.47631570985357,103.08015645574594,81.27362347274388,89.91579683947744,361.09794846633207,109.2258464285188,124.78154766254117,111.1981655172978,690.2275147377283,
1999-11-01,121.99805522541519,428.9950585313671,77.8102498721993,,79.27252598352716,,71.70139755505761,87.97596152050089,89.00489178225291,99.3487794443907,84.8658547179706,92.89225713877374,66.98873309241823,94.1204129769293,115.35831166033894,102.60545000034686,200.33011736367018,116.5116985088846,148.55808249786543,98.04972632320037,90.91286615211055,108.49768373097308,94.7415141693183,137.5163456831112,83.75639656931546,89.78828979434356,80.69171959253931,122.91227535968612,178.7136459875549,86.72213536371035,208.04970225640113,134.80478383370246,108.52852171969283,88.72762763309805,135.37596564698242,103.23144050838049,79.9566779531914,91.5671712301561,348.1494728444712,109.25694964365944,124.82319400262551,111.28210308749986,687.0259321608584,
1999-12-01,122.09296052733558,425.20388634791067,77.85237667388229,,83.47656467417076,,71.32655491428027,88.65598272330517,88.67282082982797,99.74442471692096,87.75976939527996,92.19250161696407,67.28299986155645,93.38011672410418,115.25631791547109,102.37547698839538,200.75376017303063,116.85637758189249,145.08918415534777,99.68101725627281,92.92160410190495,112.18469461754728,94.53610585372127,137.4696603173124,83.03770096717648,90.02232725881869,80.77058571293378,122.02615599849405,179.18839692685015,90.01748805790044,205.86209223873354,133.69720504202405,108.53536307079963,88.46816476855453,136.0594925291007,102.9148927574948,79.5746446014786,92.66418953036468,332.72757515777937,108.82488936696197,125.72055895027465,111.41661193948926,675.4251099496788,
2000-01-01,123.53227427988863,422.131497407968,80.02782528055667,,85.25588625155935,,72.60487248755602,91.57574385146712,88.86215867714436,102.31754311657575,86.19748896274932,92.23826672611249,67.50846918487366,93.35679871696388,115.09544394639151,102.50684875707381,200.82025273034674,116.63216828148765,142.6714614405453,101.59714358841809,90.33137071463939,113.00580508323512,94.55412725755804,136.3170648544132,83.52519149940682,89.67908458203084,80.3206379072582,122.49385651125402,178.8743561230261,91.53268860154559,202.58057575639307,127.08292457076205,108.60599703398552,88.55555668378659,136.23805311918633,102.77248514632467,79.17214511704299,95.0834572492566,323.2395475588976,109.13276463612343,127.60218018755229,111.12924619255612,666.5329498799343,
2000-02-01,124.48317815214472,425.2598747035198,77.90648440040208,,87.13239016045942,,72.75178042827463,93.9000993402953,90.21171763400952,102.63815336700341,85.67393062860764,91.70644242206322,67.88568959673866,92.85086976610656,116.13897127443622,101.58119809851296,203.53863479994612,118.26703058011314,142.07777580316815,104.65766212693704,87.44402648102405,114.67970282666712,96.07399821024116,137.787375862323,81.5017588122467,89.31222327448573,82.02125089828832,123.74311788905065,181.3383385717399,92.9767523499034,203.83420953805853,127.82452501996733,110.38555985887896,88.27881504453656,134.57200497884045,103.22805203515443,78.88040158169137,95.63435939744544,319.64967484502375,111.34703942198941,127.27798463792477,112.49531695535977,663.2984262461028,
2000-03-01,120.86137795395611,423.01217660875386,75.39914546476824,,89.92621738428123,,72.28716382144711,95.28292374313922,89.9483017448716,102.75175669969097,85.54671232938188,91.1209252897336,67.66192280220534,92.19523068799988,116.12267279495654,100.60931288004645,204.42344638573212,118.93320694188017,141.10072988660912,106.79716125593592,90.31761280239797,115.99336869564007,96.0517151616473,139.81949041014826,82.04274480199817,88.4488265522829,82.35434769991924,122.52519296317372,182.0800038108458,95.6017478501946,201.37105905111753,130.49539465094404,110.45846682852766,87.64096790114803,132.277050635503,104.12842261805524,78.49994019797852,95.1050900294323,313.9057030493205,111.06447798653569,127.07990152184689,112.50552805920819,656.0337389099611,
2000-04-01,119.51703543172563,427.0032186922568,73.88136623545367,,89.35931911697034,,72.00676390016366,94.9008306316071,90.08500050843503,103.46035496149423,84.5752150893348,90.57339268321775,66.21219676730993,91.56449473086201,116.14720732649965,99.70518128749671,205.7196232477947,119.35533748329735,135.7977021251089,106.47680943292097,91.41980905208071,116.89410572651096,96.12209498253041,138.5628744117488,83.53386384303445,87.19272821816193,81.78221534962765,121.84098012385915,182.90712830126486,93.82021271119744,199.0626764509534,131.5131280234476,110.81268150024613,88.31584110944655,129.92257869132132,105.08922624917207,79.54756910791882,95.0280122086888,309.11355349052326,111.28636614873639,128.91414125853117,113.06188221660656,653.17196070468,
2000-05-01,120.22134735626828,438.771070916049,73.11215200600112,,88.06830986400612,,70.98363687262888,94.17241037046095,91.64030830693062,102.55980356281884,82.9975650969692,89.9463000578546,65.54116718603547,91.06447119040287,117.44149617297397,98.80742888753863,206.13055545805196,120.8374964368964,128.46904722242266,106.54349807716179,90.42838078198969,117.77567542682654,97.82631934576193,137.4272849400465,80.707163551849,86.16882357624108,82.66106437115614,121.77080422420057,186.47594461118763,91.69855783882069,200.1442849901303,137.49865201500947,113.19835944967991,89.12174020732607,125.97302641541224,104.77289826315395,79.81176196815562,94.32725199647666,307.8645349705001,113.89130290022484,126.54389768812632,115.67740816686016,654.3202392330843,
2000-06-01,119.73762230053507,432.4729383623113,74.38681745703092,152.3462620068761,87.5758112385268,119.42331900117382,71.65162135553527,91.58667656659347,90.65467766316532,102.34688750377316,79.67747709431751,91.21139338627671,67.14614044979471,92.1280708420649,116.57048785832693,99.51247757052248,201.14604496733142,116.74184920205583,122.69335239381735,105.2518070297388,91.60476569123503,116.70667531472733,96.93226181815133,132.5105828643934,79.81595701094166,87.05669196055439,82.08781246699142,118.19329841383399,183.47291821249948,90.34739060890263,187.4305565175196,133.77278671271202,111.67580540377988,88.3900749294054,125.48676894272867,105.249707663087,80.64544052679864,92.77603618917378,299.7996985349277,112.54543939881978,122.93154177346837,114.60373543121388,650.9879764379432,158.06316552094296
2000-07-01,119.75978872470851,433.56071036035974,74.23989553626598,155.08213610015102,88.52435076257727,117.40525044563273,71.63793397735344,89.5199171670984,91.28112684548083,101.88832026937776,78.33550187234695,90.92193100765378,67.62964078797349,91.9790659121139,117.01878570744076,99.0066259469502,197.34089924607176,116.95838671212529,116.11750368459279,106.23435844560554,90.5430880668376,117.77345856614538,97.76453059395097,138.2418297434082,78.75669260298365,87.63853929857297,82.43694765180119,114.19172871438631,184.39810454676427,92.76827686472666,183.90006633673352,136.52277331731344,112.39764650312438,88.76160374444342,127.08824251927915,103.70067634189388,80.99682046856049,90.74943570673058,295.97840565916187,113.61699030828467,123.82608241671424,114.70917775227507,647.5013761402499,161.5507664733266
2000-08-01,119.75226142454318,439.13871578138634,73.77925804272634,154.39583614465923,89.29780712625912,117.93022458272222,71.55126557047792,88.83513954757763,91.81542394376422,101.44488773166825,77.98369855063152,89.94729812651305,67.67628965215289,91.15559645545346,117.51095168365934,97.9069389470841,197.48022836944804,115.80808314902127,126.91351008000704,109.22320218658265,90.7926295967267,118.32058992475308,98.07739112004803,140.92970708546028,76.76495874012178,87.45778803825294,83.2892906900592,113.54753259670356,186.07668624391727,94.57724308664326,182.64006817144352,140.38769884804486,113.41403034598336,89.81104689660522,127.7899879116118,102.67721503149119,80.11715308489363,89.76800227243758,294.79000794719366,114.69676910425328,125.3418606179352,115.45910098390273,648.167221097251,159.9456834628403
2000-09-01,119.9260729162857,446.5025635188842,71.14569375518086,147.7098741168189,89.05878088511108,119.97585288959793,71.65306689349536,87.2707646304957,92.3761296678693,101.12642773970128,77.67422990151773,89.26255833078211,67.23784086533642,90.57603088008224,118.21012736016556,96.73919051868371,195.3907059187373,117.09087070685871,125.082667139256,111.44856005176244,92.92801396220557,118.97719609565864,98.88458880533513,140.22863390773938,73.3068500677306,87.5879039697254,83.97008017930304,112.04850532409667,188.41751162139263,94.71609710762941,178.8492650183415,143.76636072815364,114.53897126857623,89.68309154417494,126.63233589561771,101.55777825593488,80.48089395481631,88.13188848494457,293.99709489564543,115.7462991189123,123.64806756434221,116.59544122925935,651.5627102467689,161.82349291371133
2000-10-01,120.9786978492665,452.82727069849545,68.7683915291319,148.76192114605408,87.88149383451123,122.34489421046923,70.51362851471794,87.6991087333726,93.44811381397832,99.06695834057213,79.52208373147583,88.76437878126136,67.50149788197122,90.45306861549648,119.00613912056417,96.1956819555774,193.1105104766412,116.93270094080846,122.13667558440453,110.80985212588483,92.42328241836056,118.86087148522697,99.97620749168549,137.81380867785654,71.61574642238739,87.34701551758012,84.04329134602875,107.02588537434954,186.29094279238757,93.19692544269122,175.03347887449382,145.36316341331928,115.84555361357285,90.19780327156603,122.66169060148842,99.61425456701315,81.02533004703962,86.23835810146173,291.7469002989694,117.33312701204046,127.02213305022214,118.37348505016661,651.7640039596504,162.358509596679
2000-11-01,122.5660698924615,458.6289842179154,68.42114561373474,150.7606061367401,85.01063489516117,123.15700666755687,69.16324782862885,87.02077874916787,94.04655335104844,97.22318356299932,81.26015824045342,89.05744101632388,68.7699005821062,90.6827195064696,119.41240267017663,95.85124289412148,188.78472949322384,116.34181585707006,117.44275497526391,110.81894965494942,92.59537593797201,116.49445813717317,100.55919315701138,138.41693925090865,71.8767521844111,87.9597565830657,83.55749966670308,104.47605002956549,174.15452023869994,94.96911316149105,171.4404952183687,145.76544961840136,116.62493700479648,91.11942382000267,119.98418550884193,98.66306826467356,80.77572969766192,85.76384351738406,289.41016838313834,118.39817460734878,124.99603224159874,119.35850315943387,650.1318511500848,162.95836665461144
2000-12-01,123.2410110237788,455.1527364998432,71.24995837463321,147.41378802132238,83.17655602008024,121.07175728819328,69.82984249622933,86.44326421336248,94.33373267176673,95.31600117657287,78.71197421239154,90.24152650137457,68.77942965407608,91.66845416852766,119.25507703650243,96.58651267830736,186.0415019165918,114.85014019962749,116.08960776294055,109.40385133420207,89.45367463926253,110.72435101772797,100.4476881185178,138.9035758574697,76.19486162118973,87.69857644654132,82.95808509662874,104.33005091381837,168.1904505501556,96.64586494673509,162.66788510248048,140.30188389874743,116.29397547134914,91.68329533816039,118.29404619229796,99.66947580135742,82.34550307030824,86.66256826106124,284.05223349722763,118.66155115608612,124.60689963073148,118.49360903140578,645.1430908965541,159.42418625177237
2001-01-01,123.18758955609297,450.4162589373111,72.48367602568283,145.54159755865547,82.72910232892835,119.86901494936961,70.81930273633974,86.62444582804595,94.76685237319033,96.52968921030404,76.33104625026095,91.63254768238069,68.74285752227402,93.02268174763913,119.19065721873933,97.75707190743047,184.10034766838385,114.31399376856236,116.13578951585009,106.5368337656233,85.45072871575367,105.56749893483013,100.64642779989907,134.26989830758694,78.64630866021642,88.27720060518067,82.2794903924557,103.0216223578265,163.96239017392853,98.2697832177764,153.6615988022129,134.90693645269002,116.31952670080669,91.70565196078437,114.58748134898113,98.4008305027264,82.74879629273619,87.1194370333065,280.00696070604675,119.44186599703588,122.73776380621095,118.35611356790416,642.496879243872,158.703173199294
2001-02-01,123.452951847862,455.1327766494053,69.9558420726806,148.19357150667832,81.30876558049151,121.30519855054027,69.9699169635616,88.18890339836949,94.8576064470071,97.5915983164799,76.5411934665186,91.41445748933052,69.52057534063168,92.81401918162344,119.30229340382432,97.1527898609392,184.65935332445875,115.2052328092723,114.28226320287042,107.62255709725584,86.09313646958515,107.68900007081568,100.77482264076995,135.295404321794,77.79221987929836,88.27682970642978,82.44957738250197,108.4878304995226,163.55284182423736,100.34412242535782,153.39855547429943,135.97526203936513,116.80249749051963,91.5313185062957,115.14629333239768,97.3378739706641,82.11811823871761,88.33245743398716,243.67607229725675,119.79175760546869,122.30272232499644,118.93633639829694,641.8287634773548,160.50530260190527
2001-03-01,125.34638400746749,464.88374146142314,67.03974938125162,149.71002377020713,78.76625137215015,122.41948981151447,68.53768092157698,85.4797711010984,96.54361802167175,96.7600420303416,75.8491628718118,91.50094998002665,69.49794497063027,92.82884551342356,120.45365705330921,96.79713713175971,183.53965399179373,116.35898153978106,110.03118450018728,107.97042418705169,83.29108076496438,106.04056395284232,102.61237474375619,137.2899354611811,76.6913515779322,88.92132171833823,83.55776900469762,109.48075837428988,163.75576689993935,102.24447539619779,153.81984918602126,138.06974150067387,119.00254859135518,91.57441518770364,115.72148759719765,95.73388027883595,82.19320792527095,87.20105918010249,197.9030974301857,122.60229375476321,123.36977615862814,120.85160055953213,644.0841829424371,163.26913194224218
2001-04-01,127.38922194175031,475.08685471615325,67.61023439665979,152.70848171206035,75.77343347750774,125.39172035281277,68.6219592040413,84.72040968742728,97.80231840505633,95.80450412176543,74.83365767326534,91.3229861756442,69.31515431843694,92.4518173575164,121.39987846110061,96.34415397080794,174.65034774937348,117.42296381605138,102.26517317559734,109.15848637183542,82.55750372691438,104.28381712433917,104.16527394324355,141.59747228286324,75.23792391393886,88.95203640877077,83.34911658672316,107.02089494832403,164.16060959019973,104.93102687444397,154.42823655545413,140.0204624888416,120.96096090121495,91.04014801335857,114.33622301283874,95.60217448270724,82.36780562905773,85.32225786045431,160.0313933661331,124.8209772390094,124.40903325164871,121.6916781557738,644.4817973899605,168.40873722988766
2001-05-01,125.93704553660127,482.93477511499435,70.18642443503231,151.6578814644576,73.11391559860073,123.8731664635702,69.40108160074232,84.16359076778332,97.67367258448344,94.85704023023075,74.28639250083022,90.63358819513678,69.3342992458917,91.82461462011563,121.41821551165522,99.0668892279635,163.56825255393647,117.37311132945875,100.73993479198724,110.7574827334635,83.97844349655192,106.63737929793389,104.07050933469348,144.730411356303,77.46465331448317,89.56950008555185,82.76035797064596,106.57195304281501,163.35368328900307,107.5757467904076,152.74095650292327,140.45557888016234,120.83220166858956,91.06218195889095,116.71569335566825,95.33466265834936,81.54572646094655,85.21201397065103,173.41054051518913,124.59029983134269,124.87652921850585,121.32414975380439,643.4147358709905,165.33240648970485
2001-06-01,126.16269612883787,492.04759065231184,70.46458498063788,144.7223206327259,71.04263865948927,125.40769771094395,70.25503041840841,83.18219926085052,98.3873863012825,91.96077063261252,76.06485366215192,90.14525826426024,69.85418909068899,91.65805361634095,122.02919966161782,102.95652281639056,160.27814002925535,118.32135753221395,100.93797593086333,111.54071783874761,84.22897377846172,107.4863495574957,104.71133581656906,145.80912607176398,76.5661974751877,89.80427935557913,84.9693287515769,104.97195938100425,159.46217586246553,110.11531766240705,153.45188667432802,142.31586277627602,121.74832490621273,91.49213646391611,116.9623380724981,93.18010658057105,81.70918413094991,86.2390292076972,165.10912486340013,125.71085818181591,124.76930336755191,121.86993464758761,643.7638492533555,166.8333787847441
2001-07-01,126.98908230501273,498.7859460983681,69.53845190457409,145.10104392472968,68.66391402573882,126.5463514298855,70.15344627491744,78.17428458372464,98.8242889991789,90.6770685777934,76.17451549791724,90.56043548827904,70.34022444943135,92.13142413846695,122.2647833081419,102.67786933344665,163.60089019312767,117.87583886485305,105.6006672756332,110.4117946435321,82.70910921020483,107.21519014203594,105.17991160357134,144.89286804803595,75.84471014307563,89.71866967075714,85.90376840536273,102.04388689573685,159.11568192783884,103.38479785450203,151.16505094372096,142.06151563705157,122.14707595116899,91.17580514999253,114.68291656773495,93.1074185299304,82.55164781843706,85.9609087195466,150.61537601683216,126.39686251523648,125.58070375417162,122.26766407345009,640.4123675580518,165.9334088399182
2001-08-01,127.4625649623526,495.732688906274,69.90544285951096,141.95954139673742,66.50594964139222,123.66111672244891,69.37876581148006,75.05666415842998,97.06726859713577,91.11551741999556,76.07510947261761,91.76097272039264,70.58262131027637,93.12195120161357,120.86065349187429,102.89538892582762,164.63526502568152,115.5386860100843,125.70241156567579,107.34508151058097,83.46971374419792,106.93943496876616,102.80050239593434,144.84982691687108,78.29221553841413,90.04377105565106,85.1946953697674,103.06512835902409,154.78740325490776,98.6618682851764,144.32591773883303,137.8456855680165,119.94040824110243,91.75130086696304,110.43273934210174,93.9628747947213,83.55802233850743,85.52927692988281,138.23992485638274,123.67961206249953,123.90657344659233,120.56454888727129,628.8727076053275,160.20014866214635
2001-09-01,128.20596442774212,503.48390992358765,67.17113192280341,141.45581634755004,62.50715036848664,123.07951721166539,68.12288897378045,74.25745769713444,96.6956126952655,91.21127476551705,74.86462149380124,92.05173467746712,70.469943985654,93.6406334428439,120.46416104848412,101.12258538803962,160.61121615595522,113.98608458635886,120.61209043435058,104.35154397835564,85.44168828117027,105.6669042581579,102.26452842667615,140.47695245027222,76.35863651656521,91.22813988610112,85.2379663387136,103.69347552458204,154.41075430077254,98.37306982256227,141.50898787251177,136.72333501390548,119.6792742535108,92.29934367224914,105.38231283868109,90.60410277742457,85.12757310657409,86.16922468630635,130.0514238624278,122.90876198263227,125.38489059943485,121.07851691610254,621.4223110299249,158.78147640036252
2001-10-01,129.2024567734678,510.4051573797067,67.82060277795492,139.05999643079835,61.14790099465341,118.21582334670325,67.973042522516,71.74501054326427,97.52768739357126,91.2951074589823,75.27418243016277,92.02966693447598,71.61456224470652,93.51129002382042,121.06462435514251,101.33025633759394,157.55402531131475,114.02998229387356,112.39223661158115,105.28391866507133,84.18734983519893,105.95718056818886,103.63952599308514,141.61350798134268,76.08873669490286,91.09091238699864,86.38983347517035,103.67746146824703,159.37353893147286,100.88277860369712,140.1176000933219,137.04356478653023,120.9096303485441,90.22394798770651,98.81046506369982,91.4935087349841,85.85627347989107,86.35108507523402,120.19361827798518,124.31523960317963,125.17802107378628,121.76662404484031,623.4834736441662,153.45853178020266
2001-11-01,128.39321805371696,502.0346494973902,69.9247488735334,141.6444413391839,66.10634865227998,119.91391102635214,67.06978077779385,73.5336308856322,97.88968107900877,91.45124871526608,75.5461321401744,91.36051631601553,71.8591806508924,92.75320908089279,121.42136101213588,102.39283138434266,152.37135167910114,114.86340360179979,107.63930551464638,107.95899901221928,83.65644297565628,108.0843986558548,104.21019066763897,143.80263975656732,76.3644326984767,91.27891417258822,86.76068651827788,103.71108457815072,163.04704702672254,103.4877774656283,139.40418315348057,136.97789339524672,121.24684194555735,89.80213283943556,94.92912258477106,92.36033490304484,86.06740330715141,87.51096802700586,128.90755306864256,124.90178965380878,125.27146316657576,122.3051585890509,620.9437465243592,155.68701091583475
2001-12-01,127.40450179441993,490.20058315256233,69.97968122286623,146.4380570659647,71.37836967935894,124.14136136837892,67.81189678919975,75.47115102204401,98.55587999996277,91.04035962123511,75.47669234381745,91.45284113552557,73.58173203264869,93.02375061582893,121.80429524243277,104.25246864696096,156.03860370387267,115.66455448316191,111.61382199376003,107.22547012108234,80.47594305045214,108.14813039746439,104.79436945832626,144.77181136406912,76.61575605457874,90.67474733264311,86.47374516044538,104.75217908850583,164.92841303489087,104.92967292472115,137.46811224290528,134.79034878455053,121.98874193312615,89.5968920952034,79.47254037818429,92.36196745905748,85.72129707182125,89.12562744282411,134.59408757944436,126.0221762570084,125.50911548838366,122.2228839004296,611.2920331311157,161.79926636008585
2002-01-01,127.58845679892097,493.29112415844367,71.04030752611023,146.80534770743375,71.63672886372977,125.07418393325554,67.00341154882223,76.20700114817639,99.8640499961651,90.0466872401724,76.77692800656389,91.23259266979088,74.5785461153991,92.78612563670178,122.62892193901511,105.65529593715456,160.85161314706497,115.46942251998857,111.68780450218713,101.35562998525309,77.4279542728099,106.783843959979,105.93261661404428,145.11901521952933,78.70703499991399,91.14447170959323,86.27028802644497,106.88408296818727,166.23586337351122,104.60220295774576,136.1763362399976,133.8358016942487,123.26888801629885,90.29974578315655,80.40983964783291,94.20896956082476,85.65654755823454,90.04944690935686,144.48163695024948,128.11668447935614,125.94148804763803,123.70293640788432,605.8420650729012,163.27735166224426
2002-02-01,127.16442576352749,240.34866184392308,70.78887662695385,147.97361573200183,77.71666348707487,124.94197124418258,67.28448968186972,81.83439691495126,100.23760635851752,89.92967164943434,78.6460732819721,90.90152297858877,75.12564176497739,92.43692176215576,122.91527971977048,105.50115176818728,164.2033927650349,115.82332873890235,113.9304797205121,99.3401725614139,77.00958502590379,106.74654689902378,106.1728179580395,146.44802824236237,78.0956970267885,92.29858492747198,88.6909594860347,107.44570973861805,168.9252213928147,102.87254400013661,137.19499198143325,134.1359415372703,123.71069941322274,90.8486920599044,82.319860217795,94.205343835486,85.17030268758528,90.78538039086105,146.89352166613952,128.87023767749247,126.27482034478328,124.2624984904007,519.6083389292787,163.98656611746628
2002-03-01,125.7732832137487,197.51135990224577,71.85138506396855,148.94790244934038,81.85747786291407,125.00305485062006,67.5419400090131,84.96392880017432,99.58384534222637,90.07665824640993,78.88353195098541,90.94903656776589,76.02841983221875,92.26645238807181,122.5137704274326,105.03143360072467,164.6203949924465,115.3011929867193,116.80402288062315,98.60248330710806,78.25779711298875,105.83207269424307,105.4911829737881,146.78425982235547,79.80066549228088,93.09687675140256,89.23221731401892,107.33438180797394,168.46519702723015,103.45687481076378,134.24791622628928,132.35222271529346,123.03805035918165,90.34772168089863,81.66200486977145,95.5044601058226,85.78955422976003,91.07847375806483,146.11394086585472,127.95940875719492,125.50591291066418,123.4858257815034,505.03977412093406,163.36158585400608
2002-04-01,123.22113501183338,163.6703330795636,72.90893123341536,147.29482143205837,84.24806383741584,124.78766014596872,67.73148225121638,87.87971299262234,99.12513351221965,90.34881702031163,78.88594635265514,91.0376465501123,78.76624020714522,92.36106335377708,122.18662794200424,106.23690874326401,168.16437225355946,114.26436813307959,121.63905571612376,95.15004084329436,78.05664416571564,106.05420400823773,105.04280759432021,145.18370786810044,81.10273211852734,94.49051088300048,89.4330869395064,107.20931007578507,167.6158583878692,104.28095864451079,131.3024022622093,130.5833719602352,122.39475984636476,89.80412049545714,84.51028139518925,94.73484517812439,86.0940772849853,90.60956050148063,149.59434200795008,127.3550180879556,126.21828962759916,122.96086641254873,534.1367667343679,161.30148646949058
2002-05-01,121.53783751215784,146.37684089059334,73.37263353493367,146.1431880097001,79.21122512468702,123.03285933626672,68.88273673876878,88.20700762907146,97.29059301022575,91.55893657650306,78.08270497365113,91.90718043190446,78.66759055286829,92.95116200041613,120.84654696838066,106.33711733804279,173.5089788837136,112.20381822426182,124.29761367052639,91.89087624018572,79.77188430915983,109.58302010015584,103.17286065027686,139.38028222360882,82.8775863694234,96.69635385677043,89.28984055212737,107.8062474389051,165.23198222744705,101.61871474295279,126.82688034314786,127.6950713224325,120.22309561376237,89.68541576153712,90.75110509485722,94.64392708187422,87.4040381889199,90.33078496041217,137.72795085560497,124.50212389711956,124.58344458835737,121.61744362075366,472.52106217935426,158.04093105926108
2002-06-01,119.55327042632007,136.51369140498429,74.46657886126093,143.40210897696187,72.49889163626617,121.49822010729889,69.47241269781738,86.2693614801738,95.74886176432548,92.80403155901254,77.77752070360063,93.00098576218026,79.85672322876705,93.50862760429128,119.67568444161397,107.78927306395822,173.36619070631906,110.62103303532136,127.81833987401812,89.58340723637664,80.84586056211732,111.89240760371044,101.59786338890248,135.33176579769395,86.14089502576348,99.18350068500513,89.18420158559599,104.97313282196805,162.9639531481855,98.70084472235551,123.71151471799888,124.08160232507032,118.66366371990449,89.22282596008202,88.52809330953589,96.79911375157715,87.51739078957418,90.30423082799435,122.47915973779895,122.16642260826598,123.21027659175796,120.58799582484892,384.93020088196937,154.36338215303192
2002-07-01,117.07831234705921,139.2872192035133,71.22279613534201,141.95580212430673,66.39119632669015,121.55955199557002,68.52301728072885,82.81694991411416,94.0384620169222,94.43183400625986,73.4864128874102,93.74348095808922,81.95144684238905,94.15619646092166,118.31070829067055,106.74619478746175,175.39178952950076,109.23283420533569,121.69648953357131,92.04565502166605,83.78425097732197,113.99744782255783,99.86649306000494,134.818895371877,83.8462430007104,99.9208869937779,87.63387468755262,102.74374294867843,161.19383932735022,93.41807676204908,121.8690790820321,120.89326715587407,116.80554302603015,89.69264838832328,87.14321561887222,95.96559957147254,88.8197381268943,90.64253207025638,110.0564635322621,119.20764686025163,125.87174668432013,119.17727268781458,354.73377767623003,152.20384413786857
2002-08-01,118.62217802259651,143.59653715323887,70.33261164261127,140.08261189754353,62.60165615895479,119.92515688814112,67.59698987111695,83.10351539311354,94.75857287438957,92.82585255227818,70.40082016094411,93.53415855594842,78.94582227761059,93.99580139390096,118.8819273556214,107.15121375854386,176.34470450100827,110.58301073574548,123.41945732433805,93.62376250792217,83.7412946761375,113.26528910828473,100.51899271296176,134.43342289532623,81.76598080168073,99.33285745420659,87.85038913674057,101.07062419867631,163.27131128093134,93.43545510006304,123.04627122668109,122.09305716876682,117.64416805257167,90.1596426007876,83.85992841464797,95.97520460454247,88.50569929634527,89.19778131404456,112.79286387561827,120.2638886975011,125.91130501568995,120.55895029107697,342.04135456783877,150.24416301417895
2002-09-01,119.53874007219892,145.48091999920288,71.2097521176767,141.04962762566842,58.91531838460008,121.68512386735746,67.4105853161485,81.08867025743236,95.20979211870284,91.25146101948795,68.29473794366851,93.56898059030175,80.49862397642994,93.83499126605605,119.17116401364298,107.81799047743439,172.94503607015693,110.99906476074734,123.61723231505644,91.68814225159224,82.70802411111445,112.54422626514146,100.9883369362426,131.50658982490023,82.9203519117983,100.09837403940377,87.55108448734461,100.93524219947629,163.91906914643226,93.69027172328693,122.66654386359829,121.65970363841268,118.10296010848671,89.91377533588742,83.85945271449056,96.83081144082439,88.55237832670079,88.18703574379123,111.68526734276674,120.907522937165,127.32439433083852,121.46813522954638,325.92756609706197,152.85108738393157
2002-10-01,120.06506566796666,150.73424765871343,72.09845656769295,141.83692786330005,51.68011679370509,122.32620137619831,67.31619802163556,80.60483886480085,96.11423450771382,90.23174851920223,66.86278351207133,93.7565678587819,79.24662200035125,93.7691246779936,119.74084059389784,108.12136941950361,172.6543541374951,111.54022956746866,122.30985466600062,91.33184245134896,80.94588410422132,110.690808545673,101.89502390081033,131.544586993944,85.18295618175402,100.39878729579625,88.57305809740417,100.27497652393056,164.63597328874891,94.43841432523986,122.3892085663056,121.71127127125705,119.10856267715171,89.6478492446534,86.70715365985025,97.6651423495518,88.75264652801994,87.26682506204264,111.44427773912977,122.35997976360234,127.67581810097934,122.39867012849548,333.1295126767333,154.26157440002717
2002-11-01,117.95918611400656,151.60855721166587,72.63514962095245,140.56287368365093,54.06173079626079,121.60524397300236,67.4478367391081,82.94383569328541,95.0721527110866,90.87794406448913,68.30589018975931,94.05347963254516,79.08698742008285,94.0053353537022,119.03216832172572,110.88075143634792,173.19580807914795,110.48695775423025,121.96520748374728,92.43486907406128,81.99172920026108,112.43680327846806,100.87689172871679,129.94753355049062,86.87563340322868,101.1321616719683,87.92663791058091,98.6285737165984,164.3744167986671,96.77429514170596,118.90828836642223,119.06950929001378,117.70267536179304,90.00000709240243,91.42934370391805,98.24745040676646,88.9360541483039,87.03010700552265,113.49812851065543,120.68699989955776,126.81364234663486,121.18990013138229,349.85209176367033,152.27204484069125
2002-12-01,116.33384660276118,152.40715522623978,72.55792670151334,140.29970241354178,52.93195781273471,121.68608140937272,67.93473600681804,83.5799843860164,94.86657764245928,90.47951122034006,65.94536787453966,94.47915936298479,78.16016979974633,94.3325057050644,118.84683400653348,112.37886166187837,176.39914369961247,109.92459496341189,123.64872682498,91.59866295162664,81.3739296028785,112.38331891156692,100.55796220096353,129.4872241485629,88.92692014971357,101.91878845158442,89.3630224496979,98.09019706033332,163.95997342065266,96.4193865712657,117.03026093750695,117.64938293580865,117.24306201069304,90.27798709016352,97.90967122124006,98.53263880333661,89.3149806285622,86.77881340922647,113.40703341853691,120.35309284265507,126.48946617180205,120.64192665006664,357.7649289511918,152.19051193124986
2003-01-01,113.09499188858206,160.3090405694829,73.74799514814167,137.32289277348272,55.03519482105948,119.96871029203162,68.49149338329613,79.61015153794749,93.36954982169077,91.13170087852401,64.99440777664613,95.52053008174448,77.9665242132201,95.1251931929849,117.72116015470499,111.43190554752536,179.87268718653456,108.49175802934208,122.10078293857917,87.16051262783245,82.75121339953256,113.68787372026885,99.16016317451947,124.2112845353113,92.34795549742769,102.60972248314444,89.73474617432954,96.62108892996412,162.33387559682137,95.24123190511095,114.10500997809024,114.62372526035671,115.54879623194859,90.15969821829513,98.38743812649217,98.79163196940954,90.65193985696007,86.64512060056389,105.50606636307049,117.92475511087564,125.36350277592328,119.64463913325491,275.28673349686386,148.59528990488786
2003-02-01,111.86435961840479,167.54596173693022,75.13631557091713,136.20059440590916,52.42157395772008,119.82161580091939,69.78950612945421,77.10017277489509,93.39801208452258,90.69806501290242,63.88979710631353,96.11622821170448,77.92374386769121,95.71217953380129,117.71868279627849,109.70865009779295,182.94185087027105,108.46465451371701,122.10476145192935,86.20291333948923,82.24762926306822,112.36339238131423,99.22667670493843,120.60212846235842,94.1709712953816,100.26546933791094,90.15828011803418,95.72475257295038,162.3965235869875,93.4294528451957,115.08329425143671,114.44724884407177,115.46505018683004,89.58203598580037,102.70706068534065,99.90950266391253,90.80773935290047,86.4092918561842,106.45867914961342,117.90404245136543,123.6696114981294,119.55115764853616,286.40409608985743,148.10573238128976
2003-03-01,111.39896582857345,170.29308570369764,76.12519252094665,136.21665995073263,54.155366074022126,119.97234819633672,71.61886013984336,76.8820903566417,93.46600490209286,90.82902943450371,63.45066528584451,96.45727629515576,77.91906201221767,96.41289369393138,117.82026121487657,109.79526133282806,182.62026524535813,108.5944079955399,121.81816922666843,87.76895291365791,82.90545472657318,108.07053562053915,99.30984538226684,120.65993931155401,94.08959355395939,96.83175397713623,90.10169389535903,95.12950374573845,163.06478438048742,89.9540485352858,114.03555946286889,115.48440627164702,115.61925490358291,89.16677697634468,105.79894923853708,99.654302117141,90.84320168401804,86.6224164916106,104.24249955025479,118.13698239826095,121.56717328536007,118.84515376163449,294.7465708404119,148.1730151190356
2003-04-01,110.37125589537055,174.8111783299946,77.10362581883888,135.01567256332402,59.39763794459378,117.474732423628,72.28847893231887,78.3433032525789,93.48517195740587,90.5531007097926,63.82366082697859,96.56305480962133,78.28542488393558,96.49605367172279,117.93265565654805,109.93262348568038,184.57748403451765,108.89819329112755,123.68860994570537,90.75835096810671,81.78908236672643,108.29603930536518,99.55059015812716,124.26613320756097,93.30758252851736,97.12215122102097,89.78669342461255,98.56435855570602,163.1500061568395,90.793155167062,111.58496911242923,115.95279389425335,115.44297412283893,87.89216268184393,110.69449651147715,100.53113385208252,89.27776330521392,86.46337061893176,106.56592395892304,118.29184731342215,120.46813520495807,117.93303439777267,292.3816358198552,146.2662163916258
2003-05-01,105.20948149203066,172.87128225327268,80.18295755488288,132.4601552997486,61.283231915213854,118.64951378770692,75.90082988497674,77.78211865590976,91.50081452332012,90.84841363623492,64.29871866415422,98.00027194829408,79.59426777630301,97.68002127379529,116.42998069428114,111.22713959206637,185.88502094694368,106.68340044974308,126.67040779651822,90.70521499362214,82.17484850251358,109.25898810343233,97.46802580440709,127.50399025148475,94.67243964192649,98.12613171564897,87.30393860570592,97.13953690563805,159.64380595521482,90.98068311502115,109.44177412495111,111.41319652624189,113.10915155975536,88.37871285480328,106.64011462879084,102.0726867198797,89.49608874059128,86.22386199131076,111.95793335455164,115.03459371243106,118.74943269531019,113.72951362777015,287.36060336264995,145.43717220383905
2003-06-01,104.42840209550894,173.09534951726977,81.94827524167052,132.78031211410934,62.63705503724126,117.98166379108554,77.50841599026465,76.88607120761323,91.28330223863279,91.10992944628032,64.93727535575307,98.12057352889101,79.7320994335917,97.85280339664465,116.2950708169012,104.7543966028454,182.20542816109,107.140338553269,129.31823039406618,92.18242762521098,81.10393993365993,109.6329726615469,97.3016361868925,124.38200981928237,94.729290697559,94.4250247616837,87.17952254125136,95.48785807505129,158.97658239230788,89.01679338862863,108.31132283891903,112.58133618058946,112.83756707921695,87.9036628765804,103.06323684784175,102.84746716508349,88.04893124944788,87.16478224486004,115.88976944548514,114.73631007377585,120.96086550821066,113.27657852889257,286.54527877666675,152.67876363221325
2003-07-01,107.97919320753356,174.73729736023515,82.04035563056205,133.94565096540992,63.34954837969086,119.93641016632704,76.23132901192925,78.21085092673614,91.6747612506406,91.66224815885981,64.57009606272464,97.631872355371,78.34764480942994,97.56730510504164,116.7145760713399,103.2431458977853,178.5515258490147,109.13966086898772,128.2295664701693,93.36175506352278,81.24983745275553,111.47922822725751,97.83970537714865,125.26973900741697,96.24502489570365,92.63708257752833,88.00214707773497,95.25026953730534,159.95836483398807,88.6666976791407,110.38868049624489,115.0165805282122,113.03778083189522,87.32969494674992,109.23391725014406,101.68487610686947,87.1555992768104,87.42591661158508,119.63650307416079,115.34302524977727,120.17750981055445,114.33767373837563,287.8288840243028,145.88680309078973
2003-08-01,110.00063728145888,170.18532818585513,81.1291153649366,132.4189282476955,61.45096990232295,117.69530444569492,75.45022892155131,79.16113135339582,92.12055462008212,91.85653393755115,65.01915117812015,97.20146601428924,77.074691107184,97.29267641565947,117.08748933231239,104.49165936105567,175.31984366252652,110.74680683726574,126.11920816738744,92.50818875706527,81.61771727394036,112.28277943373061,98.21908215490994,121.8577902807439,96.3772831681794,92.70683115606462,88.74806759738564,93.4051143751108,160.91691658282576,89.75441015972703,109.86812205982292,116.67019055443966,113.38285822017443,87.86314683692287,112.88843988540079,100.62221494694927,87.1823018292754,88.15052748106856,121.33772298132112,115.9342180151332,119.53373220719482,115.83411942491159,289.8851385787435,143.26782036548315
2003-09-01,108.97938722605558,167.5208736726277,81.55517871832171,132.27956611353963,62.84260222077735,118.2802674231954,77.06142297999932,81.88901855380382,91.11608780105519,92.79580457561761,65.3670909297187,97.18752481586411,76.97828863038707,97.0911684398244,116.60332762464189,106.2543277921446,175.2022538644987,110.28646266310997,125.45963330716849,91.74241998876738,83.9712730861049,112.63020484743306,97.28240525551576,119.96091692532174,95.56371249662772,93.14104750455165,88.0645223610332,92.46979666458014,159.94159087084384,87.89433637932949,107.69111192969359,114.99531763305228,112.27278614990126,87.45539677475026,113.03459173589874,102.43789195199014,86.74639913573479,89.79520473307664,122.95992243196415,114.27866528285986,119.89913551978515,114.64498812931862,288.5712563828462,143.03774806068353
2003-10-01,107.59444850230221,167.4458864196709,83.82103442807508,130.7241084206701,62.974350000752366,117.10750825287516,79.12360417981394,84.10548956292345,89.41008755048516,93.0745683845664,63.97870772318422,97.93280893361033,78.30512390841045,97.51112630674857,116.00733865155286,106.87468745481104,175.76015189850241,109.06482665229107,123.19032432455698,90.17221296139871,87.21541429730163,110.56552385295662,95.59410849668761,116.78013143534078,95.96992928488841,93.29845778375643,86.65877211981694,90.95441086224729,157.84472529619038,85.76890574324358,106.1419213029316,113.55303359818743,110.4557523813785,86.78945836490402,115.4823864644368,103.92326063727752,87.3777779603149,89.75273179582456,114.51396010400543,111.45861794214665,121.2184835853158,112.41781515288048,286.01255468279163,140.07782132786588
2003-11-01,115.79699426216428,167.13312442814313,86.39896600944142,129.9426038209156,61.87400593590713,117.15928513664669,79.83572487699043,87.02287071225956,89.45537597393684,92.62726689143926,64.66165749785756,97.91867519214236,78.35198047748513,97.34373391685688,115.74327217153781,105.47081964749148,176.3365852241915,108.56932213298205,122.16975637487846,89.3905831039788,87.52312669387544,108.70822166364084,95.55785827121848,117.14373391120436,99.60512126180069,93.52481946048576,86.58536828858445,90.28077842320702,158.59017839253784,85.34624898653567,103.31258445879195,115.01739851082466,110.53894794370345,87.11549802695038,119.41368296033264,104.04728925006528,86.78895049275518,89.30194372982758,111.19080358613704,111.49431496308016,122.08410957317817,112.17665850578311,285.7524287609602,139.3699110678161
2003-12-01,113.93023586445827,160.03978679670706,87.92328474608532,128.43290017038805,60.70447071655746,118.25298032956681,79.51531538194156,89.55041058217613,88.47746908351,92.64137130786938,65.06294548367593,99.01605663719094,78.03173623508714,98.13709052214433,114.87440905182274,104.2710335227782,176.31291993800204,106.58207837826549,120.98741712916461,89.33115442507976,87.94709033583445,107.15865495789907,94.56712570273012,115.60099873663576,100.748079630144,94.1314278449072,85.52922308313485,89.36176685564986,156.62376569291126,85.27858321485449,102.6155207475393,112.62670656745135,109.41966952901245,87.2225900358419,120.68421968691683,104.92217965741011,88.08677148039534,88.71966223840931,110.68289739629724,109.70792349339855,122.48591395243128,110.92067015756753,283.2155729470227,137.58595294868175
2004-01-01,108.7798202586339,159.39397138657355,90.5794700074731,125.86781081349285,61.46908609734163,111.02486249440473,80.27315087701413,92.84632877009868,87.51105501341294,93.67559721816966,65.83750755055557,99.40359686167393,77.28514356391275,98.66982010978936,114.10315526446723,104.85486506422895,181.75924858617498,105.70466933327826,121.11690004241875,87.32954215532449,88.44510797095741,106.92796276706433,93.6194361045727,118.76087754133628,102.79317546606524,90.56476242611954,84.35182561799978,88.39548276955514,154.42808112663724,84.5634265670579,101.37759655703353,112.50987659044259,108.51412748100967,87.05456951500543,110.74910953438308,104.31677979700542,87.83263983470823,89.24573100595083,115.67285197704447,108.16519148155777,125.42981414305135,109.09575484486116,280.4410916165457,135.68751725198686
2004-02-01,109.40572539008215,159.4423314075594,91.101968894421,125.2754849257367,59.94240414962804,110.69834769416946,78.20181666350375,91.55248488913533,87.32262491719533,94.89376261205395,67.5671515484645,99.33103619358386,77.01456096456839,98.7131998658482,113.81067904734334,105.2951885860851,183.6150489565431,105.76620435375108,120.0814381369483,86.32274118479546,88.08679973002808,108.44953288163528,93.31613908526121,117.56337390261315,105.4745914503306,88.54202997849832,84.34187777980856,87.26185604410207,154.09532642694913,81.97415448898047,102.62279056201444,113.51960790697322,108.21920087556751,87.54615180455649,113.57399985668239,103.97559913314893,87.37883594291787,89.11914475579906,116.59011961249051,107.78678973817419,128.46032730000186,109.8465335479482,246.82367140056084,134.72730532982374
2004-03-01,111.08964580940007,161.73453828416237,88.85141306768884,126.9169715374606,61.167282783827524,111.41516081633387,78.39809435605777,89.33946843226778,88.18927252803694,94.69132327194986,69.58546301386383,98.55759348981266,76.26912418173151,98.13800140697833,114.26730807454395,108.70401393693207,181.0676136866071,107.79142728311291,119.36678884599836,86.64432792435646,87.08984581719871,109.49661973032036,94.27478760181957,118.20115724173756,102.3820805582649,90.39139022279113,85.82433199476628,87.8414307776653,155.47265088188072,83.06165366369707,103.10689859740825,115.7515603982744,108.9704524706371,87.6249247196107,117.89226561449357,102.33060948205717,87.10119429222094,89.28001396107719,119.78986936611902,109.15113912459205,128.10557398909418,110.91883502016711,234.76801807519175,136.98466775467577
2004-04-01,113.38726164754615,166.64481580107366,88.34742722581737,126.39586160990366,61.55751112150257,114.8703065164516,77.92676512828747,88.95002169622602,88.2881142617365,95.53182552623436,70.7194534186693,97.92810136703613,77.08807027047023,97.51564562103563,114.26018013439582,109.43340516271735,178.5508007309774,110.9855967761234,118.68330008541328,86.6372523622564,88.00209403532693,110.91895087328525,94.20854406087992,115.64163031894867,99.67821738357205,92.41847155013265,86.17628934225158,88.42017051593967,156.1769721720734,82.71308517902337,101.02756446195566,116.73036255035738,108.77767396041239,88.49250917100909,119.84233873419043,102.22890855823019,87.25659235535005,89.34382617753568,117.53912339770363,109.17790125489766,128.00478783089062,111.79216394176075,235.51935399471787,135.85789873163301
2004-05-01,114.4617704834546,166.47079116493103,85.09213310278876,127.59801948879837,58.423739458784915,111.4673579910292,76.00513917769301,86.40434919094756,89.58406268158885,94.15732731089514,69.21272794200924,98.2868416000288,78.53072075278216,97.72816663249036,115.07307337563957,108.61717979864456,178.06333836958305,108.80688873653924,115.5458276621228,86.42286558413504,85.3002405340691,110.01961689291787,95.5660856652053,113.62528383794452,98.00273127585174,93.8079381785568,86.73283240195477,89.8202903248085,156.86511615640296,83.5686823109746,102.03659486154714,116.3209744492566,110.51950746295387,88.18069228695695,117.34454412785365,102.95261823387096,88.4593444693192,88.21292769880546,106.22331548036775,111.14327380640789,127.48283559033761,113.65558135824104,237.22488735737545,138.18930016943963
2004-06-01,113.44432641548421,163.63445375407522,83.20425263479858,124.8049543693798,57.3179985062949,111.41851570102467,76.90989484820982,85.18914755613432,88.88232688799582,93.73077985860239,69.1072847353382,98.26552345424278,79.3679255510256,97.8223235583471,114.76387389040468,108.56994730855843,179.20192457593168,107.4490581628141,110.16983344454128,87.07679192061967,87.23491501505069,111.35400936100292,95.2062877498853,114.68209477837563,99.8740796327423,92.82841462396932,86.66620010191116,89.04557294976496,155.4494530398326,85.9854869690056,101.54034137210675,114.82621111859599,109.85429838821415,88.0541356926229,122.7339581652932,102.85521384555987,89.76020513746322,87.10968968650957,106.63794625469403,110.10994180116434,129.16782848896506,112.61012841412624,236.562957223943,137.28488980776774
2004-07-01,111.65588622088801,161.68256002609738,85.34214091184512,126.13905003865476,58.79522484384629,110.97595324252791,78.99071764044578,86.27043779018014,88.59433286859579,93.04967637204847,70.59044928593777,98.43309452114617,79.54554397026713,98.13199289077619,114.59086045225095,110.10646339591858,179.53556993561267,105.47440248214531,114.2054496645071,87.05071923112791,87.01251641321387,110.993158006725,94.93614044124945,113.69184685111063,101.73872781108145,90.92092266549732,87.08092755832925,88.99049951885894,153.78064973205338,88.5625374649671,101.00786028779297,113.51842914322123,109.55342720991268,87.67267987382135,128.1362552683955,102.58973047486431,89.45511981833299,86.52428707947989,108.84234664537213,109.77247546825342,129.21419441360317,111.70261701095421,235.28037747333053,136.86951563321963
2004-08-01,111.07539370171156,158.7786824220246,85.09071200589882,125.8179941727618,59.83965568486942,115.14213514647686,79.53303568120053,86.13603603249305,89.03067293010322,92.44228633033332,72.12421152091534,98.37885861200168,79.27714022948516,97.9837659329875,114.92489760662399,110.5033736737315,180.6404197341116,105.54987014653243,112.12362422262522,86.7648952904001,86.39446844837926,111.54504654081236,95.39992364142977,114.58847232430946,103.54341509919635,92.44364090436602,88.55223743836534,89.55018975299251,153.74642217475102,89.19375283174324,101.00979794690153,113.71644051610402,110.1223999052817,87.95457202654615,122.50943677095903,102.48494618527768,88.71047992963057,85.77301031758718,107.83071484031524,110.4919408736027,128.30664400265354,111.8518264164571,235.1078913292755,136.93629589467076
2004-09-01,110.7781403185583,157.108615212246,83.96665379577955,125.87475942582229,62.07148445668492,115.1846135599231,81.02862271004936,88.44160068408678,88.8107090688207,93.01714325116058,73.23131774690972,98.52929426401714,79.40164935030896,98.02761894898963,114.77339022858082,111.12332608060824,179.85970177338825,106.06229662870206,112.65719409116024,87.55303224909868,86.5971255253997,112.25810065901136,95.11362328512966,113.57419390390298,104.42685223386172,92.27339896593176,89.18682543146568,88.75450087131092,152.43733580208496,90.42344188417414,100.83417578747532,113.44541202376897,109.81153474185439,88.82204223371949,120.61565359003532,103.74588178308511,88.55646192324696,85.67390429871558,105.77330776133613,110.23239760472003,126.12803222931885,111.30540577865915,234.14912324065747,136.68653318539882
2004-10-01,108.00542792488454,156.7377081176859,86.75184887758527,124.99331436118564,62.37628787550351,114.47177752602909,83.52421739859459,89.01583934347023,88.0550047675548,93.24335538694577,72.02932256779363,98.96852748156202,79.84767309156472,98.25600704130922,114.41027548081777,111.95615639287564,180.64898736639793,105.69970682614613,112.6493178479753,87.22472048120899,87.00067639389198,112.10285760330136,94.34091607593213,114.09006796256693,106.52930230484465,94.12021730415788,89.49260585516015,87.92658503802801,150.6164432249027,91.86303911059794,101.17091371278089,112.1500452193762,108.96638329398658,89.22748416170914,121.89745981068438,104.40017792175192,88.99639235845561,85.32453498998133,105.27589390956629,109.14586764692685,124.92780672704258,109.68148225212371,233.196292301964,135.6464838609094
2004-11-01,104.78112081539595,154.6542208181658,89.18575195802705,122.45287826471059,62.60563523752719,112.87824153601329,86.76229554657324,88.87505036631629,86.04785427281485,96.23866058706236,72.58285127742484,99.47379215748452,80.566056396506,98.59640759122513,113.0602945806168,112.95817743104415,182.51032117018107,104.9873324220363,111.01782433191514,86.32186293125494,89.00400063501102,115.90497270841075,92.50952419241781,113.6974354002461,106.20226279198626,95.69599497743795,88.18130801855216,86.286928958049,147.53532633042977,93.44166670887584,104.72782013162096,110.3250348158016,106.5594073261801,89.14838059274909,125.49252461373615,105.60443585933821,90.81234627240092,85.68553180947791,104.82860417938498,106.0919133751846,124.66728419487214,106.77079737487163,230.9446639020042,132.44587841040095
2004-12-01,103.11696166088564,150.77427827142643,87.78126017393066,119.5440402269759,63.430314801642496,111.73604396093455,84.87380522813314,90.88318820254261,85.00112037090715,97.88121594790563,75.43523964809553,99.84321552232205,82.36452988027115,98.88994941178895,112.25798340973634,112.95350228942158,190.19877202755592,106.36458209347228,107.27331871177735,86.02813661172478,89.04468448768178,118.9862277879451,91.61645340050083,115.03797002005473,107.5496919565199,95.18955372509801,87.61990825550453,85.63422704988955,145.60501438296905,96.32453846302789,108.02242493436485,109.88825229793116,105.04312809128426,89.00955354825261,129.98766237309238,106.3359039735777,90.42841457125539,87.32519153196503,106.1506894639559,104.27637671320413,126.45484955106929,105.77822750783237,228.50170329624433,130.75107356200272
2005-01-01,104.31063887976293,151.31596657885413,87.84520117118366,119.58770386949907,64.42532418833653,111.9377158234208,84.61929150474182,91.60265181719652,85.0992834370812,98.75691902174994,77.31264209953056,99.38095178821135,83.02310188832688,98.56895367564904,112.15027848177064,112.08131354550966,193.84729765473872,107.73722576153442,107.74175402818085,86.09186446292897,89.58880640426254,120.69195052322463,91.67750486920102,114.59683684726691,106.36592912906642,95.00482483994756,88.48483759632752,86.47832408127627,147.37869817143155,97.3075239200867,108.8679182824706,111.22453551482315,105.11322524517314,89.20673447041436,126.04175325438716,105.05209295829746,89.33811826330273,88.52196174609888,110.94625425191151,104.50443401238661,124.7987509367352,106.38298447643312,228.94564611222597,130.7812490200057
2005-02-01,104.52486103156384,152.3407299911148,89.77976093733176,116.74870819848758,66.85108192378152,111.84949140354514,83.64126774552726,91.47822478250622,85.12890785421338,100.09827044524174,78.09052156798569,99.00505674439215,83.73091489201273,98.41703390500798,112.15028109998948,112.91799126782844,197.0541336867746,108.07663537984034,107.28224578729098,86.40567447356774,88.10973118599216,122.79827544920508,91.74710883240111,115.95627351645,107.68794946728882,93.44232760410728,88.72764740900901,88.08280342249401,147.6075334250708,99.29718065237972,112.50719927063038,111.38803095530562,105.15904601300672,89.19914563957813,125.42255793041606,104.36605535411896,88.88324702249365,89.38361172547931,114.81818770742593,104.68593962864273,126.02822546248014,106.58886391443629,228.62821656940966,130.526984997849
2005-03-01,104.34390815373686,153.6763508248058,89.92713093808999,113.0635240443324,64.05755445789167,111.72533535222308,85.06275757129245,89.54272935654713,84.76366645572125,101.33915214133505,78.11762752055664,99.28496230095428,84.38720956092538,98.49524373454219,111.84451362577153,112.5894649882425,201.42976299034007,107.65375580010392,105.49294463808587,86.70987334132928,87.56459350213862,124.41608138319202,91.45043313868103,115.72263370375838,109.37144058225469,95.20722565439439,88.88940676286991,88.42252461597371,147.04544655248742,98.74207735240137,114.1696429848436,111.6000218280684,104.82470382119816,89.4568339770211,124.39155464473515,104.49565375361509,89.23869300073135,88.94858530192396,113.63317410908871,104.23408438736715,126.08757186400099,105.98703124077421,206.0053196870828,129.8351284882404
2005-04-01,105.21604532900494,153.1189954680548,89.45526979431652,113.83920373903686,67.6662418251342,112.42792659764227,83.9473846327123,90.78835661484965,85.51876716505501,100.04225229388513,78.56008436238702,98.96959684497642,83.37715098343625,98.32103603363709,112.53676289295132,110.88097154885801,196.9318920606863,108.55705260257294,104.6002713357219,86.73687704671568,86.36910788467974,125.04821828135351,92.39597831918813,116.34080315747927,109.13210454663074,94.97593743427225,89.28843224378461,89.28654728884656,148.26901135320466,95.19900070456988,114.10031660831865,112.88297045186262,105.70379981279969,88.99261920688767,123.35455076306654,103.24936420062394,89.0265536757485,87.5783593963399,111.03501611092783,105.43358529924862,127.22404368490578,107.01309756256092,204.3686799303345,131.20563986633437
2005-05-01,105.64488657390491,152.41399353237333,88.92009348759858,114.52293324848826,71.54829149315137,107.254801460739,82.70534608529971,91.05515800441258,85.55851502717927,100.76294834107395,78.99070119851535,98.58587430971478,83.00458550626415,98.09979227322839,112.8153214424615,108.84018689523496,192.1272268049748,109.79588872462456,105.5261606446738,87.3259154202879,87.11345436689871,126.18701183365404,92.50496721501177,117.96699766722875,109.44617027706104,95.79121050871386,89.62111671108079,89.56119148254031,148.1440612639711,94.553621103947,114.05875954116888,113.84414721538208,105.79833397171994,89.1056639566989,120.73374326581086,102.45704612547955,88.77531875842412,87.02742779446285,111.97800887102937,105.66489977287412,126.15474960080522,107.48344999910844,204.43970254797398,131.39259939580992
2005-06-01,107.89121422291048,154.1603463809263,90.28622916109968,115.71463010123173,73.68555101418498,106.75249786035477,83.9306928335101,90.85010868484247,86.575666434444,100.55584269371678,79.80329099547077,97.53644624788875,82.9713345785645,97.23545876664637,113.92527389617003,109.22209540327492,197.12885958085883,111.42168225510396,105.17091959785255,86.90632661918943,86.26747267521094,126.21307735337093,93.62169838706623,120.06091452697206,109.08733121466699,96.9366995979325,90.6912813758317,89.09501731375767,149.58192082693293,96.5844085100345,113.01697831614948,114.7521429085201,107.0614930907209,88.89393891810244,115.78843635391142,100.3941845507989,88.19127453754913,85.7072731067834,116.0686454960629,107.3964556338013,127.15533289499615,108.30377409402705,205.50579695247217,132.86928189155384
2005-07-01,108.2573012982721,154.53737540659398,89.82026555817404,117.47305202915838,75.36308361202713,106.99960614650936,85.40641774510314,92.81770706478098,88.16698581200018,98.80049635476158,80.24862037770035,97.68185168355795,82.64936981893555,97.4968371914339,114.43956888740625,110.4375076398827,200.1485729965272,112.50963200144837,104.53390168508567,86.07250369326488,84.23791935308172,124.06774747155325,94.94965526237233,121.8153894662559,105.9025078559584,97.08164320713607,91.10567351569301,88.91037989762111,150.75822867487432,95.78270924506175,114.46380901554399,115.17344723503493,107.98752667319947,89.08769702072746,118.0733779614333,98.81064273783869,87.13986982175396,85.05538176036215,119.22429815532986,108.93585889025206,123.45950574012758,108.61316799868794,205.69992799129554,134.46420473422714
2005-08-01,107.4355739021539,152.12449861189347,89.92244761683416,113.17642066122804,74.97387115852402,106.07308361534191,86.43954130073479,96.97213838866037,88.74656667296641,98.25299134307926,80.25992465574402,97.86487394295415,84.306153468348,97.5248113066898,113.20460045687699,111.3971347781942,200.84999815654626,111.0796672553528,101.55463218388812,86.06874369730726,84.55867824850237,124.99431503588096,94.8597483388231,121.45149609491399,107.31863212325925,97.18810977319211,89.89262064928431,88.3035493305855,149.4289893836697,97.11449165366312,116.71758488293045,113.93883770737871,106.94675349235166,89.58360721459766,120.91027009824306,99.97942708882907,87.69762740295516,85.44061706528043,116.72983281386291,107.68928810599188,124.4800936329661,107.29957335147877,204.55463655703494,133.0162593217309
2005-09-01,108.10587742137446,149.5650351462437,90.64025583849015,112.10820655547695,77.0378135612739,105.52010904694696,88.43164099097774,98.90720697983826,89.13176444985102,95.81634706182452,80.65304599423438,97.61293808951244,84.88702969438383,97.2590101870742,113.56406764945697,110.52992926368832,205.93964042735493,110.51672152276477,99.50341167287958,85.50322906374804,84.44066577099468,124.26110279290722,95.02643599425306,120.40103722555477,108.01334330916987,98.13793694100292,88.40095761562237,88.39620411924574,149.15083689855894,100.10985765320335,116.22657452744775,114.41724587280207,107.20390015948374,88.94813474322659,123.14926803827947,99.66927497189533,87.72942634653401,85.98331997366732,117.20431340714279,107.97692515383623,125.61820896273186,107.04378828643203,204.35367850805684,133.6042161315904
2005-10-01,109.17597095363382,147.27328126553653,90.36297711672265,113.58597899189633,79.32527637024782,106.790494421437,88.85397169108492,100.23098192163988,90.24609312724955,94.19195419260016,81.21612806880148,97.47920359132219,83.85138489378657,97.24625337040499,114.4911575133853,107.81767167672297,213.76625679887994,109.31453939185607,102.28513079250645,84.92063897790817,82.0522692858934,123.42753494245218,95.84320513369549,120.0942354764884,109.18474851154598,97.71416154108248,87.13224229763125,90.30814077759483,150.8277323469218,99.93822297514009,113.21628418799659,115.71640103630804,108.57289034172135,88.96203150396751,120.75316888365457,98.58843003116826,87.55854263617516,87.30681524489096,117.56694714229414,109.80346183425944,124.40399089965035,108.06296432849807,205.12044736301922,134.99063494158986
2005-11-01,109.60708544472384,145.57435034591074,89.02210717055772,114.55829263820728,81.60295573072884,106.33808466721386,88.64898873569615,101.9637721529767,91.06132136850428,93.91629896746448,81.89769735248447,97.16592715632665,84.95590516500549,97.25955796042518,115.1213901583769,107.93443927384763,214.42638639770254,108.20428894267513,103.81126994685187,84.46408692394115,79.86483593567814,125.07334405324106,96.43264293229265,122.25457252334586,109.34262123783004,97.56315557747857,87.63538791761391,92.92307638979868,151.8423954664253,98.51588513384594,111.10663392493517,116.65425009348999,109.56591932501118,89.0948245620764,121.02996191170956,96.85661449921878,87.49280958017744,87.70331641480263,119.21321895798063,111.24884877067713,124.15201062084908,108.72172446171994,205.46874517504463,136.05738242960174
2005-12-01,109.77511197543296,144.43007673250867,89.4147284002162,113.71055504879808,78.93289483938915,106.06753295503817,90.19953590839222,105.19309997415726,90.74086759929882,94.68715855779617,81.84388753680844,97.18776289250883,85.73269716422462,97.25895938016916,114.77597657408651,107.14302930511361,207.86213635086307,107.79130241081121,105.3887319929175,85.76295307112578,79.38533378582146,126.95005255302088,95.92796986451293,122.68203672263608,109.51347861684914,95.643207565615,86.16652518483268,94.3424737261069,151.1731337019487,101.61269887839279,110.9746729809245,115.80994572991148,109.0392199040298,89.93179938953205,126.24192209942377,98.36498707336115,87.36544112131999,87.40935784955445,119.21183048527118,110.78452256977758,124.260635065142,107.95178810580059,205.33573878784264,135.36381398525288
2006-01-01,107.9484273313538,140.78408366808034,88.95354238195561,110.91597020349977,78.46465169940923,104.28639526797005,90.16230852147297,102.24751663466817,89.2900208140972,98.27142706292238,81.53285256151158,97.43520092484661,86.53740316965133,97.26649132350829,113.53855003780133,108.08248594749284,211.12979449288596,109.53890374239106,107.53248371611146,84.49636815981253,80.48476389196956,130.51586290432098,94.9117639683286,123.13358403955539,106.81920884152578,95.1458665447117,86.44383690029537,94.62656892296943,149.47084483357193,102.48832306076811,111.55283466142185,115.46574595545849,107.07229639339727,90.82316315512355,129.77575507393635,100.00653640921546,87.51367381446669,89.30734984616208,118.7282872116013,108.49197956636993,123.49974232543275,106.60309860467223,204.45726459795642,128.44712488792044
2006-02-01,108.30430624964613,139.28065116358783,88.40323211110686,111.18243061114228,82.89244330430235,107.52477267429825,91.0290528413861,101.87330069041923,89.71649634866645,97.53976767047058,82.07628158477152,97.06325622260323,87.32987723474052,97.04555403074696,113.66531025450695,107.2818074457062,204.57823288342132,110.06010947089936,110.52339883190166,83.46174187232222,78.7927033346699,132.71099608722628,95.79744375192107,124.0019304734537,105.23850503325369,94.50312556591341,89.31139798636518,96.44933328650498,149.8708643861989,102.8848520359588,114.38375098951677,117.12259439082786,107.29726040716785,90.95912875635788,130.23107952444363,99.38236991898393,86.72563707073881,90.18511734471521,120.4633032083678,109.09393502478015,123.4513320159183,106.64666744861428,204.24022812547338,133.1942669789167
2006-03-01,107.71893958956052,138.8035325721917,86.76916168981353,108.8074922467234,83.09461613251425,107.73520763488078,90.36635702649271,101.32904643794076,89.75403517177111,97.07768176568406,81.87977535969327,97.36631973963019,86.83365648240427,97.34527700108279,113.46776715035504,103.65641007281452,187.8256500598971,109.66591403791229,111.44105581517161,83.53898728957499,79.17410622302664,131.7830947288113,96.15819284673034,120.94047854878187,99.46992743632853,95.83008239273866,88.01068107634326,97.3230168533522,149.41070137439735,100.69216638603484,115.87430211944734,118.31805311346437,107.19692216033452,91.14244030830892,127.23493095204373,98.95202595155043,86.33772915563492,90.92136569728414,118.94053700765703,108.88938375169018,122.7047908629912,106.93721343391447,204.33487194573013,133.0503860004335
2006-04-01,106.99404069376928,137.81783925040097,87.27951995750102,104.89533352343045,83.29399786148755,108.25845099282678,91.21709416842673,102.95045493503443,89.20381704636245,97.6339143122499,78.94942936241691,97.75721967370936,87.51815358244775,97.47603480221535,112.85899853784176,102.1126162835969,172.5854265163657,107.38870100589808,113.35083369262946,84.75056198519528,78.68194757052723,134.115823723042,96.46458846392045,117.49113574680983,96.57208284880782,97.83250139966825,87.73483713448661,96.13657550205052,148.30871626203287,99.98354467556968,116.99465513953318,117.93889695716342,106.44434340996887,91.44226177887141,129.3028282997652,99.9526383763596,86.39529034777168,92.55059761487362,117.26407329352557,107.95020891834277,122.41551350645683,106.2800737137544,204.11332127672682,131.6691739290199
2006-05-01,105.69180950693547,137.91537554076243,88.9109120371912,104.8479948446124,80.2814130781215,104.98591139674411,93.58742412586628,100.91588466443295,87.58382318277359,99.26464599070458,75.48164886886033,98.32403814332642,88.37975034749556,97.86085656022141,111.6077146882304,103.76908042891499,172.78072812527154,104.52595813155263,109.88184740505496,85.07406910641598,81.59688082102119,133.71036681127993,96.30687041935934,116.23665005457894,95.62731236985657,98.58618609030988,88.18251707036443,93.03751173854045,146.0072598716142,100.87717112350477,117.60836650268305,116.67177271905165,105.14566587608702,91.6627680116858,120.93652842741254,100.4468870506815,88.06043415149468,90.78322023588503,105.32424475461852,105.68867297931443,125.98427390143773,104.06511153547204,203.1443504274011,129.3564371025564
2006-06-01,105.3039358525516,139.5085111762735,87.19376604969074,106.0668601077861,78.26336139377094,107.10912387285019,93.54344704600426,98.04716429210258,88.77233510911088,97.11862010684354,72.27834349671902,98.57126169219733,88.26695343218394,97.90002216136074,112.20325919026595,100.10291321213936,167.5927190737444,104.30326900829226,107.29351964715673,86.07683403120626,80.19716925261453,133.23492508532203,95.91176824599562,113.51432636402734,95.18607919609099,97.84619673765135,89.71210156721101,92.313442187902,147.11635870938787,97.714387437087,117.11062843483543,118.76733294729627,106.57884481048059,91.9860579063945,110.77624408022552,101.73180732349492,87.97879787252668,91.08135643293089,95.65963453107177,107.33396711341805,125.61031008114341,105.32011484064414,204.85497223510657,130.77751674016224
2006-07-01,104.20161958122567,138.02275217011285,88.64056981672188,105.53996421675824,80.42417926316328,106.50094095944216,92.3114795563922,98.02977619193213,88.88728798590603,96.6520999403559,72.78851344080228,98.64471572223172,88.09053431439679,97.93391425390169,111.95864742759144,98.28258016599463,168.26104917932156,103.07424607924729,109.99893553583149,86.71616933024633,79.31863731847149,133.61727504386965,95.63938408433286,117.6450952780206,94.6178647488924,96.87479735190135,90.08440945750277,93.91792651643065,146.69801703955378,98.50795639060027,116.3140734992143,118.8000103261334,106.61079054919868,92.19160420297167,109.17586649773088,102.07195474089812,87.55566900372311,91.91362979691125,98.42552054583987,107.38936896570111,125.54759478270125,104.97637993659654,204.19551671969626,130.3410495475291
2006-08-01,104.42537401658988,137.0247214759182,89.59156677881236,104.58655883324597,81.19000526217755,104.92899176221846,92.88905881010112,98.01084821978925,88.90113284149061,96.18647900625888,76.28515346716196,98.56274346508452,88.71530132406036,97.88940995726398,111.65641898703522,99.2616616209586,176.0491223746755,102.36512958822436,110.2082814941558,87.2019264559632,78.88874271264648,131.7386184689619,95.18291842576238,118.70921549180211,96.50346868022427,95.98339034971866,89.8225927529782,95.57646769196417,145.9329322334417,100.69819610336977,117.34395115095388,118.10599295490157,106.37595073303714,92.43035725664083,110.60038222988136,102.15157527266695,87.10543148841512,92.61625911307567,103.25921803582696,107.04943499005617,127.8784367072185,104.28035266071673,202.92099298748298,130.0042294868307
2006-09-01,105.81421849240782,136.55832313404488,88.79605004173654,104.6536730892236,81.05916162418073,105.8965835823068,93.26109192952899,98.3094159835777,89.52921882968155,95.84560168472561,76.0690212865368,98.53672315149981,88.14280307525858,98.11253226656379,111.45503008212233,99.20957951843911,178.09094406231182,103.77814091648207,109.69114495409045,88.05118050482955,78.15288739721848,133.14060127803188,95.38927443075639,117.67838019530055,100.04002797533755,92.78586964862683,89.70083999471512,97.66241383697891,145.92151736589116,99.16515176845373,117.29489393667376,118.78985057197285,106.51210241008833,92.28034984338542,103.86156408399225,101.73222866503598,86.67166970840675,93.30721725524216,102.68218607856832,107.30921977118469,128.1787242859996,104.47079794519985,203.32035977552385,130.21816608252615
2006-10-01,103.94155605318637,136.3365177358354,88.8328645142599,111.4768161677473,81.9370205354456,104.26578736592025,92.3107028065393,99.96926065682995,90.24523046680063,95.0215346441063,77.26339711762304,98.31230231299529,88.20713346935224,98.06928824486745,111.48740178360588,101.69019848931764,183.95275870279363,105.60164835109238,109.75768884794397,90.0119642142651,77.20217792490931,133.40573773198727,95.4252098834391,118.65746210652881,101.51315831923347,91.01535561202083,90.09814315543552,98.71138366023024,146.03996850478273,100.59016180472278,117.13175055643671,118.88621628730311,106.7408888001487,92.55411810335319,101.38565334773071,101.7776847024046,86.16952965751659,93.94107745863825,103.54345160216461,107.71361070732455,128.36443637263875,104.85309249653712,203.3008490349187,130.3357470118117
2006-11-01,104.83266198810401,136.58766527849232,89.98895992745307,105.50602662508398,80.94442099064304,104.3638815978393,91.4421692831785,99.75570022429709,89.75204903870846,96.09519260174052,79.23005956868907,98.48044451923886,88.9396527694156,97.90726636190843,110.61549609979436,104.99833114586453,178.6325857920647,105.95337197287142,108.9191353232261,88.60208163787695,77.41054619820663,134.8528300121669,95.35886403869338,118.17166056415299,101.21611968838768,92.84319096912691,89.85358360189421,98.05731256368026,144.44807109793007,102.55459512736435,117.99170068325722,117.79479837016613,105.53829284810705,92.98192169236962,105.32905792730021,103.57333836040326,86.30683290511176,95.06598571295949,103.20486606416426,106.27618410609385,128.5742670413144,104.10461602326824,202.19633673301126,128.67218906993926
2006-12-01,104.49434758766796,135.9390002042983,90.59158330495865,103.5294860468886,80.17668480008679,104.64350575543169,89.9423622523823,98.95315465193235,89.42221842039892,97.01543321248836,79.78309330619517,98.82433489639621,89.80300163918436,98.0699941422999,109.8905537679826,107.19181022081506,174.4442765335837,105.29274193327215,108.55186907129743,89.32438165801804,76.80663817711557,135.36513920508023,97.01473414418493,118.49385554108571,103.50642578690037,94.14643095582845,89.74904044366426,98.08635827440395,142.65253308261092,102.94539812550612,121.11441942554153,116.66497609543339,104.67011435293891,92.90105729728523,107.16090196380534,104.61273813053073,86.47957658285053,96.31844658149579,103.01110403892892,105.14635323305626,129.64335853855567,103.40541259448759,201.2533222153079,127.48285988633002
2007-01-01,104.84209097560124,135.49955386689686,90.86500876238668,103.10409650019945,81.1889546768569,105.62321220967065,88.28358425094052,97.33029892303959,90.56602364033274,96.25454436474661,80.99878559303578,98.53764294679796,89.54427748337439,97.99683107977344,109.77110839820025,107.00740517386562,175.2030268101966,106.73211162184404,109.35750332715457,89.40181480455047,74.92204442990004,134.41321593866786,98.64731891750066,117.8200080647436,104.6540970687171,92.38821602217354,90.81291316323555,99.77976694687183,143.38409790018792,100.97893051872084,121.4874129096222,117.23418528713788,105.3201912889012,93.28163352511571,106.06393642316883,103.95599007437642,85.20332852566851,98.27114389850536,104.6508866167769,106.10319180333406,131.03575997588928,104.50307042161724,201.77368731985808,128.39677704908758
2007-02-01,104.7760987090659,133.69209352538962,90.57742040020463,102.80098643639887,82.87983442830362,105.51778475409952,88.58688465016473,96.74732008684633,90.8298208814248,95.65416827230531,81.14035206857857,98.6662608075535,88.3620989780681,98.14905803033082,109.24772059302181,107.37392936690489,181.41326603949125,106.89761956626542,109.07494939187153,89.45275617494828,74.6310859839612,134.02663409708887,98.63671583242923,117.24181536538842,104.16733550877115,94.8380595033618,90.7375933046684,100.72176132297517,143.29934972029693,100.67280127157974,121.82617889962573,117.50899000974155,104.98830079955907,93.2145900074933,105.96471629720519,102.62935291627218,85.01385964059693,101.80646591738198,106.39635001962316,105.71568873534683,130.24178150994172,104.19485341363762,201.4575526938935,128.08481263126745
2007-03-01,103.56182578754547,133.2324918682562,91.09414904494142,102.22097301152382,82.64233703821796,105.73412980423329,88.66422274151395,96.95711069608855,90.36247956773549,95.51244216303263,81.8271069879766,99.01018071265725,88.98355949301305,98.67862748787653,108.69377662541189,109.02461598593767,181.002320503707,107.06990518816981,106.80977769810947,89.18696879315229,76.52917418447228,132.27920235113487,98.03881380611077,115.6773094923022,104.10894384899674,94.8719957346938,90.53299721785008,99.73972710389417,142.8734349908979,101.05219230304583,122.64405259411271,117.31080325739963,104.34658249771182,93.31429818679152,102.52625701420493,101.74846729094142,85.72730984053125,104.97937623908507,104.57738065089607,104.63547257458674,128.3784554258536,103.74018011217892,200.99716839082907,127.40851888453541
2007-04-01,103.46895380827203,131.75520862953036,94.26825592423671,101.12125291794594,84.15986527930636,105.85510398408258,91.09990122008762,97.20493504730926,89.92410634226816,95.13169089497858,83.44656603371415,99.24866480927288,89.11189442086686,98.7234709176559,108.21933257298105,110.89701675170116,182.66521096907914,110.77665515129256,107.03021258371557,90.88307189811977,74.85398605307512,133.3406847078904,99.01330024732098,116.67115247093807,107.87919080434575,95.15660006112499,89.97587219299916,100.90230262348403,141.54817053144671,103.02441879000801,123.9133689204174,116.42532721214887,103.33807227641148,93.15745510594473,104.81047745465646,102.61911030890496,84.69085541615028,104.93743619776308,106.71078318429113,103.65525707845293,129.08491448651574,102.26901789668797,199.6351707583328,126.37839177834715
2007-05-01,102.9309161634189,130.58978259163683,93.96443059379948,100.1757863471165,85.98243848309201,106.34723708526126,94.37425415696569,98.72595232717269,90.49604893680558,94.79748357041305,88.74378840152023,99.2040276812311,88.40326579743011,98.67888562371263,107.92680820672243,109.7198348462992,189.0605550443878,114.01109833631729,110.38955417333167,92.51295267518584,73.42686471019307,133.62104771304166,100.10119738715622,118.26659005337466,107.60307323054559,94.79700255003966,89.70487778012392,103.10041449190686,141.44300022851473,103.93479905555343,125.6516879176619,116.26978662823122,103.02044196735653,92.28456526861231,106.0895834775893,102.93731485099325,83.9764612385744,103.71943305303408,108.54170692732686,103.64082655791394,128.53946968520168,101.20088126842408,198.32243464966416,126.33783742046936
2007-06-01,103.90289251445803,130.0485362047126,96.07035150095433,100.5495414265601,88.37754311759824,105.44159991786435,97.05415126951567,97.74853660202257,91.12006634819677,95.65591473182792,92.67849401139044,99.01176037899569,87.4099550877117,98.72758139141465,107.85716132405088,108.74883243517898,190.9957269127225,114.23850068181396,108.70148485141091,88.6086006110489,72.22265145526163,133.666750653286,98.97327805838336,118.00096267739917,110.78660104298868,95.47030841978956,89.4722808606314,104.59273469819867,141.71179225877205,103.18235469136015,127.7276081347545,116.46784874221542,103.20928143385161,91.71239371528601,104.15134316000871,101.26085261708069,83.61157318617667,105.79295923943266,110.1155610175589,103.99868769754117,129.28947591581402,100.77903912927093,197.64843481785684,126.10490262150165
2007-07-01,103.22168524507802,126.58369171293953,97.69764993798809,99.36625251999655,89.99642334912126,104.6129807903938,98.00481692547328,98.09831748391942,90.86993218383735,96.15254543702959,90.70452490600982,99.16494484415995,87.94360087105329,98.64048534778595,106.75543027552912,110.24091629881374,193.94147217249127,113.92639327006239,106.3360368584657,86.10568162086442,72.1140829737071,133.81995798171366,97.9698238920757,117.92473417737945,113.37547854921142,96.96484176668906,89.01897421806379,105.11087161877781,140.827461381133,104.20461710828239,131.374714068176,115.80090266716954,102.0791210236904,92.18749403968431,105.4530163952317,102.91664056167032,83.72869858517885,111.35770272371002,111.49538464638712,102.55576386114542,129.99722268476194,99.56185108872167,196.8237562421895,124.13894606596183
2007-08-01,104.03170818925389,126.99022311570471,93.69846186366358,100.39698419049164,86.70303733029235,105.14144912760601,97.37086334478623,98.08239593309455,90.99411660193942,95.6844066920612,86.4240909285645,99.15883642515226,89.62822563609289,98.79699500191018,106.82858379982274,106.61131913333818,181.8173127476783,113.5166041225006,102.92999121380937,87.04090229182351,75.73729267943966,131.42354374885824,97.01487466325355,115.41345465808229,105.70696760988159,96.62004023660607,89.73092024985301,103.49058647670617,141.27817487187636,103.05029664335854,128.00756011037814,116.16459572580051,102.2108477194428,92.38007452727615,102.24340112179928,101.38708300001528,84.59871386421757,106.66085148488426,109.28439526014432,102.51332919840641,129.28291655472012,100.1543100676533,198.2598984375824,124.49691733885737
2007-09-01,103.50252976083777,125.41997092680009,94.84504484788664,99.11507628847531,88.61465560744145,104.42646649716609,100.03843998602595,98.20069115576226,90.80222383958989,95.53622114697737,83.46830270919455,99.47472649004156,90.66725014617936,98.79758883011446,106.50409012441197,107.69336155442674,182.55773551244445,113.87508128367215,102.76633462310075,89.1655351457444,76.40731310972406,131.040903392616,96.64626917715387,115.13079034732594,103.4769941038147,98.78798555781447,89.6668127703899,103.07328407346013,139.84528217284017,103.76362923818043,123.29727666862169,115.5720811309874,101.36844021309261,92.46707955696498,102.47135334758059,101.95093638113877,84.41879648817438,104.89238876464195,112.36140191381368,101.45576247624979,127.60345994887314,98.7689147052269,197.61625152824797,122.86940831331108
2007-10-01,102.57737858189004,121.56103854673341,99.50603801676291,98.35880121466276,92.42498772239838,103.28185268468262,104.90675962002062,99.76342616729093,89.84976473551953,96.87870510657545,87.17958316232412,99.73301542102956,91.47424254726909,98.73573292480859,106.02790615456448,108.84628994621283,188.01095256712784,114.57892430374423,103.60953157343043,89.35529548262967,74.75367126447952,131.70357205797134,98.14025118676663,116.67062512480022,107.0115935346265,100.7521393050415,91.72446106186779,106.1498290620013,138.06265626541563,106.14443494307136,122.97159760677022,115.08162698068234,100.34130971094643,94.0450291884474,106.04119341463345,103.27193386893923,83.52131736417809,105.35199126451722,115.92164836815596,100.2535256527868,126.57798145898602,96.55718119999253,195.2472574453675,122.38172605481697
2007-11-01,102.46595169930347,120.73609086534356,97.9053214770574,96.57626607935207,93.25937704747052,103.00616542571971,105.71932216623121,97.26789588559849,89.66409977458592,97.5385851993575,84.49002625839253,100.33811237870785,93.73864258165897,99.54138954607674,104.29841445074042,107.73831214882834,183.50959188006414,113.30958581578751,100.14683685970232,90.27707033156418,77.55436204642017,129.3982795663753,97.45351525878286,115.47511218231779,106.40761396928883,98.30575582839309,91.354060093341,107.40022595776165,135.92230739610952,107.9787520802974,119.35675599715138,114.06519997096783,99.23250666767484,94.46742834803464,105.00505854439159,102.80947130920293,85.18013368412966,104.24992317996052,114.32136157822075,98.49990297229273,125.42425531319519,95.17741626135064,194.289219804185,120.70565414360266
2007-12-01,102.52869139241199,120.9165872223284,95.51902898098834,97.33918763636629,92.38209944562746,103.61752669322935,101.76372860186464,99.25192879437365,90.70332914898643,97.29634126631885,86.0423691900958,100.35112365780738,95.15633614213036,99.73882289593,103.95026817829024,108.18450152742773,181.00751017458313,113.8812504293127,99.57581399088853,90.89867883464588,76.77723547624213,127.87387725419931,98.25700607632955,116.02289730939248,108.28525367402362,98.00318390003196,92.37016436099546,111.62652366906794,135.97003498912522,109.6250260444984,117.00230975660453,114.24509249258755,99.22467088446443,94.40284941529544,103.8494352804229,101.31582551259221,84.60452003901688,108.50915859915283,116.30179588877144,98.99755051471956,123.25524772152691,96.18930861473522,194.57631964201238,121.28793988160346
2008-01-01,102.45221298078593,119.79824611480959,95.6133855036936,96.9798939309411,92.47449568776247,104.318074590898,100.88732396281013,102.23502647469951,91.66316245287143,97.43814973349527,86.9061425840371,100.65878520068057,96.31037072468862,100.10375761815709,102.49742945106122,107.22725479883013,174.01848235600633,113.4486296373088,97.75683966381118,94.22226407954905,79.58215187910048,124.79782708705378,99.33934460898053,114.93518452710998,107.65576567107603,99.45644758289055,92.44672996943487,112.4272299630823,135.3206453216584,109.61653945890487,112.24512291395708,113.56239206527317,98.22586737206531,94.78835567891672,100.52848011334747,101.55372731275037,86.86749069506827,106.74262584627714,115.97311615183298,97.91718779238215,118.96528163960053,95.60855205937149,193.83315449563443,120.31207755802042
2008-02-01,102.53145056469903,118.00688589363992,98.53705989072724,96.33095865795511,94.52504728721416,104.11155786851714,101.75552565719896,104.60120820499775,92.21243837172148,99.68158353905021,90.0063898832498,100.63424334813568,98.86059843836114,99.9104431835261,101.79684917832736,104.51548450392525,167.91918326318375,111.9032652019229,99.54302951817252,97.7825978309711,79.69765773323947,123.77798405207152,100.12817519584543,116.21359900452141,109.7708551968385,99.49583589286846,93.08847181268158,112.4565099468471,135.11456528075036,110.54047351265488,113.58403819467277,113.14445764791859,98.1062211913947,95.48647438271014,91.61044827439338,102.24617746437679,87.53538837951027,103.13048885460483,113.94814110316982,97.81101529488232,118.38510397015429,94.80162017056372,192.69493495053533,119.77732713856707
2008-03-01,101.54554432904837,115.55779644191115,98.13097645223708,94.58991167767562,94.12694116279083,104.22636319362786,101.02782953741463,108.24064125828316,91.80218577023719,103.01672256096315,91.71941307249358,101.74368973725765,99.84218113442083,100.80188362727773,100.227657309905,106.12729545302871,149.9082848389888,108.49705279803447,97.80526078444773,98.3194839332032,83.80900710267522,116.70684902201216,99.65583618348545,115.66014885677617,108.4998325709822,100.62873527219034,94.15584359037469,108.48438263768954,132.9185598385367,112.50495345761028,112.93369322591549,112.55766954339974,96.86683772246022,96.06096736029511,85.62642745107087,102.87422518624783,90.62977496233403,100.2892730692093,105.84426904805784,95.88451573991078,116.49993850625746,93.05649446673378,190.33213583601315,117.70950881362413
2008-04-01,101.96600112983117,114.40762651601173,98.5218307060065,94.20816146126243,94.47549031668045,105.99552623639197,99.44423449239147,106.92920291717611,92.76780966145782,103.92718023894727,93.79754693803221,102.1761549875016,100.38996726807375,101.0533859491829,99.55538794575102,108.8620340171395,143.7895019273217,108.64457876668723,97.40154715698782,97.65956897801416,82.10329859042092,115.56411467393815,100.14745954064581,117.95371348856942,106.43451382200683,101.49218248384457,96.0142233739536,106.92689846104943,127.62410264637698,115.81107144879648,115.78192426905476,112.53918059637901,96.78134099969355,97.28729565613457,87.30611862425997,103.6339695370985,89.6832193795868,99.82789872760075,100.18210141476078,96.09860761284766,114.09265674233524,92.81167659184156,189.4339143563924,116.21157639653963
2008-05-01,105.01043910322623,115.16529897944798,101.68226262208819,95.35525136971918,96.78514120942606,104.14410975700478,101.10672644634946,102.16360078951156,94.1123986385951,103.07209012313616,95.189148325229,101.85057787044825,100.01013152103965,100.64927614562444,99.89714682710556,111.31763221138158,142.92358173510127,103.63733050523496,97.6514480540099,102.54675625523089,81.20981354436147,110.59433941050105,99.23013127950412,119.06347650876454,105.05838911646566,102.38495206420777,94.70823961217755,104.73864077831665,120.69377834355322,116.8685357612305,114.5645236015445,112.52210042291561,98.16921304227472,98.1640914071469,89.90985558899628,103.88546796538726,87.85853590639861,99.02895445308343,105.45457073149956,97.83240030044247,113.96213076762842,92.9646053878323,189.69407117619517,117.17982895020525
2008-06-01,105.42092201108836,118.7071459048795,102.47873123114346,95.58664099245225,99.10660204661039,103.80676113014857,99.30652071472203,97.04146748086062,95.50539081440687,103.8924839256033,97.47689960659662,101.71712984379097,103.08723225567628,100.79001372671314,99.5655298671696,113.48315753936716,136.02716205829734,102.12255772063648,98.13907035858827,103.11796668300013,79.25829109793425,111.37126569384246,98.47652659117033,120.37540497888726,103.17042708623833,100.77821179415236,91.86925983668363,102.06858418426334,121.72088789972958,117.63645347287772,114.22867089860623,112.67524906887836,98.64488056032317,98.484250016318,86.56974062508121,103.23897233480825,88.46095890050958,96.18512774631913,106.48008989854529,98.58622215468883,114.13649747702814,93.23250065914834,189.19167686973478,116.64990350602
2008-07-01,106.55774863978493,118.64683968330625,103.17555887177423,95.0851468744937,100.19010233103116,102.05357868395164,99.336141456247,94.64567121018196,95.8848125405482,103.7235380072533,94.31491059323915,101.6809678023818,106.22415215309515,100.94790046393219,99.00399591003173,118.38282261151241,135.8121881115719,101.4200600677395,99.12476188004395,101.9486444865206,78.88569344908339,112.35231732340785,98.29155645420819,121.39171716395896,101.5130975761119,100.24781903716003,92.91495591689204,100.48050089701842,115.08042599155664,121.5211513555821,116.28619350196254,112.37448712954881,98.11987320794917,98.7128230453754,89.38644846520629,102.39092257358486,88.327028412174,94.93795723466117,107.03088095724016,98.15588516634996,114.17210034315619,92.57513898465218,188.83116199298937,111.93198060633569
2008-08-01,110.93430582919117,120.43799839214022,96.7105866101394,97.16771744119261,101.13515756878195,100.2600906164534,96.18524562147107,93.76603951614052,97.74661488597206,101.0702313560686,92.05120572932289,100.7734690213332,102.61826658513402,100.17574745757231,100.30578619399388,115.71196886278014,136.06132105120784,103.38321391409933,101.50892607926963,99.266632589522,78.47206668477482,111.10593123353843,97.9206709181623,123.76234481248099,98.95963481006669,100.51735436737405,93.37295352591222,102.08538021763158,111.31490295449007,119.89595360575065,116.8744268998456,112.72953248405004,99.8988391901369,97.24849468341668,91.78118660498183,102.22728378482077,87.34710594973203,95.85110990566385,114.25467752658469,100.49732443743909,112.60400223627016,94.86936740747129,191.195270432125,115.28174251673231
2008-09-01,115.15825137894234,124.4669949782299,91.371137470724,99.89405588640145,92.98425450390222,101.25942749335795,96.39091466434894,94.003627543721,100.08445436564573,98.63064588751108,83.81179986815775,100.44957992032046,101.77046735373689,100.24128696508893,101.50431433284956,113.32571571831357,126.16559594674222,99.6260224991514,101.14086168325882,102.36067960768298,82.14949812961251,103.67883339332005,96.18338366280071,118.49398236798456,96.87121447105305,98.06255904693622,93.40231158463654,99.42527230706098,109.26837038013484,117.07315344812979,113.89077012912232,111.89541201539348,102.06239285369492,97.36687730669229,89.38198504490306,100.38243238174695,88.25545969512952,95.9449610781755,112.41494512843883,102.92469921283632,110.85835374717887,97.10745267177452,195.66848279755135,118.81390279957364
2008-10-01,120.23204926994751,130.9373019721394,78.97212288571008,104.62152434998345,79.67307186928082,104.54287103346287,87.92308455909333,85.17016394392427,104.01612177526292,96.50574980151545,78.87311238269587,99.72317550598213,100.59997285597694,100.28114461931175,103.4098799798543,104.24884090771975,107.56484175674157,97.42731379623002,97.27110548335057,103.19163807600074,91.21325211411795,90.899024098411,96.48212238094382,101.28182347481199,92.68494700937026,92.35774581408,95.18170168690456,98.47996076681795,108.70003137226183,110.19166564717355,111.04616569549466,115.08529463670527,105.75087937977756,97.07844709397499,77.34451656760827,97.25340669537295,91.55192635923775,97.52550710982291,100.34728454049662,106.59073075562797,111.39385928222137,104.12090575579627,203.46145312941383,122.27443380483412
2008-11-01,113.82212739214084,131.08688825054853,77.05989156392911,108.39176475351306,78.49965917695314,105.71284582752531,85.6345415953139,82.45011013227894,106.111679331045,95.26577616999641,78.53934902807367,99.72465820362734,99.14552401257714,100.92999127129687,104.45305632396484,102.356030478628,94.67304672671762,99.26845212948746,83.50457893299792,99.90230259139527,96.49870589308638,86.95654510544884,96.4321253518615,98.47967182910662,88.42803113311032,90.94911464376271,96.64897356937924,97.39321608463595,111.42604065556418,105.9628804909714,110.32269544751152,116.11624346910281,107.4800400664748,97.80728736217405,76.4945248513033,94.81546692275525,91.14642035649123,97.12016463238463,96.43291466738347,108.31159899282383,104.57082225331804,107.0402593585049,206.32595472587872,122.49825365209217
2008-12-01,106.71923865059244,128.20121523404856,77.12754283253325,105.3601967625096,73.6107296304574,105.27570217536201,84.2073848628274,81.95165785674772,103.94394396722222,95.13753342808047,81.0437006282874,102.056013832166,97.16052523556193,103.92078725119076,103.5446538969633,104.532673449056,100.69505835313035,98.66121019126727,84.72320941671761,98.59208748101254,101.79059362087344,87.20521065693771,95.71310546981259,95.40749719683711,85.71470250026785,88.07964313053309,95.13850356367888,97.81202751895442,111.38263184386128,100.74880348291838,108.36959788180305,109.0813848353607,105.56054446543139,98.12533388886658,75.78198551302525,91.65107147891445,91.3175072477057,95.42845737917625,97.23324419236172,105.81275074399153,98.38349873946622,106.38975307635971,205.3152354923796,119.37587473525748
2009-01-01,106.09857008276377,125.64970763775054,77.92705947569969,105.34638856303428,76.97436648325635,106.21092664667127,84.97343026494929,85.4824533760801,104.64251236504182,94.48102198114172,81.07898500822017,102.53532201482041,94.27699000390139,104.05576124568063,103.40392674216865,100.15919385053951,102.13984101222049,98.45252096770076,86.22619195337059,98.35323011576098,102.84355366884834,88.57537586381706,95.25071516409199,92.36029595007331,84.35109429727504,90.21805056295888,93.67357470184147,99.78793004234325,111.61419746286158,96.3962498193221,101.49775805099515,97.47484946703973,105.53753508624983,97.39087149226415,76.74098677937464,92.00621096156057,94.1084229951459,95.86593270933678,96.86456814607998,105.90299045905394,96.42386676397359,106.9225654576258,205.54217387861246,116.15213131239315
2009-02-01,108.18706885202458,125.78159504804454,76.43938965848912,107.76184620497193,78.12559146411418,104.75937546433964,84.04650104126264,89.67435512140071,106.9810764051631,92.03785662006433,73.62603488137414,102.4656529970434,90.80981763780768,103.8701931391478,104.54194382929536,94.7482755976616,113.92111713648625,99.1913879160287,82.44684723694456,95.72936442146957,102.21580126385746,84.95012926940602,95.33080051226537,88.49225116630748,80.98672505712487,93.99493309931589,92.72696742782932,100.44846603492019,112.77989721077608,88.43053994469524,101.25648003932798,90.1401769416322,107.48775207994778,97.52164601600624,77.58259766311104,90.02117250420663,93.83016219308244,96.50779019807628,97.04306571279488,108.10905487091304,99.22149985199106,109.49056129630097,208.82454928537877,118.89988186648222
2009-03-01,106.09011958721324,120.38011852917217,79.14612377690614,108.30513507011136,78.45938360456643,105.35281126849465,83.09610076885825,92.05104735504122,107.63772206511082,91.86105267830284,74.8815276487368,103.2673839852394,95.24908734614719,104.97441301158837,105.07485848111394,93.14790225631192,112.18755210757921,95.1500303700463,83.79931170630014,94.00882424941054,96.55566089791317,84.73792496355344,94.99471056943905,88.11247598972743,83.60759674477846,94.68614210722525,94.57657740817324,99.6372771108773,111.84125901441098,89.0758524118927,101.9813464290253,92.59597275900525,108.80745901410319,97.37195032056741,78.15062875690806,88.44708173978493,93.54455569179511,96.20654512179875,93.26020822009082,109.91307482629557,96.62351884562169,110.06739958645313,208.67232454608106,119.30580768098957
2009-04-01,104.23139957208988,116.06614671625155,83.36068089824484,106.67414266529676,81.0794963555882,105.52352723611125,85.02017643157755,91.93900796720634,105.76670530073564,93.6570681846399,76.88905327054695,102.68612883235657,96.3672198691535,104.17071082634199,104.23304369285107,95.3823244616337,100.10346190810719,95.75306026025197,88.82985807695731,92.21308756564093,93.89799976093893,91.34152271192588,95.42397987855561,95.49655695986961,87.4025074469433,94.44393065815869,95.93930241957884,99.05392480960681,110.20676824773297,92.3126353585999,102.90089435616349,93.87786750476806,106.86921201313706,97.25849311857195,85.31487030664108,90.41237520567151,92.9063517961811,95.8502970450771,97.25255963323397,107.96958305511974,98.60689201892906,107.21798865575454,206.2671339945832,115.62382435079117
2009-05-01,102.42813816189107,110.98750114158233,87.27816978582814,103.98642997868465,85.05048786718031,102.80521940103135,89.98599142989116,92.45166818261765,103.14617881771294,95.97148620667483,80.70564137049615,102.70620531513526,96.35979524247533,103.88753506299311,102.78487933806286,99.86954610556703,97.10236264526606,96.6360957577433,92.30424729437915,92.72217817136229,93.89813658802446,95.50716934091739,95.51542614966802,96.61734981720251,89.18381887975588,94.00065770283346,96.45963186850373,98.74543537646558,107.88169247853787,92.51856137097717,103.36405694245808,95.41552771067082,104.21007886442584,97.67185447606383,89.19814623766808,92.98960340319009,93.34544566281228,95.95151844979121,97.49635116803516,104.94065359577189,100.41412312431154,103.68945689643037,202.71395037741345,112.45634303138183
2009-06-01,99.60493497308134,106.95169063375178,90.56051119225353,102.73484995941806,89.17537059383832,102.54243730454309,91.80235866130931,93.52632801257666,102.03705287363431,96.19962839540761,85.35573816656935,103.02345460771124,97.26344653681393,104.62463584633959,102.35625593594784,100.74224526168305,94.78268166826352,96.96657680176929,92.93686899372167,94.27896853472507,93.1274992000524,94.08642260851146,94.85941065790536,95.16111728324762,92.85073678950026,92.42930222906264,95.24274841155555,97.16977972096433,106.18976185181582,90.60134876091608,102.55026868906918,96.15159452843105,103.39918067714864,97.50393744269954,91.54245257336174,90.77498625503888,93.52576776350176,96.5392049428608,96.0952137652501,103.82433401012653,104.50854339515156,102.31810785588213,200.20448698759594,111.64026786398496
2009-07-01,99.10442159567533,105.17038432160528,90.4199452635821,102.41867704245489,90.04770199938802,100.98405356902586,91.79491085106321,95.41510262544725,101.73429510305662,95.82807646601425,86.89768331806697,102.9377605940839,99.78002073914432,104.49393433094856,102.1722215621914,103.66016436542533,93.78578804497789,95.34919705758271,93.53822145499244,95.34075482301517,95.16955414432421,93.69421432411292,93.76497690973528,94.83466424920027,93.40437646559046,92.34990747064916,94.12767853413769,96.32761212087169,104.53779276899662,95.0022758882948,102.01728969894765,94.02539819115795,103.08682578743561,97.56277387988423,92.22012290236569,91.10532724241696,93.18790781366305,96.39773675661912,97.68408789994717,103.43455008590274,104.01341236784391,102.03459812532971,199.7220291939358,111.1219710831946
2009-08-01,98.30034528180994,102.45918437014423,93.22251010524032,101.76071513716323,93.88544747567248,101.05174517408584,94.51934000390203,93.34695399346643,101.0843440745524,95.93839576977501,87.66017958386439,102.87939875477738,100.15645181587753,103.4464309950798,101.88777160926922,104.40380441391443,92.39451462806562,94.87405708441187,94.0351964333535,95.9956794540066,94.21998749972359,94.97770957603333,94.09251709237824,97.08744023200404,96.8436582411678,94.99088241719338,95.30728774433614,95.67022522559874,103.13485588387653,98.74972389053936,101.83481301956519,92.27296500971525,102.55518552791384,97.5053530028818,91.45886786078854,96.23810451660707,93.09384634045229,96.01485689676382,98.71836153267462,102.88698555334268,103.77438610236949,100.54876051020776,198.35818063714063,110.42356426340201
2009-09-01,97.5946348395918,101.34729114137828,94.8762671660306,100.92371812661696,94.26429254522604,101.83762913659322,94.85820880504619,92.10542603454195,99.85429382207369,96.80103372147865,89.0878560635703,103.32641458812925,101.58627448072647,103.84630448885339,101.1724390262103,103.92760109287553,92.77692223127461,93.86387638843928,94.1641773997582,96.75650802908575,96.9871484512425,95.99279450110674,93.65079930629993,93.79566778844605,99.23957522815616,96.51481105279545,95.84610446234628,94.8772400332696,102.2759483051035,98.233858491573,101.5908773579186,93.65007769307249,101.28143130206712,97.87363804766662,95.51814776734408,96.78301075397572,94.06272875055402,95.30866280721175,96.9852654794464,101.43905356382612,100.80156184076203,99.94651849337218,197.45982466185976,108.99130335140237
2009-10-01,96.58908845856658,99.59320603973538,98.58023553806623,99.54316887237161,97.69508500234619,100.01665167639449,97.03313932713891,91.40592869037584,98.42799612225441,97.58780263682516,91.937607644657,103.65220369015621,99.7574910509678,104.19245459020074,100.45973760605828,105.5011784953096,91.95166703681336,96.10138199724372,96.35108530552431,96.68870208081526,96.95964531649963,98.23779677939541,94.85748509310892,94.68827050222465,102.0451102323209,100.01267536681402,95.91420188847715,96.23253436261336,100.86783200109912,96.98896954252942,100.52685719355867,96.50551514910114,99.85697425864943,98.09154569644687,94.80575476352693,95.74163611460266,94.44689782294094,95.17694720408517,96.62648204202759,99.8078668674361,98.28982794358816,98.39578995288565,195.50363106983184,107.38795883307641
2009-11-01,96.23566336907035,99.15197935724173,99.49961269170674,98.81961050440627,97.75265637637989,99.76345283921518,96.32322483042029,97.93714419841284,97.84229793319706,97.58332489957378,88.07509442970881,103.57396501374625,99.8146708197936,104.20874727164642,100.16701565359196,104.41807337847496,91.36932832297948,96.01663518586393,96.05469493508456,94.93642215380977,97.92566010687744,98.67561031952803,94.79165153118146,95.36100853818712,100.07949103240502,99.0742285783102,94.93892821043488,95.39893584909375,100.20527296421761,98.06571131037802,100.5209711781756,97.56465436096777,99.38245735539786,98.35263266061358,93.86001493827803,95.47432769307046,94.66405149257322,95.05390527026827,94.65841643364577,99.19022047561153,100.3029668065579,97.98981435926957,195.59314636984274,106.16951863326094
2009-12-01,97.31000554632273,100.02089998532378,98.30976941255267,99.61264222179891,97.17154183794217,100.63844165470306,97.08408961284441,99.74328789931853,98.44785123838189,97.75219282442926,86.55884644041187,103.27102030520268,98.67179959673398,104.05701672641945,100.44506624052063,103.37948822823897,91.97677786884705,96.59056737009352,96.58953354184503,95.60177055487412,97.61140715265388,99.00573644766196,94.61152729104141,97.49130969979704,99.22081094760837,98.95906087504616,95.65570345819214,97.35594901857002,100.13873270998053,98.61861533232758,101.89686423859126,95.47492596403504,99.83248487554629,98.30345978696646,95.35126789609873,94.54197375655932,94.81385435657741,95.78309009962818,95.35857521936909,99.8230669408768,99.62355927794971,98.24174570910387,196.38561929032093,104.66741619285696
2010-01-01,98.63909530296836,101.63270492968626,99.65481047197278,99.98403831035253,96.9184245411864,101.0381913806938,98.28341886972439,100.86866520857146,98.62006848066055,98.94243677810141,93.33747168428238,102.33249303995473,97.93674340890597,102.8852095562516,100.42402517306277,104.02886057585023,92.60931208279618,98.52865424699547,98.48383330149885,98.22203984446023,95.86417872369934,101.62326127322943,95.77103202152753,98.15734120910834,100.62547407819736,100.58152240671996,97.89138744722922,98.18736365241266,99.74732285695247,99.70351796314476,103.169891564124,97.33753066624399,99.91504904696835,98.0948859774909,96.23436068867039,95.57632925520771,95.73078851093489,96.51317938747648,98.35183679861156,99.9412984658642,100.37053231883061,99.28770156302457,116.7359948212968,103.65062482904108
2010-02-01,100.04472175404129,103.15163852306306,97.70890866114729,101.42476584152583,95.2985395781022,101.38662836915586,97.52141084184873,96.20767362628848,99.75008737185448,98.32148819200789,97.68527470028722,101.35486645196194,97.95790162763119,101.68146135478044,100.94245397586552,102.51619723470216,93.72294986004009,99.07337377971861,98.78229852549454,99.18217167898553,98.0920953386651,100.84616214737514,95.43292843064476,97.72035848963395,98.14568337055734,100.54458533362809,99.86791986694372,98.42196813098859,100.52155278161857,100.43071898823315,103.05369200740948,99.12216953752622,100.84051999271455,97.91386660744902,95.33596506975319,97.06265079777715,95.34496984987348,96.9435192794865,98.00919841073103,101.02194778856469,99.75795368169453,101.05044513272068,99.18086563795853,104.58528062383753
2010-03-01,100.24643413062282,101.63949326531434,100.26468314984322,100.49477402527485,98.25742018593596,100.28351629330663,100.66527770174498,97.5463312396655,99.38252546694277,98.97412560367796,99.56292011168358,100.9729538005219,99.25637129368583,101.18688583831215,100.87306837540552,104.28893884088303,94.75778185445775,100.6840042384511,100.18695708062215,99.4178414319768,97.04727541883746,102.29735409773903,97.72737017317785,100.47197125676229,98.14552664667399,101.24369053030134,99.82544163237574,99.39997806149165,100.9993006538304,103.22194885865714,103.37827646425836,101.47027602468137,100.40369499467859,98.10668978172592,98.78263763488485,98.94813696468249,96.32936290521431,98.49025593840634,96.91499475292466,100.60468531696768,96.20778776490504,100.0457605200118,98.77954092882611,100.62707121211751
2010-04-01,100.24542812560013,100.77699320106213,101.85833224174712,100.31034466006965,99.98176499150793,100.25006555984133,102.56039839434006,98.0413091442924,99.22860611757697,100.14179659912325,97.95432843600413,100.30266161377898,99.82715076008935,100.46389033766911,100.77239930853803,103.75550860984187,95.3056800518404,102.78127764210032,101.42483070277962,100.25527702515151,93.60616686247013,104.33000695435905,101.21472488816457,103.28771684488119,99.03209317012642,101.56877733004205,99.81560188405484,101.83416408400659,101.33610717017802,102.98013726302673,101.62126458188266,103.31849451466056,100.2655238392234,98.7551920063246,99.69367278762991,98.91328891829374,96.79338046247288,99.08980527738665,100.00688001219935,100.42890914216969,98.49396753790988,99.38421650420636,98.69143658886223,100.89688046296719
2010-05-01,102.66583430853528,103.08998444644173,97.08041477665013,102.16594402654391,99.34680658273118,100.17493189403193,99.96590086514682,97.77530193386093,101.36494259179759,98.84305273956836,97.33081009558819,99.20379516982773,98.24314015775903,99.55128904630966,101.49432608380688,98.90047870859549,98.68266847941466,101.89993259970313,101.38019048966859,101.23702544322894,96.8038091392474,101.05605617651949,101.08716221033735,100.12610193433362,99.70369575635479,100.80515883454633,101.85118503838189,100.82890977571275,102.8844707717615,97.92244983856911,100.26527976754547,104.06925599962278,102.13621824078733,99.54929652690572,98.75984276846526,97.90266358069692,96.42468411645864,100.16484515887657,100.68244398580055,102.58455759399898,98.67791574452518,102.31935073501215,100.23380954410197,103.30624520685794
2010-06-01,103.7325566377304,103.02072426540153,95.62526404116383,102.75207605813375,100.45581351802501,99.76075513756079,100.33576855764763,97.75308315978015,102.40788930519807,97.68169416004785,100.64964045830835,98.43965186675561,97.51657933493593,98.77795684743023,101.78769289014309,96.91593225662506,101.34707162213299,101.07208416367098,102.16331204761823,100.68744778428587,98.87529440100838,97.44473128706555,101.27355107743301,100.40384365751709,99.66862519440551,99.38121823523345,102.4957195379816,99.75192748997158,102.35354671909671,96.4636428083308,98.50118833634305,103.48443261575702,102.93801367738207,99.72556934264301,99.71389953134344,98.19879958468835,98.48404706043561,100.34314198137682,100.60755285526679,103.41035980241931,101.21245568363548,102.86099300902241,100.3880924620193,104.05813666309874
2010-07-01,101.60880365500708,100.8217735477626,96.40773947634524,101.83190579459949,100.89083115546207,100.60815702714301,99.19351218452593,97.1065274153642,101.35251091236157,98.05620209898231,102.36811387615468,99.18231283160179,99.5872043441234,99.22428635950862,100.67424650514948,96.62620086072613,101.74794140425831,98.82281071566557,101.65691122598317,98.40618317804555,101.61461510425181,96.79960010028547,101.63363904451488,99.01378726659118,100.77269518898866,98.7069651583277,101.2462734426308,98.4442552228946,100.58991263595662,97.43988941711741,98.62490072053419,101.87064101162295,101.38253916533407,99.90524458040004,98.6868351959086,99.83890197423487,101.72481519166885,99.02022017819158,100.06559199282673,101.5537236392515,101.55930558270363,101.48844425384662,99.31161557964516,101.30923999591485
2010-08-01,100.37750598472645,99.84679625345993,98.03417856125753,100.85624253008415,100.71021989244517,98.39447792290524,99.198954303305,100.63426199255136,100.06338172179574,98.73104944866895,104.84704499702484,99.01239205237243,101.46374619323393,98.93427201895062,100.21749488058911,97.18069328070943,103.88324540916769,98.56394746421786,101.15271162456321,99.24982217079045,103.43886336368475,97.99942258483638,102.2314601422557,99.12711740237188,99.63698421966689,99.42946401879004,101.12029956947708,99.80923214570326,99.80946727978409,99.46618893377739,98.87064920722241,101.50006030554577,100.34751656258835,100.52218144248985,100.96806294538543,100.34572000208124,102.05227732659824,99.72895572088312,101.0121028312962,100.30712904045029,103.00623244879561,100.65500235937446,98.76136531251163,100.29818774128351
2010-09-01,99.08025553532426,98.11909250688561,101.13454888627327,99.95649671319813,102.2941874767652,99.71166368390932,99.54898491794233,102.90092065770973,99.82104266087507,99.2760817924063,105.13555626790362,99.21272656156975,102.23349034881184,98.86050159610562,99.42976513754469,97.14989054089861,105.018120091251,98.94738008027477,100.07772068872373,99.90189270217283,103.67894860896286,98.86817925339008,102.73297551428327,98.43678756446332,99.96153573983018,99.9287222965833,100.45151440847033,101.07201357589655,98.88846019875903,100.59031820307713,98.41827298260033,98.91280657537739,99.33295468007043,101.17202512016404,102.29833658287527,102.70690371368913,104.83437296272015,101.7409670715858,101.343069906159,99.12324552498777,101.10713911144364,99.8773571427976,98.21309803912962,96.91551039521111
2010-10-01,96.78433804667115,95.51317670752216,103.42471486345828,95.95131787357167,102.1799177241989,97.98730973598425,100.17990197678826,102.62214333402939,98.5009060536788,102.12536874202252,103.25293690431556,100.63522942177956,103.45229706225642,100.12846959671269,97.63728341112909,101.07006022155795,104.90386372505482,100.28973531061622,98.13051704173118,100.34518525634984,104.91322304902164,100.20471414210621,100.55441052689807,100.4697448992892,100.33969109764544,99.30934611787828,98.30380941356906,100.84290123842044,96.78781134198123,101.61277240641323,98.68016211025848,95.84996409879878,96.81826121113477,101.724469747932,102.29135920169739,103.63952957144096,103.48244792902699,102.51413634882427,102.34854241321617,96.25986154150081,98.69125566345632,97.25690710888696,96.90679637464223,94.75482543544338
2010-11-01,97.49282398039102,96.16511376785373,104.44480805921685,96.22314709155953,100.89203023854536,97.81415101326562,100.87686392944444,103.56306245970283,99.1304162249318,103.99561027570718,100.55839380871186,100.21950390357779,102.83356858282096,99.80895026694631,97.7362148064287,100.25855178244495,105.56821238709988,99.41526573382873,98.20457359856901,100.20734780232388,104.11948619777647,99.7582204841951,100.16252407875999,101.54102026095184,103.1104527182867,98.15311608439228,98.35177820277241,100.65294293998693,97.63708468804441,101.37847539109315,98.19443213063835,94.97709500260476,97.30046352124799,102.384588852411,102.09863016640324,102.84653726515822,103.06103909007689,103.10224486004617,102.22194484579302,96.88025661490066,100.63100819867404,97.44387097612439,97.38181105287335,94.85828144888444
2010-12-01,98.635346388294,96.19443013690011,105.79079302032055,97.68561588178522,102.88812318873705,102.33546875237913,101.67314712574031,105.95741641634481,99.93578346762567,105.58359527462868,97.86525247154852,99.33793667875433,100.22149715703657,98.65628420387904,97.80059677261602,98.97614464351567,104.71309025649214,99.72604177833948,98.05289379685233,102.60089678571738,103.49323223374931,98.98313297499965,100.55651160499299,101.33492705252411,100.9792766021399,100.16297561674025,98.3843613465873,100.46609369214947,98.15587296357826,99.74103015087952,97.98581741143853,97.83438269855293,98.01088382492154,102.40080480475902,105.74061153228662,104.76884995198039,107.22292442986472,102.79925470707067,98.31763430856549,97.74200702139171,100.01230651765083,98.04754658303614,97.88570254259942,95.31816169494392
2011-01-01,99.11817698974033,95.4500459339359,105.15639301830791,96.79906529484607,103.4071828593422,102.25432455710259,102.77014528128248,101.88670177120558,99.93023165991816,108.37968935486369,100.27710308018005,99.2182494954215,102.93170812730663,98.33222967162783,96.94983656018337,99.47841051625556,102.55196732949268,98.44968100465933,97.051645185954,102.51526369926711,103.62095973099397,100.60777234879168,102.00999456567483,103.21695674183322,102.29069733607734,100.98938315466768,98.71566080677027,99.00154966055273,97.702867836589,102.17950875622996,98.62380153720898,99.03805906985652,97.43041519239668,103.17609553066845,103.22416508530765,106.30486274549513,107.59829375145972,100.54354648159223,94.6766733277975,97.32415399827,100.24204329804655,96.92859445139158,97.35481425055514,94.74589811308435
2011-02-01,98.93946893782409,93.75670969220931,105.98865722035194,95.31486206623356,103.14454195737501,101.67871433243603,103.07438155474287,104.33474635062392,99.64804781766671,107.6951458985355,98.98812201509496,99.62124132539819,103.83914371006786,98.42202418711906,96.46317522323159,101.25557149833652,100.94294728848978,97.93296822628305,98.00180838086878,99.64034350250436,103.12160845482235,100.26771412204774,102.11778569025229,103.40616213186746,100.90764649883386,101.1811525697623,98.72493943232627,99.95456289190679,97.59956357313033,101.23895897272233,99.23872108337827,100.57282386751221,97.08051589358804,103.49656074166309,98.66043946225219,108.23060018342012,106.5114976088055,99.5582177134559,91.78469753606512,96.94913942504554,101.10355342564088,96.23303053361431,96.98654255170906,94.09443430414373
2011-03-01,98.57068409823096,92.67633109564473,105.7245725776771,94.05736759524827,102.86868864801362,102.11273037526306,103.95513431992644,102.81293094068005,99.27635743025382,106.87127335060858,98.47407016118203,100.23075981868286,103.75905279109622,99.14921356845893,95.97072887949977,101.75392782236594,100.23333518823256,98.13038656715224,99.15712166708404,101.16396902908305,103.78734171246724,99.4643436760275,101.84823532112821,103.6522916212034,97.6946776572494,102.09548034317717,97.62930094388904,99.83645944296214,96.87026510006834,99.32014901396813,101.65343346633078,101.83450744611599,96.33164404903243,103.61141319840928,101.40233113354739,107.67692567622929,108.20984416060102,100.1258916107046,90.71520013774183,96.069907784742,99.49471207260174,95.3480372946721,96.5359216482661,87.3185160232671
2011-04-01,97.00533079799483,89.82728486764809,109.50389540106057,91.12495328838524,106.42531625548328,101.97411678331405,105.4868697278742,103.31489820583406,98.64850401639059,108.73323382140192,101.34419557600556,100.82508853890756,104.40234745763091,99.78878474819403,95.43020615464232,104.2968620437958,99.74408623096639,98.14024391231334,99.48863237647197,103.36095610204093,100.3697083577306,101.79809569047467,101.6126449611945,105.64619073140473,101.99787761060503,103.27930332526134,95.02772065994036,99.75322988546704,96.71071853086652,100.77916611481403,103.23099055954874,100.69236701237078,95.3485525376282,104.25010635211498,102.75539965792284,107.19256201389906,108.08281317846931,100.32486318489484,92.2038679998301,95.07061262332867,98.42057146659407,93.77145324784757,95.49677072757376,86.24246588384665
2011-05-01,97.13089967574165,89.80199486416086,110.05762183468481,90.94404520891496,104.56798246235175,100.3140861671312,104.32025723123364,103.95841121717903,98.88396062915477,109.66695681076499,101.82922888755903,100.52234416401504,103.81401429626065,99.56652535171655,94.95789781261372,103.36643246999155,98.78246289633725,96.8116746319276,99.99258548946499,102.48286205990105,102.9198745862916,101.42822135171899,100.97411589811986,106.21231548043217,102.56610774540044,102.53353266892849,96.17478210798969,99.22120055176528,96.13578953845466,101.37233627264013,102.93246562895617,101.55556035702318,95.1552239856896,104.78445166849772,100.65365374467015,107.14393017359014,111.60820614782361,99.10137184309147,89.19424363692839,94.92440551028275,98.67286528328705,93.7113430295715,95.53811155274826,87.24976210538894
2011-06-01,96.9957982201872,89.07540902551254,108.99975643887163,89.98962717124786,106.04893328183562,99.9064292408145,103.24189913907027,103.31001094636036,99.102025340009,109.31288206707879,102.66892495493047,100.6002899000463,104.36519143399143,99.91173196245865,94.58256258388008,103.60118569320869,98.12143806996899,96.78706586732854,99.81248659757219,103.74950745005025,103.80440769471804,101.63554285222214,100.40572640615848,104.71378316659813,105.00946349996761,103.07431065806702,96.12986130212995,98.5328421582957,95.40343031906625,100.74737948148137,101.13698693092523,101.10562651551768,94.93878775195859,105.06851063309509,101.39674741577716,105.4207171696847,115.86453359722837,97.93205446289048,87.46949758731071,94.72592803918009,97.62015646546315,93.85952853514962,95.35492470719153,87.09708032276643
2011-07-01,96.31611476322831,88.00741002442336,109.90342405045067,89.165692258503,107.49259123602258,98.37536874124102,105.45800422482743,104.33911295953695,98.88326637492797,109.40467188053927,103.67990258612477,100.2683903544395,104.03967916735685,99.67369155705589,94.14734636503604,103.12513152721921,97.71487245742317,97.4853439542876,99.45291461805752,103.72623539695157,104.69010688095473,103.36771510170861,100.92023053858587,105.77540799852186,108.25799690782092,103.3386137533098,96.38393596804272,99.51496452305095,95.02498152677441,99.95296907684225,99.99943178584412,101.80371683056546,94.42708692084338,106.0250284211976,101.24287377096988,104.81505977297768,118.6633196457137,98.68344761503003,84.85597178973977,94.16377619342889,97.37241114248334,93.1486950917773,95.10186095243027,86.84638125643008
2011-08-01,96.63343609907778,87.57497904413054,106.65804028462071,88.34040833458157,105.45700012630948,98.58947087777354,102.70166941266716,103.4788991910907,99.75392611021819,108.84284877415813,102.48861947448702,100.4816382207083,104.66334828268258,99.9614162841157,93.41547283902833,101.71712517479257,98.58582834828076,95.2594170859577,98.96716213970224,99.92825417848525,108.05155058960436,101.51033116306014,100.80870135745306,100.88911887487528,107.59991890131077,103.34547151106676,96.21167253526765,99.74969559001691,94.2844044964847,97.26389740571965,100.49966218164069,98.53104764635032,94.29355705664568,106.50904810117869,96.83517542075529,104.77273739033146,124.88314323739182,98.8149111966402,80.26838360366737,94.07599529661162,98.58306022032029,93.89227705216562,95.2317124815173,86.15179441263808
2011-09-01,97.81948470871488,90.71737650162568,105.6857185787781,92.03181024395128,98.75286067246233,100.47968608374647,101.42894841761547,102.01671774078882,102.30304343127396,106.1254970896717,101.835445987953,100.41638074220593,103.80733094534509,99.63858603030275,94.46890521815541,97.2407546111104,100.35501203703177,92.73314054577058,97.93803354452703,98.6507786343232,110.42544315568298,98.73502718614672,99.3677974912621,95.37853353694389,106.4442140227692,103.71720464113989,98.72388321607627,99.77423092283821,95.04952171762707,92.43939343694746,100.14931392314641,95.64277804877275,96.29209660112741,104.9593333239364,93.03737846106114,104.84432026623614,115.63623110549185,98.84965474943334,81.3782336663871,96.57842824493176,98.52618678303328,96.70346184255651,96.97687829123645,86.82626482304573
2011-10-01,98.25083216236965,91.65931642855489,105.43792598899597,91.19463419546086,97.45418216089512,101.5159851684709,99.83666012070472,97.04952665309126,103.56518865322076,104.18109657015577,98.53477200531967,100.65945104864818,102.81211999207476,99.73870444398014,94.96804517887338,93.6124500090231,101.58465099931952,90.26258710450566,98.15659646478645,99.92250688416073,111.45025101675567,96.62993600018675,98.49258327147278,92.6807921131883,104.03888009744821,103.45712325603272,100.25098110322286,99.82609456496375,96.24601683486466,92.43970632036313,99.74081796560282,94.66880672948092,97.20880888665772,103.70884945770338,88.74656213257,105.27322389006208,113.01124426466922,98.09071399869654,80.48015153915152,97.768659167437,98.934798650074,97.8950266187553,97.68528510058965,87.52158814373014
2011-11-01,98.58516261795462,91.18626330720164,105.69923426848567,90.35411746469227,97.30943913780756,101.18617379731461,99.51618359015912,97.97796595906988,104.16310869580896,104.31294850804436,98.25758524600985,100.46922177207622,100.26185657501499,99.64283626426186,95.0711775557884,89.71553045447322,101.34710021574472,87.90391290284167,97.01979970801968,98.77329794494645,110.41487378013086,98.50757921037336,98.37182273585495,91.09057008030126,101.94953767977569,102.48102530676535,101.61231189329199,100.23443452649366,96.60326226075237,90.62896194185213,99.14094257192725,96.82163148843692,97.7058513037329,103.1293948518023,87.19170853292061,104.77868030972199,112.61287431287339,98.22511484937989,81.76717905454028,98.64727765665512,100.20745338126893,98.49943057850496,98.04791357123814,87.0425781008163
2011-12-01,99.66798104997976,92.01224872281205,106.7293763066838,90.79081254841361,95.67715080849403,102.81388988998792,100.08095453814722,97.11851268696364,105.36787936398228,104.2292593505677,98.30381189244028,99.85091244880196,99.75679112442444,98.97300016089015,95.46262535902247,90.79983455501326,100.42103299950026,85.67761394746715,96.98589639846884,98.92328574414184,110.51569117099508,97.84947580081456,98.84504990946364,91.02572893668578,102.4291536659305,102.10462010699956,102.90378587970889,100.05979483691787,94.67697630511415,89.37873360813545,99.44780973002935,96.5980975980836,98.71827362723624,103.33219743957855,88.00595494472286,105.55948165698005,112.0777669033447,98.07763225506973,80.77853184956405,100.11154297258284,100.85626028479007,99.26141923322433,98.73471544663667,87.60115516014191
2012-01-01,98.9341192851412,90.56661938756915,109.06130396833409,85.23514323602943,98.22738036293926,102.78517054285825,101.04253552215899,99.85023347790352,105.53516608195979,105.07262070930854,102.40267346736145,98.97130157116253,99.12657297110601,97.93117580787607,95.31745148820467,89.2400042741867,99.42228917682168,87.93728838930625,96.50303303271151,98.3676365703663,111.41296352913473,97.90254317901295,100.0342846270256,93.19660176168081,105.63952538309596,101.93922291976251,102.65741972741733,100.0202393407128,93.79814025830414,90.92724000290801,98.54079131175199,98.08894126393022,98.32598433596937,104.26850125964404,90.0428553500835,106.61263604361015,112.6499837229075,96.46671905602254,82.6831532500517,99.55940004044722,101.08062329948598,98.73550958755565,98.31514074250252,87.30803392886021
2012-02-01,98.84974682675674,87.79733135552942,111.36350177635524,81.17524270929533,100.99687648415096,100.01270086693343,102.06705283938324,102.8189046492141,104.40694988976855,106.72396536164948,105.19482171318113,98.93556301697134,100.69418885860684,97.8928044816526,94.75999778274016,94.2182489045556,97.3701016279824,90.42642110643514,96.09910688045463,98.57742506433127,107.88052316979473,98.70703020262025,101.9429108744923,97.35271924155673,108.63596281631031,103.86623565594313,101.55751044210488,101.2806275834108,92.33008510964041,94.82049332627038,97.56413710145098,100.79963600099724,97.21780978447023,105.05308246914502,92.90178006960575,106.82665998039906,113.45348128673325,98.28795617900396,84.5379307987373,98.02945332423053,100.74300794652528,96.89775145500566,97.17665330526535,86.55061805614451
2012-03-01,99.74961564555724,88.90820372808057,110.48547881225794,84.38105263788567,97.16148819945303,102.62769920580592,102.66570633546107,102.86271708927582,105.16510355394688,106.78016596055824,106.59135883950486,98.95143251969743,102.11470794622062,97.98342321702968,95.21482345237034,93.61237471842983,95.41493422796958,88.59498914744766,95.68290602670648,98.40155339932218,102.92979570299055,99.27110346034597,102.09190798285638,97.95960461382911,107.75080109113249,104.22787097116183,102.6162595411105,101.65472114769216,92.62996771312065,95.74499465436188,97.24894246487517,102.79495577356906,98.33443596639593,105.42605173360108,94.20725791825284,105.99912974634005,113.72096015432116,99.40226148638732,83.16198530072192,99.47289997213234,101.15532071187499,97.31632225580847,97.61191775868762,88.25359292523183
2012-04-01,100.49573724961196,89.15489806293127,108.51841899109785,84.66339937765072,94.16460894973139,102.69930609068592,102.83966595181107,103.07100880392748,105.57029358011758,107.0676562244812,106.48180810915451,98.88178285210437,101.55213007002224,97.81575991859629,95.1048858723274,92.76585385096136,95.33040966959221,86.30619328609068,95.51746814642263,98.91242205124895,104.66894546145436,98.49297797976345,101.61335909361999,95.61721048830418,107.84684232897348,103.33015957577587,103.43579715837757,102.07728100834605,92.8304360037673,94.75335319959905,97.05010344044719,102.64909455003306,98.54516108708489,106.34171370592973,91.70393011278125,106.2554133097396,113.96271894144672,98.84972209935367,83.50638991324286,99.90342428142453,102.7218087710318,97.67708886364244,97.98272599779008,87.95866240504205
2012-05-01,101.46076205052437,90.96232464858913,105.51629327770102,86.0832914603183,89.24684653417664,102.35474374383922,101.58978217336538,102.18711288308747,106.58177270462564,106.9136633566437,106.77262508186602,98.55307057348973,99.48585291410187,97.67623174178594,95.67984425588776,93.07861425302917,97.52179323907265,83.10726147754625,94.89016063120275,98.41559961033529,108.05856940359506,97.44168130882491,101.03789480075804,92.04062156489351,103.49461603351567,102.75017948930474,104.54577746169778,102.00705699913593,93.13084996283554,92.18293246421514,95.6206376128922,100.01736851585402,99.72869038508203,106.41233781661606,89.26607851831864,104.38194032137109,113.32171902849126,98.13487293074748,84.49860880257948,101.55318273142764,104.4463200651551,99.52117740364372,99.27710343114943,88.84114474194996
2012-06-01,99.1051488372041,92.130697616304,106.44916822596949,87.22286822347482,87.3719602524656,103.02675133309592,100.29864642804027,101.40384318430007,106.89736226938065,105.3824262982709,107.78828601282673,98.45526453656454,98.24501040167797,97.32773885916728,96.50241026127262,93.23930517603203,98.98362447634979,81.60292416119029,94.4126199595689,98.02443663263074,109.7680464216682,97.76134210249204,99.35647496604237,90.38494991211363,105.13301617951896,102.80857471217577,105.63481821948557,103.23548913798284,91.09596746030863,92.35764624790613,95.18560583152382,95.6285909674072,100.67452422180342,106.18702312586954,87.9817203898961,105.65378263391625,112.9082444720212,97.9351450489347,85.72838676471363,102.80388643822616,103.6959562226395,100.98796456616792,100.16220908859614,89.53953734688372
2012-07-01,95.94042119609081,90.36903528019968,109.60322387837181,87.60069592956916,88.50166101351152,101.72479737896003,101.63231721053239,104.1517836744936,106.44410308571838,105.21282604650493,108.16461263749189,97.5654479014851,98.30840993336713,95.94130230246677,96.56309112830682,94.98952896457793,101.31701121935596,82.55632781615773,94.00624366931986,96.03591233665914,109.8377923966036,99.44936710003681,99.46122600476261,94.22996014524055,106.88511913431577,102.52697819302645,107.05137274024491,105.11475963767221,90.95646629997402,94.16137201893285,92.44084156352824,97.50967403774919,100.45783976158533,107.51257410326514,89.72607857840953,108.73906712680505,111.90688153940005,97.75355833108657,86.85905366920554,102.52294218678071,104.86131038066888,100.30934765061174,100.05731372411985,89.3892977563223
2012-08-01,95.00633114192894,88.82009987222106,110.88633955424874,86.88782172409996,88.06862393084714,101.39343454112324,103.55719026709671,106.1706191047066,106.0975571628941,105.28174768781471,106.46240505075981,97.45519466394092,99.73404562583337,95.29705737051404,96.23806225393068,97.30615306594098,104.9924052809833,82.05536208684472,92.96112894604404,94.971274598553,109.75529067405311,99.96369526888684,100.65405364778218,95.278070583904,107.6761382967201,104.10165888786787,107.28554071205131,104.11727359663536,90.50445064723188,95.9572957286636,92.886508885236,98.26071469436222,100.06730464155487,108.11548984596327,89.00631344376964,111.99445972959894,112.01988376645704,97.95347512740939,86.85633633525332,102.10651606770446,104.74388395053529,99.41761055635735,99.85430302121196,88.68157691953974
2012-09-01,94.97053927913433,86.68384399166109,108.82778554208915,85.80046930326215,87.16180070746759,101.17814066100799,104.48952520039437,106.4964048517376,105.65075226256144,106.83125814141825,105.62515810758275,98.33829118216131,101.40883063145722,96.29320327106389,95.35263197011173,96.07293343499298,100.04840665754413,82.7909207592289,91.43513570715088,95.10014829903535,109.5577549646658,99.86547949608669,100.87416913626839,96.6417606654184,107.89326174024978,104.27220511808164,106.60252907043271,104.01321967916302,89.5268898775499,95.53745338562464,93.92546984542189,97.60051949502112,98.98964537054322,108.58538079337343,87.50829985976011,110.17088925765907,112.46091123194681,98.49372281363853,84.66442092602644,100.769565148388,104.8607335016807,97.92625014124809,99.12713361784131,88.19296873106663
2012-10-01,94.65452942890889,85.41493690064316,107.42788711443028,85.34087525159035,86.78387732951481,101.11201253456422,103.49029708409631,106.04565769834826,106.22991811325369,107.83123362842848,105.1959167761974,98.57090243735183,100.70040958412943,96.62953981346277,94.80262686522424,96.97505467327574,98.40571038185911,84.80283212721072,90.62710980045247,96.9100886075656,107.94776230507239,101.19198821272848,101.3352950539375,96.93962306044456,108.10986823439974,104.58558101304907,106.90231201489244,104.51148018788565,88.49661172816322,96.34190836678155,92.71669364523913,97.89778135232746,98.50972699694306,108.81978208782684,83.4027821536919,108.86006517442944,112.69179766535066,99.3358183117224,84.10876803011732,100.05314347525594,104.10251310897618,97.65477398398907,98.76652814804588,86.86304051112342
2012-11-01,95.17562607876366,84.90173634242466,108.9377704970031,86.49027829677101,85.68341542284216,101.80351957077119,102.63779136794918,105.4360363021684,107.38354695388774,108.29616979201634,104.74365864540573,98.37663230324392,98.89121953171669,96.38792244989729,94.78409449898234,96.77557570404728,96.92893683103902,82.30292024651041,90.80807172803421,96.3832457952362,105.15531997861656,103.3225752654362,101.59328339206087,95.7211696982819,108.00489901778836,105.32187818445158,107.03398268373061,105.5509986616614,88.1426683925262,95.66025466393057,93.30857812715907,97.79900121063805,99.13482901730629,109.07955654394878,82.44934010439499,108.66428829514831,112.87270983074507,99.71898173751799,85.17803666488702,101.10964104191635,104.09796944288014,98.37229325673239,99.28086435680427,87.87495488190346
2012-12-01,95.37889450505641,83.06546958139022,109.6585030483115,85.92434559095803,84.81294237379004,102.24780903098545,103.1614320585825,105.98782935735326,107.1265994196882,108.53571136677849,105.90180501256327,98.91635998917923,99.72486451976263,96.91881167525474,94.70731289744465,95.85026240263548,95.98830823248994,82.1230188046654,90.7569713130893,98.51589007107242,101.42177054893678,104.45890406673763,101.7393979439455,97.19739775779091,109.31978346688547,105.84918668690145,107.85123361799303,105.85550641668394,86.7375754395139,96.76095027580223,94.434827458019,98.53338105226855,99.08701005579226,109.16244480940298,83.68954603918135,108.65390330309319,113.39079346279051,100.10947293433956,84.24685191816383,101.06604361215217,103.82808564486194,97.6832573838999,98.99261177894334,87.84014848372658
2013-01-01,95.21272044176432,81.13375161449467,110.63903341548,87.57375343658276,86.72052048521844,102.42180000104042,102.9091717143185,107.05797966224794,107.69915448320195,108.38510472585622,106.96694833201342,99.49643059084379,98.74635521489584,97.42531797117485,94.86237844867031,93.44024488693408,93.65396120675835,82.69408771706084,91.15091680246611,99.21087164388027,94.90628352886232,105.8305967239699,102.75582878118912,98.4034971861855,110.26081498432706,106.26660501638494,108.36148178007309,107.31561129842319,86.437440646691,95.9878914231998,97.21989922326175,99.66133705934881,99.63911929448659,108.50784827665542,82.09786787665347,109.66053737779755,112.33847358384293,102.99257614849854,84.34881081494817,101.60207785723362,101.96724325604364,97.62946337373887,98.73969056194272,88.30287246612927
2013-02-01,95.2727327185603,79.96274414500911,109.76069977814149,88.47191147516894,90.02997055638838,102.99159616548408,101.47000346873496,107.77175697451358,108.53051703070375,106.40330083013644,106.61431869647713,99.92515812969168,99.37463952960398,97.78595719339864,95.40456631077082,94.16052595063195,94.30316104052037,83.89759280161995,91.97557860798318,100.58473396271317,91.11593540052199,104.54256583544064,101.66471254914744,98.50588362319694,111.76906638977853,106.58492106809352,107.9933320385684,108.50543232142955,86.33457094494466,95.57965133707633,97.41087075795367,99.88014954138161,100.49384853100986,108.58907744273998,81.59411282653213,111.71912161207365,112.8384462230547,104.93882254499833,84.05988244619965,102.36440806058,98.79472617219321,98.76521401942577,74.866132769006,89.07786692593828
2013-03-01,95.89488011617217,79.57830013903626,110.9419805118289,89.81489819028083,90.68579269580727,103.54804602934537,100.26247810875577,108.67653400322274,109.99119917009634,106.05436472350354,106.1800934102936,99.33647072635834,98.4090279355274,97.16496596176758,95.732999169981,90.58612667450933,98.51283633002033,83.87298480765564,92.4246866549401,102.28792123686503,89.86111020181156,103.65893283693042,102.00153299783187,100.43164141944605,111.06664795905053,104.93426866874441,108.51161306156978,109.16273478315779,86.87498754657781,95.66334267401469,97.178253222314,100.02604369541777,101.51869174513364,108.59479906724509,79.91903334860015,113.38848731018032,112.16201283311106,106.93575160676056,84.20129314576526,103.47623549803153,98.17465074469139,99.77373451660002,67.72777129954936,89.47614413109739
2013-04-01,95.78689777434856,78.60523544720849,111.52208006154503,90.58817782116526,89.81802605830347,103.65411276320853,100.76833571907078,108.93202830210429,110.88384299645517,105.70883283268185,105.00434921651333,99.44979127889823,97.76535272186771,97.40470829585986,95.52977452447959,92.05637563210828,103.55888055712312,83.84611380693524,92.51865324116757,103.84256388902635,86.89249146507753,102.08953672931875,104.22228408565539,103.10451524947115,113.71190661503967,104.18643529555078,108.34886126337943,108.25039111068575,86.47491449092595,96.3605494231233,97.46093279629832,98.11561499540889,101.85534483356578,109.26671751704265,80.5895812550343,112.26104658701408,112.9382997280998,108.9085661785901,84.63902213932573,103.65577666984807,99.41522039360832,99.29656875466567,67.6286978058373,89.64855246786064
2013-05-01,95.83164938485325,77.94891559575024,106.69503061566614,90.86428869922894,88.67919163963795,103.33980278160256,100.62918233992444,107.77413070536024,112.5225601362216,105.82101980996556,104.39793077100832,99.52817677737092,97.59963636987055,97.69282380603403,95.53578459122676,94.04517160920982,102.04069377009843,83.14988698140414,92.86998082469523,103.79559963602073,84.45110314130501,103.47326650367401,106.01171723387459,102.28704088885145,111.6974254226792,104.11593628591814,106.99180289457762,108.50328255736505,86.64156984153372,95.29359459603423,98.3273059322261,98.4826258312082,102.51126375661792,108.58539057115888,78.61331919112841,110.67973344038842,111.04818024873984,107.09945714653786,83.3991614690175,104.68100504526257,99.7822426227899,99.80245072454692,67.84869845678692,90.30389919497453
2013-06-01,95.76752324493427,78.44190921130145,101.94226591130703,91.9595121958612,83.46229169294278,101.92373411741511,99.73006897746401,103.37517324672501,113.32169558151652,105.28729020478687,101.79198604839917,100.40080366497747,98.71805349362675,98.55995936164193,95.57174719551827,93.7574940619287,100.82255104025207,78.622360033369,92.34266463752532,103.97265081149276,88.46655249131653,101.65969704786022,102.1223878950154,97.33355388778901,108.41221996020853,102.38453214192802,103.51784470265464,104.55174984960401,86.75265171753628,93.68282594404474,96.02005846624542,94.85794232364862,103.04480973718898,108.7250781363571,73.62960098914677,110.3467061556551,112.98824382676445,103.64207499871073,80.28502426056919,105.66272797145304,100.60000825145397,100.76330782946347,68.53455248045812,90.40227882933497
2013-07-01,96.15425659422101,77.99285888147485,99.6467133588423,93.05449851731778,80.94505059411694,101.76399477753115,98.94045787229503,103.68793775891278,114.22782486285156,105.28618306059015,102.693329961754,100.46361446382579,98.00798148004264,98.73377246881519,96.01733604634587,93.98608520249377,101.39114140741097,77.28446620677042,91.33648888906298,105.43616407351475,86.8377923554015,103.35292318041722,101.51561405474119,98.97844781250926,109.30970865639583,100.68511461633759,103.07573763103659,104.36425622684627,85.49098116133581,93.98335417682988,97.3055324554967,94.37359101014103,103.87313330142298,108.86052072526498,74.9961390109589,110.9216199321631,112.65371854354085,103.66242291190476,79.45755429933186,106.90085933269356,99.41617170527167,101.3108863995815,68.96104127877766,89.90434621725912
2013-08-01,94.39479789760547,76.85507054817528,98.02694842737671,93.17581206932546,77.77881563882995,101.58691251300378,98.81347684791574,102.16596139399114,114.50139910518864,105.27487394987716,102.81143504286332,101.0123471016547,98.70589364692431,99.19809260024908,95.86154654217644,92.84613668076183,102.57868907741707,73.21556015469965,86.66122208519295,105.81444333697925,88.66578852488509,104.41921092796993,99.0423257967984,97.63867707942944,109.841267788253,100.2956151927886,102.06929677518839,102.90519549057726,83.58323063779821,95.37523902491337,97.54140155173405,92.56632002302644,104.07696624808804,109.32632617138185,73.54046061431745,110.93520981326475,113.83676111570526,102.1769670127552,77.66355375249778,107.56292919655567,100.56516740359373,101.28307257561701,69.35386573844507,89.98175788309022
2013-09-01,92.65001389669358,74.05461678025983,100.63386155228872,93.30280439103848,80.18500207375543,101.35086512503982,99.27835283136632,103.5224387482034,114.10752410512495,106.37914772476988,101.76943064937716,100.92708920760222,98.7501182429259,99.03614678597211,95.73537105335501,92.71169739378541,100.92569514705312,72.17581683778013,81.44767884308017,105.8183360816353,87.22181648378314,107.60896283341988,99.85719882008458,96.39457125014891,112.21002398138917,99.39458884124532,102.67051016888101,103.34205779700234,81.66116696785231,95.0488908445657,97.01325524750119,93.62544405897401,104.02407094360997,110.32890870318852,74.14056808347743,111.15125505128,113.79493756511012,101.91688334621531,75.18285419079838,107.66376197709207,102.66019957248449,101.14644125873207,69.2992496957988,89.76609047467528
2013-10-01,91.57362285337821,71.30487126579456,101.93274005753065,92.07228135352268,82.60479280786616,100.95278360036228,98.81760591868068,103.23478166508208,113.01224991192169,107.28951622321159,102.85622707388384,101.24669334100862,99.31817501181787,99.5116839060543,94.96844652379444,94.44629628391029,99.46745926763906,74.13356814278461,81.9072672906957,105.38461089396283,87.6445247441799,108.25608030888505,101.07705264594833,96.45279688801794,113.48816698909256,98.01324580841253,102.01483854917971,103.62191511151346,80.2411874604169,96.30006623634728,97.39019797788153,93.48245925221713,102.67718086297381,110.6307659976406,73.63175595970664,110.70475693322477,114.58340429599525,102.31482657534026,75.17389519537801,105.7756783462158,102.54183764988937,100.17381381395415,68.65610261144978,88.76253164375588
2013-11-01,93.7128332323801,70.71657317700222,100.52931592120804,92.942660735723,79.49221996027217,102.18066636479763,97.86507311995571,100.45915890813322,114.28006035197222,106.80431707338052,101.61551719535835,101.27809313407488,94.63396781311393,99.7241192613102,95.26019479519987,93.66293630978376,99.9261171334339,73.45827020404978,79.28233584671754,106.16437456611791,86.19536855680843,109.57007884646286,101.1358049100739,96.31296129902469,113.44240925469325,96.89298487621213,101.94437482578209,103.31496825859212,79.77249487041342,96.65545169375541,97.59138050365469,92.54851325648727,103.5305644806184,111.27128850371146,72.21700829844528,109.11857829899527,114.42201958365814,101.8621165989644,74.50107990710616,106.82876089640749,103.66281471583872,101.04064220815874,69.14466673360494,89.42213981205663
2013-12-01,94.98087688645046,67.66688188288215,97.30834396640329,92.80926108386066,77.96052501566932,103.2670640373188,96.30949654585613,98.79195641658455,115.22914707251869,106.1020089005547,101.0001116790048,101.85025787257109,92.84133461101891,100.40120119911941,95.26440224891252,93.29709447989359,102.71106704253128,74.4772824895245,76.78890188007453,106.60872710707004,83.65590575864456,110.94252186172955,100.3700842148336,96.79189533690071,113.92480256576538,95.02248857306387,102.56809341632602,102.64593716435199,80.14644318614619,97.48554427379304,97.67577635212736,91.39252159570451,103.82376925346873,111.07681956537232,70.86310103322378,108.91387585737591,115.95558514059312,100.42870736031352,72.57240423816383,107.0521585289922,104.74062946894679,101.26386606900589,69.11712779434424,89.93314241812872
2014-01-01,96.61967817194459,61.22382781467602,96.12297541730179,93.58516521191447,77.80713287233996,103.82175763337645,93.81643669330582,98.23966267181332,116.68113599245811,104.56176674048452,100.47670942805989,101.90175232048979,93.0532167605379,100.13150903127314,95.35209064147811,92.7771942934262,104.68640517516145,74.67570355734303,76.83891613949216,107.63936586926623,83.72659392781945,110.21121179303368,99.18655177233005,95.44697787492316,115.3278161798786,94.87129798150312,102.65229724545983,101.39745025362612,81.73050126582217,97.58046584683062,96.84791977942136,89.59745950274043,104.49107560843096,110.54278938156952,67.89588104155335,110.4943786861122,115.20043908400397,99.24221604604865,67.7804091346479,107.79301852331645,106.04706508818857,102.39224059022874,69.45057085675033,90.67450211112353
2014-02-01,96.9221464804047,55.00590565801913,97.16419241986848,93.33316988532432,78.56275772654557,103.88413538862144,92.80246662979582,95.58987317906401,115.92577301699136,104.04453181325675,96.81190091325446,102.14101849522841,93.46279131809884,100.27705717200585,95.35229268713442,90.73232267454975,106.02120783917553,74.48358900009434,77.87577523651615,106.80776008597161,85.36923443321953,109.8106870424902,98.67655118041417,94.98452499761879,115.16610479151485,95.40203978938057,103.05150021255585,101.48211905065901,81.93280445943279,98.22170559686785,97.84062584808186,85.57675237492569,104.23629319777739,110.85486138075358,67.33484276760983,110.19967339875951,116.37293105534829,99.79244522525495,68.463154582607,107.283055129598,106.42122014142521,102.63386590224057,69.762695589057,90.6050325169347
2014-03-01,96.57836571269891,54.12510002584501,98.35397673259457,93.12513563212765,80.48166500493544,104.20123092899148,92.29867457123233,93.92266471237502,113.74736244875119,103.70644413585492,97.55860339657832,102.62957437157011,94.0225090012619,100.5869307180428,95.92822936296764,90.79034450317045,106.20595924827039,75.73184055656697,81.19902675481808,107.5422182384541,85.06067882526979,109.87617307383022,99.23680450192359,95.66712032401813,118.20138460948395,96.62961075527255,103.23328066907986,101.53291371468183,86.12392687052758,98.14694224545116,98.17230474574943,83.23611105756567,103.96064450487863,110.211932687417,68.49102601160152,110.64765864320918,117.34721204225389,100.33932840107254,68.02680865455204,106.56438248854509,106.06359337171574,102.52944892255877,69.69485726244152,90.51757578385453
2014-04-01,95.04834020055767,52.84915937533259,100.73242672381923,92.63323925089443,83.79843538919451,103.5691686912131,93.21807047657165,95.08784333477065,112.05249407954597,104.41204459131848,101.33308564233896,102.39502924191063,93.6834758562473,100.5910987583568,96.22625032685946,91.84011605702814,106.53288331635686,76.3340779381396,80.68784413759758,107.31411491076082,84.62838426251844,112.55887455072046,99.6511754945819,96.50956764591062,118.52233776785839,96.97699858925999,103.22088378139445,101.60681387975437,87.95068856077985,98.2452877632178,98.4135559683078,84.10343026972036,103.48206675128853,110.83190273113892,69.65957527882513,108.28938825154042,116.95326508375317,100.26021215386956,70.68076734323954,105.88282426413578,106.66517156288933,101.94991705452863,69.5137924467081,90.20546548297963
2014-05-01,94.83983263900993,52.49012989220869,100.41859163511164,92.56532878811574,84.20016621131813,103.55612383563,94.04724056998786,94.7746210748586,111.3956086250975,104.68477122537738,102.41986946309002,101.93721814646162,93.4360833331113,100.2038184474603,96.20293838815222,92.32047836460978,106.33258814536555,77.6791467396786,79.74188877087187,107.54080156055588,85.13108135262777,114.40799558132912,100.34893170658262,97.42773201911434,118.31672868375551,97.70428244923086,103.34133670583779,103.11181411210161,86.92272819410773,97.87842588311004,98.81793279781455,86.28749212112157,103.02777033303312,110.92315937501755,70.58560491532901,107.7664573650233,116.26071082126592,99.33776993886302,71.77484658057458,105.32642751398804,107.480338815359,101.51574468007367,69.42043893608613,90.0120859685026
2014-06-01,94.93962431781686,52.101278550369635,101.16627013000543,92.90281952973153,83.90726750098175,102.50570172026818,94.5825950659642,95.32121207251471,111.68753432309302,105.15508626910022,104.1724143505222,101.53817920572217,93.09942735351305,100.07727188935553,96.22403927637696,91.58135150958702,106.17390165558793,77.34772254656322,77.32682257916046,108.2932687301347,84.95287874363203,115.1652255580837,100.82871224013192,97.07176208031312,118.4882349815924,96.50743100792673,103.21319119892078,103.41750072926838,87.26972479774426,98.59731864790407,99.29266533876998,87.95085077232909,103.27138188972735,111.25393585835042,69.09331583148723,106.69568814288088,115.93987196913515,99.65922244870976,71.11118494898888,105.57575838382259,108.58565848278847,101.61689310828746,69.60288223864319,89.7744311397498
2014-07-01,94.76260620698046,51.79455828326459,101.07486187433095,92.58471227153944,84.2883004323336,102.1401945244837,95.49604543388135,94.24319425343232,112.12002697542465,105.30295791236415,105.76056927100896,101.40573903804228,93.05952004513684,100.28332148752361,95.89371745727901,90.37848863137617,106.11216390323837,76.83044325433734,78.6319617191768,109.40361945684481,85.01318261375823,114.66955891732968,101.58292418876339,96.9741176249306,119.08836089131776,94.28998467642926,103.35489274875222,103.93727595364102,86.94383286264848,98.41159889319557,98.94825466094707,87.30645945473098,103.12235066904071,111.54614166934876,69.11259369541982,105.08682851726702,115.89321564955537,100.62122741424753,71.23445462949486,105.37692583596761,109.95530734859489,101.28879913268732,69.58451432039138,88.81387067192117
2014-08-01,95.43893053694383,51.45919748076964,100.57548223239567,93.56990711683957,83.202973868663,102.3690204176003,93.99240864882645,91.38123343211166,113.77357012009513,105.19097148685204,104.17510050036573,101.28447172493173,91.95651263644093,100.01711789029792,95.82923659757996,89.29014645997245,105.9561519782113,76.21639204103434,78.61953272257503,108.03387208272015,84.24919544995164,114.74352427580719,102.16771895297352,96.02556463174436,116.15434721865519,95.74840828071433,103.12839102045237,103.57191260739451,85.92734865729108,97.48245072662868,98.78003267001493,84.8509988689104,103.72552798804698,111.39392256469624,69.60914976298541,105.36113243701371,115.75485358695047,101.36056078626655,70.8896971996752,106.15779999139838,108.82731391578903,102.32765155177725,70.02231305421212,89.55859269512891
2014-09-01,96.21593755815182,51.72196179800823,99.07693132341633,94.91886101324367,81.96486774692107,102.44795478484245,93.75724572786316,90.2746133935539,115.84323853418024,104.71322258848545,101.1408945025954,100.70414182486118,92.49389731434003,99.62106048818171,96.36833545709608,89.25494004268171,106.00364278027104,77.16247039887712,78.4232975407789,105.61589431469179,81.56726900387281,114.80116539980978,102.10997135992783,95.85086802625992,113.72063401718833,96.06837306231834,102.68035862292206,103.98255567176669,84.91310882927483,97.36539946821942,98.87257339977954,82.64629116862832,105.11267352266118,111.31259868612658,68.698226436006,104.75717824465909,114.9415270038109,102.31637830020355,70.93101920198991,107.74831327786654,108.67307882022146,103.73825758112443,70.61313199772064,90.7163433580241
2014-10-01,95.13743608707914,52.42807592767331,96.78398136748562,96.17179898143814,78.79722193780981,102.75306350148963,92.30367346386645,91.74818214662227,117.56939091644816,103.72841959411315,98.19766226219508,100.67391164096308,92.62073457071142,99.601348459209,96.65700783242731,90.98896973826682,106.44681694722959,77.3123723092547,77.66467492877067,104.15599844753196,81.83900477130786,112.91850535674155,101.37586360143416,94.51899021952617,111.3398922911085,94.39161260922229,102.22832027342226,103.45846214161973,85.19553541045029,97.3598023247026,98.76747061072545,77.763830586997,106.01734935303719,111.4324132168365,68.80407259406894,105.08616429803072,114.41934228763799,102.43308580002636,70.9999831660863,108.77764783615153,108.7322122620484,105.19904613107704,71.21394339537189,91.55140036095263
2014-11-01,95.04464620482048,53.27884890866931,96.97308409556814,97.36072071852483,76.43825988980313,103.87310959824163,91.82006266899528,92.74154340586806,119.88651530928685,102.63094252310874,95.27357229011349,100.97485655954198,92.73168165364226,99.97938603635927,97.58881746191042,91.79629746880458,106.25469920324588,77.79061951293458,79.16243361685756,102.57502695239475,76.82079879443734,110.81962974926087,100.66822568936888,94.03478410558048,112.3788883322743,92.62261418542018,102.92177140599803,105.2138090047487,86.82252976036476,98.14976805025755,98.72072207480626,70.19874690844424,107.96424155683397,111.0793043576359,69.62907686387096,104.96235733958581,114.70611034353237,103.41964956027556,73.41484672231499,110.82166174516989,108.42587957927974,106.89466434185317,71.8642887869829,93.07033039635927
2014-12-01,94.07559664071003,54.32795790057278,93.858022693287,98.85039598363896,75.10941244497745,105.10585453916195,90.8049269689092,90.94924012413333,120.83183940728235,100.56633375749044,87.65982659824418,101.88169191128928,93.68400771632085,100.97021004078428,98.69730841083167,91.7671990498699,107.55690018392974,77.56731431030053,78.65733205551768,101.24440488747979,76.14511758851577,112.4610113239747,98.09243204135338,88.82348416985205,113.65484516283355,87.91014654401003,103.35097211489821,107.48475721230797,88.67724489511255,100.07574039315044,99.07272148416666,57.51329275364375,109.20644383661858,111.35280545461332,68.13272165254055,104.49493471471716,114.8941564877346,104.90933250890147,73.92106875858036,112.35915361160124,109.35868360535437,109.53481587254443,72.85849448344538,93.83007303643231
2015-01-01,95.18426607755886,54.836186149715985,92.48011558866732,99.48800770553649,76.40259667636903,106.02813632323378,87.0897295933451,90.75496083259817,121.85979247416367,99.63805038044016,86.66569776364068,100.48987910030777,92.53536881705833,99.81549705263956,99.41069835302773,89.89619628891177,106.93736435782175,79.32264415744783,78.58899511053545,103.14345951464784,77.74377036309434,115.26164579727019,96.04017234369371,88.15050520786653,113.349705206654,87.17813523270287,103.02421640940534,108.77073558348009,89.99449443659911,98.6340219935994,98.12885843267884,52.65553548902654,109.90763782147235,110.7098228584126,68.8278203672375,103.33728494325017,123.35591627319043,106.33652562521296,75.79353450171452,113.02497605763247,109.89298180997619,112.00951304313087,73.51705457593282,94.73991892499022
2015-02-01,92.2351502698378,55.667879300598514,89.79709723737818,101.33280112665177,72.10326718314435,107.15951695730561,84.37566236899099,91.45663948369001,122.1648778122141,99.96810565701205,86.64503499897351,99.62599217379471,92.8021425671772,98.86615087881628,99.88902647673385,92.053963112401,107.99374180346327,79.9947655867446,77.90474253693132,105.58134454951262,78.02999699774368,114.74405783655473,96.40008475675577,87.21207675147011,111.84835032487568,89.53535635133073,101.62679916099407,110.27831462605036,89.95030347680475,100.21143598145127,98.67956945981108,53.70094979168296,110.82493053358067,109.89066850889849,69.43555447358229,101.4134075566267,125.53330741204852,107.56832685687618,72.61936454805789,113.79179984448146,112.7056635327109,113.67494372939366,74.17550926063532,95.62473636617212
2015-03-01,93.03457578881833,57.2638339724878,89.99039996637097,102.78716961753184,65.60072506341884,108.31264332835488,84.24316524665167,92.41225213353493,124.03072174592675,100.2939662624476,82.34623080555087,98.13978126729668,92.51137868692538,97.36154033036476,100.39212886940075,91.86790525746062,108.00394666574937,80.61366098528838,77.0909423418346,104.96667944015535,77.50139590430966,114.49511241213234,95.19067467248813,86.01463445643796,113.19098366772143,87.99478255621405,103.04699861903165,110.57917889648397,90.6206437715065,99.69170833258829,97.69070905527553,59.37793751668452,112.36508592605293,109.38892577143923,67.92541373220618,102.80677729699423,123.15115477379275,108.58832767598423,70.28490740515235,115.51615085699247,113.4356445476097,115.59902029596978,75.34682707582725,96.64589921457059
2015-04-01,91.61067650667519,55.88737028005213,89.34161294215373,102.50966085849223,67.37514064920649,108.59715244541388,85.88188851705083,93.90827833085076,123.64165544657577,101.7412641065375,84.7309765730695,97.2490856449874,91.42004449402788,96.75855762214202,99.87249868544737,92.14674241073176,108.13152042835542,79.85882649601206,77.13230476085388,106.28535183609694,77.30237060234664,116.45576498376964,95.86052783500666,85.68648984683219,114.28810746767006,89.01389909001183,101.26061744193153,109.97530850966335,90.44713658103437,100.9087788090005,97.30053743454815,67.84126949760608,111.78759750316974,110.7978087115812,68.02473283063713,100.91536382432456,125.18687974521809,108.0760546097346,67.2713810334504,114.9935929118227,112.88252054859342,114.6028107567573,75.0821621717167,94.913346765529
2015-05-01,89.3796820665547,55.0033801547389,91.12427459073176,101.8830869019606,66.49936302512639,108.62980730395326,86.8862390866439,94.58313909097133,122.85823300161869,103.06655270969208,86.59745406449396,98.00613745742726,91.98065319196361,97.34056550985305,99.56306646183066,90.44711421825154,108.0390471280818,77.97169007010108,75.82464168809386,106.79967927284615,76.15585336965589,115.00172028123339,96.32772054475576,85.21968847783114,110.36026447737821,90.5551212350591,99.5007101648152,109.2532114368244,89.8710084407632,99.54091795429257,97.12704927416279,69.23868719029312,111.64619703970264,111.65062995199774,67.63648561238972,101.62909435252365,126.83964042107927,104.39039254686719,66.33404274106269,114.75942397315156,114.17461854559652,113.55173176552438,74.90950505813348,94.4927839891412
2015-06-01,89.2999199716807,54.936354863948445,89.81136577689965,102.17733184944409,65.59161584246166,107.32962330916234,85.66950131853076,91.70548062441009,123.97867863316809,102.06155020174515,82.60870370420353,98.66164195719081,92.85600070749666,97.99598640858159,99.89569522871123,89.41168914940567,108.58320648616613,78.32077149501522,75.64643281550036,108.11336032900407,74.92873538932452,113.8655340789442,93.45595543281362,84.35192877190873,105.46087073294723,87.30869084546163,99.79309952784305,109.15187430846625,90.26150114588131,98.52698345298145,97.4206136778993,64.15767377687229,112.38118023849582,111.82259956255307,66.00048847869466,102.94940930288843,126.68945662795004,104.8693580554337,65.36109531544551,115.56500826103715,115.06893412264006,114.49926639365628,75.22861089951854,94.31783275865426
2015-07-01,89.75067274061482,55.30962568324011,86.85427036885174,103.18446802064175,64.11784440810095,107.19309707252344,82.66448864269158,89.78883694208936,125.3477695360842,101.11732695241547,78.14078834307222,98.33533147713405,93.44817644446736,97.93330954631217,100.34205234589307,89.40257506960535,109.19141270862995,79.28518702037123,75.87361172435587,110.17630646107402,75.9331346870201,111.37253001296499,92.6756204211285,82.20735860591847,101.63679421769697,85.21020692410069,100.46435117952561,109.3972880062138,90.88877780657893,98.65776061289854,97.86150264226013,61.74282702576757,113.20761229657485,111.51299128123566,65.78083152175755,101.60867725686312,125.21389575598776,103.76124466543506,66.42596725382737,116.42467727938302,116.90394353514304,116.62688505040748,75.84878291252802,95.21653051517612
2015-08-01,86.65862779699238,56.56843354340734,86.75192881042668,104.38927852668989,59.52210340513001,108.39970957976608,81.09836199534696,86.25452037458872,124.61902256299906,97.96386557743585,71.71626021295508,99.74440143177348,94.56862272399174,99.17666908786676,101.99486695188406,90.45444422897471,111.30524592063563,78.5274753601528,75.01637771226967,109.38822491612919,77.52199646222036,110.01282855670007,87.96617319248644,79.64738445444212,101.57864016698876,83.89737271591575,100.52446274198368,108.61904011088622,91.24812825470559,99.23347032266184,99.410539480013,54.026614865589806,114.6471738307979,110.81316698840796,64.01441771682818,101.63743136716599,123.5599759978249,102.09281622292559,63.69670123199735,118.06368257893318,117.4613351602887,118.92981280257271,77.22103856187927,96.64929632115458
2015-09-01,84.96926662830249,57.55411408830331,84.27746619162181,105.37517146470314,53.893344016826525,109.23073978663886,80.44392724188666,86.51401791170761,125.05017192635425,96.54944336262248,70.90494574704658,100.39778570892943,94.69791175040307,99.66795912415508,102.52959995759659,90.30204091824109,114.6426291675531,77.89641994471276,72.40230757071758,107.9550926127799,80.24275192507125,110.15235113917608,83.65361459213283,78.45498411341246,99.15949874590804,83.31102943396435,101.86588874688786,107.90749019488197,90.1483849819748,99.06024949258558,100.01425493744911,53.38394545848737,115.18850992522486,111.01394228126524,60.83564833897766,103.65562577725346,123.0848719355365,101.15936154696963,60.431472604795076,118.82024509186735,115.52448646179823,119.90588166141256,78.1140175390909,94.26107122275187
2015-10-01,84.60783199659329,56.5403909299814,85.31415119463506,104.65066472480065,53.757187516004464,109.25810382669718,81.4743363187851,86.85124572309137,124.2524743706762,97.20979183838196,73.91894036281883,100.06348227740258,94.3857460132648,99.43955055374549,102.00373317701215,90.52909232435844,115.84106232763062,78.73876627605772,75.09365163127643,108.77889941921298,79.61374206807383,113.27051679560094,83.80440450177535,79.44973326646405,103.72189076363047,83.33122390085273,100.22986331160286,107.99799731724194,89.44732655666267,97.6734159500933,99.59479588033568,56.09564415721887,114.24600614107159,111.00458605602333,61.20736907273995,103.82274934839803,123.10687465140366,101.30578816799363,61.67729644136746,117.78549317642144,114.89893865577685,118.71340502271686,77.74992632062319,93.55900796979684
2015-11-01,85.48199367138704,55.93335458478171,85.58607689826688,106.21542824406016,56.01394826938908,110.54407482720107,80.61087385722783,85.40517394854501,125.28396928724746,96.63381373131101,72.86350007357353,98.75371528199945,93.98524295023829,98.28123633870027,102.84558491706457,89.61316374625824,115.21632169547553,78.29842041723114,76.49197291227611,109.97178117302315,78.58444422632522,113.29624145203876,83.47308970178086,79.55208437635335,102.75988518306751,82.42957220011449,98.71425209411711,107.50169376917806,89.66126455607775,96.90145797204147,98.27813713331108,56.01758195663149,115.71528003178048,110.89699211658797,59.44104400526593,103.06931297368345,121.07664847278421,102.05759757199904,64.5257981232351,119.48699408401724,117.26424802755892,120.34020080701583,78.42773353661471,95.12356370853222
2015-12-01,85.91096966917682,48.8823413112445,86.95219611773408,106.15768690834268,55.5057665998415,112.15702594576801,78.2095896107194,86.35833210895284,124.10422253367592,96.06183834249403,67.82889590045126,99.70380499096505,94.68835205084655,99.0476082168629,103.4911506536526,89.74038843484149,115.89002900461274,78.1688586075432,75.66785598524646,110.22286002905682,79.64911929230153,111.85180633262254,84.1829329873915,77.79174168991378,105.70141789601146,81.41473843515121,98.37800027615947,107.42938307690308,90.65963652292761,96.95500649531934,97.78552716270738,51.71596673097696,116.11272957323851,111.62871152628695,56.102196305008746,104.91194173213579,122.49042050154479,101.6666915521125,63.68798160866292,119.68834425799804,115.1478802060118,121.75956550051484,79.24767572117214,94.91295339252625
2016-01-01,87.03967455091806,40.69679237385161,84.68074234082135,107.02728381216748,54.459659193304034,112.60887710261993,75.7034823027443,85.81754434476031,123.12619881930067,94.29102902704398,68.29930559777604,100.6068480690077,95.43126125946651,99.87793301239498,104.38207612454246,90.39282100827583,116.98710101935457,78.08698997716434,76.39612969469859,109.29574902319878,83.2460613228688,110.20811678179767,83.72045332458636,73.77168228843664,103.60357540881029,81.27466799221374,98.48686315989352,107.13908955585137,91.5118979115245,95.31434197742439,97.98303164841131,47.39072892521534,117.02606634348096,110.72266395670127,52.01162385950233,105.46982873017916,122.26858110424237,101.99913919418387,62.839992586545875,120.57285228018063,111.45653111493733,124.52857053862854,80.61594322242195,96.08508331268197
2016-02-01,86.55188897743112,37.14915701945006,85.3746332321104,106.222572877555,55.645319940191754,112.80766492689605,77.86241171215491,87.63801517364567,122.37529718213777,94.84598941133598,66.33677023911582,101.16504557979805,95.60638932835332,100.49206737877647,103.6586372164143,91.85799219509786,116.81434545331173,76.41672031172895,77.56040566305875,109.467327173666,85.03216701823723,107.9666146385464,85.95408466863071,71.8527106426637,104.17067347089493,82.20044535677641,95.98099755561486,105.78187679908223,91.04186836461348,95.85869812553011,99.19541275673949,46.69257212886734,116.07670292009703,111.50161738507065,53.42459989826979,104.48812265411553,122.61577583582097,102.21552180310358,63.516811682933074,119.37150392796107,109.0490843418869,123.38169150642176,80.5839577624013,96.21735528008278
2016-03-01,83.67839527658302,35.599437892339566,88.64333897246327,104.72840553098912,59.159173744186624,112.04402880578547,80.87785019766882,89.1764548245336,121.33615739635746,96.62180930394469,70.85673473455121,100.47042413638391,94.95677710531115,99.85733362685873,102.99301912654113,90.95784490151372,116.99903646644398,77.59270430133527,78.24996943401706,109.76558399160852,85.19701677280793,109.41624406876657,87.16996636876029,74.75927093647404,104.04795285503168,82.95009332419394,97.395435864146,106.7351854929496,90.35167140041605,97.27823738580514,98.8886292193592,50.95231625516298,114.69719031561606,112.63062501256573,54.16579299643772,105.1196286810367,123.0620263603684,101.92220172747481,63.75240698328114,117.79554734096442,107.67397935702157,120.96781926535452,57.55401794253281,94.55310100594666
2016-04-01,82.65959978902202,36.33459032201405,89.46273501506924,103.48245049072062,60.842251383346465,111.53891107339959,83.07464814709134,89.33923439973299,119.89862020460167,97.54712859453404,73.32249729487587,100.66671938294749,95.06332586889074,100.09210409511479,102.1019247691589,90.83327129701856,117.41539656937667,77.35909768488051,76.99549289701615,110.9649911487354,86.76588941212067,111.68593243333137,89.82849922512025,74.98702002432137,104.92668342959747,84.12761943502747,99.02680414928673,105.69627478999885,89.43047528330229,96.70849415635051,98.73400603885392,52.833076959711725,112.99335090498342,113.0197831759812,56.41884825485472,106.1034461436764,123.74385335316029,100.75729604292319,63.68477291177664,115.95400868415877,106.3539433733855,118.9349015451825,49.63054244803516,93.36994182888509
2016-05-01,82.19137705757052,37.14206939969084,86.02575330263996,104.1490881663404,61.4924240179162,110.89051011973821,82.658627625456,88.1281512448475,119.78224255021584,96.9011180241394,73.76608769467096,100.69894997742503,95.20628626308667,100.27938620640862,102.77304479660647,89.97826590588704,117.63732071633841,77.37891849941153,76.15866975199214,110.36768096898642,88.07103076775155,109.60580507902418,87.31233696573166,72.53326965822185,104.90434675112361,84.1996113255956,98.50174888812326,105.41580498856342,89.9482446220571,94.5367594568822,98.3441648565462,53.706750618957535,113.73565463888042,112.54237853724906,54.02933866010095,104.98942571133053,122.2425365603011,100.58878866609892,61.55903816946802,116.70082728497799,108.6744810839705,120.11606192179931,49.83157981152106,93.99604847929166
2016-06-01,82.23389743604135,36.98552584675667,86.84844885115838,103.96879207461258,63.42224531990395,110.35183164184681,83.0633857293007,88.1677864559682,118.16014755063595,97.5315482793606,73.93762398728579,100.48930155420553,94.95939350091773,100.25180583332882,103.10641243362168,90.01400292939844,118.51260859975734,76.94875777657427,76.37306200018416,109.29310289446492,91.03175767398596,110.27930493801806,86.31832474567801,70.48494331791133,108.36925334287508,84.05272977182305,99.02616460754788,105.68667819606897,90.22655983577324,94.473232527606,97.65155841678094,54.464585012346504,113.39286028867977,113.7539414004864,55.036319172871565,104.42153394816003,123.8103318814448,100.57528684291228,62.23617763353434,116.28836136272707,106.45050227319597,120.57513624263645,49.936533520767796,93.28601153376441
2016-07-01,82.94905676414157,34.68788588776881,88.59943754988653,105.06863396831811,67.02321307983136,111.36563156422983,82.40632872023043,91.48029841507585,116.22387864061227,98.22727799915138,74.89020627752888,100.49311740781557,95.06590414020374,100.53779490672416,103.88278150554132,89.8176079324213,121.62424742512637,77.16835464556445,77.447210597108,110.33259620590601,92.22999255273969,112.90580384508661,87.48704132971939,70.91976114013055,109.92932536531353,84.44739062285443,99.69471731086936,104.11804236509872,90.59851021299977,94.56926193074746,98.50379764308968,55.71497705159122,113.35771875832678,113.77501984012845,58.10158762776081,103.0111373016399,124.0513530210824,101.11262869628396,61.81498514049344,116.36147507667289,99.51182497111955,121.0765868941718,50.095045884693555,93.7576248553416
2016-08-01,82.93634645864384,34.42345826059734,88.92508227161791,104.28630903087593,67.95902022830579,110.53266780082667,82.49829076151912,90.48474071276671,115.59708037475909,99.95421005120512,74.66623944176162,100.68643336072711,95.06108893589706,100.63012668307914,103.14886182813675,91.01861609202496,124.44962812467412,76.98076542118103,76.4582322307354,111.3691725287034,94.23653042647858,115.2772204345764,86.57746812505985,71.0037730273272,110.55959962462836,85.3264089614818,97.88628121357064,104.11435734783785,90.23749493856565,96.84422080290058,99.06000551721644,54.563149325277806,112.13857041633493,113.2409869172774,60.36669245210361,102.92739892070588,124.47783443385532,101.19442506937526,61.2562927570671,115.17558759747126,98.0740531256834,120.07545746679764,49.90460268103716,92.95637070122659
2016-09-01,83.17500349640935,34.003940688738446,88.70676249101899,104.39055389010947,67.33400041399028,111.39241161966444,81.98996163858328,89.51834613411339,115.43931842666943,100.1868850158353,75.6961642047077,100.69329997303844,95.04488595398082,100.56475697432931,103.46956777832719,91.4242633981037,127.57380447655231,77.37796080234962,77.07786826995878,112.37702116329429,93.86067391555845,115.75217174585346,85.01015080323731,68.4676971655421,112.08210884479415,86.37751033714441,96.76897645081587,102.22583963628338,90.50867001474568,96.25905908423609,99.17721675725699,55.03797308752293,112.355372929737,112.59246771826095,59.29095400078446,101.99447276137303,124.091615939751,101.5375410040238,61.058882386680665,115.36758298057002,98.50659886588163,121.05125594044108,50.08117841332215,93.09074610859244
2016-10-01,83.85224668023722,33.77183970781032,90.09412441665518,105.38896955172572,69.14892465778578,112.0785791380212,81.38994660721323,90.7034635256826,115.25014531417355,99.85850005403032,75.87917140039518,100.58965421720174,95.00189838259115,100.72388270834594,104.48902166902805,91.83740860443667,130.28121527901519,77.92632392573012,78.34472059098029,112.11399055051616,92.6182785063011,114.66545417375913,84.51908758513615,69.74865283185684,110.5623607256138,88.90178395067127,97.16431676321,101.59612421435497,91.27359558491725,96.3852582739295,98.14373537668034,57.56224277898805,113.51775469452421,111.39329934197816,60.44244326419518,100.24990914817744,124.3086575095117,101.40169511680612,59.575886992037994,116.57499352236596,93.41485272091397,121.95207354256941,50.33681370157645,93.94780828016724
2016-11-01,85.32431970925356,34.186389124544206,90.74371003120831,106.99193583237209,67.01012763043562,114.96026396165513,80.70884682887409,92.18993546400385,115.13824954545373,99.34808157654511,72.55468137951536,100.39091410020448,94.99597474710988,100.76247118357074,106.21341531046274,91.31630080776907,134.9021620569083,77.86390231090422,77.98027685213333,113.02951929579805,89.93758917968752,112.85032415501843,82.70624366437434,66.08973419437397,112.17714960756784,87.83645775091414,98.37963146267083,101.55486326016272,92.44340190045372,94.43961410975538,97.9735002812701,57.220343802172366,115.6616654286297,111.11929333057245,61.46910938197991,98.68946478018587,124.9896132753257,102.4584589266513,56.64762839898664,118.69622270049405,95.89351319731436,125.00545620785746,51.134841795209,95.57237884304834
2016-12-01,86.81373958600909,33.35026562926393,90.1706943153507,107.1875651555106,67.53015065568593,117.48220804312497,81.77252245958132,93.33781096926799,115.4206220707487,98.5238410997987,75.70933335230416,99.77934895405156,94.73603073629849,100.16551272959478,107.76388896863614,90.01517943090447,136.8512084746349,78.5043205999467,79.05134600649626,114.8906010012023,84.70048721037585,112.54587287793308,81.90895315907237,65.09443635815961,112.29025050196178,87.65060642724653,99.56440562731396,102.45483803584665,93.51062387643677,92.86803591681362,97.67056766177689,60.78898215023738,117.79095173950572,110.76341412522915,62.76668370227455,99.55512611314961,123.8945735562184,103.0939508539053,53.79240273713155,120.94117922790335,98.06449359919222,126.663948405446,51.508713043753296,95.61848159754298
2017-01-01,87.21265958640197,32.78667370783357,91.10401715312729,107.56651713111276,70.70040682210428,117.51563955371547,82.59425428276234,93.55477099881071,115.3270129302547,99.49312618865952,77.31757325574866,99.87009459734648,94.67054472582753,100.00451340004612,107.37347165366333,90.89021152762436,133.68110708692106,77.95483254807833,78.93809178976502,115.13980441536815,85.08024308411835,112.34327901235272,81.58805913506359,62.39627758824031,112.92346501326485,87.99983791826538,100.58407264269786,102.08775145473888,93.27805285233346,94.22411189895216,98.0975444520964,62.81005515635339,117.43674533440168,110.81268040671569,63.89969485887869,101.67222507604545,124.77016455527617,103.55682690158154,49.74362079589366,120.60699941476274,96.2634598810261,126.72513862886368,51.32390898677118,94.81262454960809
2017-02-01,86.79225644741237,32.91933689493366,92.87792689808747,105.8701304017597,72.19902389808826,115.75521318769167,83.00357934411915,95.09222896782614,114.35636606556312,102.15371294446751,78.20988284426116,99.49086647441419,94.38546712281315,99.5958303960271,106.54983751385625,90.7972045089965,136.08497636588413,78.64424490653622,78.23911479504639,117.21322661406232,85.91264164834004,115.24803401177688,81.05479637236077,65.40991806653442,113.38671009244696,89.0036204273332,101.93950910931055,100.5568929586471,92.7526269126731,95.2179240627361,97.50570951348895,63.83457190504988,116.18229109469216,110.97924561388486,65.23885682101363,101.57642093872796,124.93403522284387,103.93456121522011,50.56179326728657,119.28059271154505,96.8804308733543,124.66463980294694,50.814472341917394,94.50337478692707
2017-03-01,86.81926370418633,33.106382993978684,92.41850334941827,105.12567805256667,71.55768198135934,117.11038968056042,81.07029923939757,92.45269861907892,113.76981158534181,102.90182114453401,76.35315422977091,99.6754937766245,94.46156152839991,99.99843834999893,106.52593329340054,90.519577334709,138.64763485954458,79.96421062654944,78.02730787231592,119.53583097951996,85.81912962194936,116.15971982676369,81.03946823770579,68.78347315293493,109.99723313885679,87.08659895390971,101.87608353477235,99.94614532264214,92.72941052487481,95.80880313710057,96.88024935673879,64.19151684565314,115.92785798823928,111.54731281294721,66.47997890673062,101.42600027822976,124.64652749469533,104.26962356764406,50.346557580996695,118.93334011349192,95.67587837824635,124.13800232801937,50.67359943481823,93.52700347322802
2017-04-01,86.55733958642885,33.377686315382306,90.75658363156582,104.17064710744559,70.99996979286729,116.48218335362547,80.5654960421054,92.77902022322301,113.31451578503409,103.82840036204317,77.74329491813623,99.43222213037437,94.9526662335682,99.95249595601535,106.01036853757697,89.74660837813644,136.96619293753034,81.35021096850579,77.74025166724716,118.94523586758193,87.61989540490282,115.57802948165521,81.21766735459131,70.65959265978921,109.11744489952792,85.78562578799954,101.86460559700632,100.11466420581978,92.41989040420093,96.68757129345771,97.09833313188385,65.49877425915595,115.26179341255897,111.44847513847398,63.47317430232666,100.59210045748597,124.10700688510299,104.88293121202207,50.283336181175564,118.0628243185892,97.71838116319816,123.12218115314614,50.324195048838625,93.20320787031781
2017-05-01,85.93275849278808,32.64616406623727,89.29905425596202,100.94106830529324,69.21292235839131,114.52055572221103,79.39010145260005,90.49717211194124,113.01034675647936,104.6064448374426,76.23991447081052,100.3018354958658,96.1889446530598,100.88812897824101,105.50921960099988,90.61826706929565,144.00845346895235,81.03741624047852,77.44743627716038,119.44526832783684,85.77984485853726,116.16523646692394,82.73737522575554,70.50527557572015,108.63619161520894,84.69244186712768,100.89797885740379,99.91493724534669,91.94890619285137,98.04917211788009,96.83316189585986,63.57890764071119,114.78327193097304,111.08748977410141,63.8335501263101,100.24434030381919,123.79517274943197,104.7274147098514,50.62894315660623,117.4712885985778,98.18404799100364,122.74139172320994,50.216902611462366,93.0967561056836
2017-06-01,85.640938865684,31.810749099402713,90.01471016689011,102.07199687991533,67.02748490215211,113.39290520657339,80.9021498020426,90.96793370886066,113.83982279512162,104.16336650307368,74.95013007362842,100.74325322098636,97.57897135906785,101.4352397945995,104.4885112903944,91.26079162276913,144.8405626972622,80.51013188573272,77.0325660484208,120.68378327099684,86.27366169952569,114.77576799715936,82.89773019777545,72.76671392315399,111.92258098633374,84.37052772036964,100.40858550346796,99.14399567539965,91.34648571567996,98.07425707090552,96.6212797489567,61.94871534498898,114.08961651051193,111.3272626039725,65.08556226639837,100.25292246292177,125.0177911370683,105.42494083066347,50.89151412589632,116.66816913105468,96.14099784038149,120.99656674547398,50.03052963276306,92.59329367329345
2017-07-01,84.25283474201831,29.51990174107545,92.43510406546844,101.38972470617762,68.62419835131558,111.52047255160062,84.37403818805953,91.47961518578988,114.02256198695491,103.70772291167059,72.48875182716479,101.44177976524962,98.69869873196004,101.73435449135997,103.90541537269866,92.11700358395683,137.6183099959332,80.08833711553204,76.52086830697206,118.88137899450749,84.60245690473046,114.10102592336074,82.29903926553598,73.79402533883993,112.83851092805328,85.64383147478341,100.29149150342151,97.47199340632085,90.21422623182589,97.92912255161487,97.10670140404707,59.30683623758933,113.68954787314638,112.01170659436373,63.34944507490997,102.44122317967535,124.24039272474279,105.9776656004062,49.72815416788248,116.21476417339028,96.03027786607579,119.14732365106747,49.780823351211225,92.29457512916028
2017-08-01,82.16108769636344,28.626695124179136,92.84381858038132,99.54716677547631,69.2638420641844,110.07921605716157,84.78504329567723,92.41009429354989,114.8715340716144,104.29515284481342,73.40663064080898,102.16061492243284,98.98044145954546,102.1681387479249,102.51288300886957,93.15952873651419,133.04424578353016,80.08208021856836,75.73247839760047,116.07013798237094,85.90831880559028,113.15312813642038,81.5926490571877,73.5168242454433,110.81845352503778,87.0371925020068,99.40866833951222,95.86879425200536,89.55302900082688,97.57982177769145,97.16811359181399,58.44920148319508,112.44927047525772,111.98123856497067,62.11169811258686,103.33283295526232,121.8236957302964,106.49784917889356,49.7743434298362,114.97327664697856,94.17041115749633,117.82616693231785,49.32191342496404,91.27393026984902
2017-09-01,79.9941615687087,28.70904751068234,92.93666066615029,99.34698438084642,69.1188360817064,110.67323928681401,86.81403934348631,94.52106465022855,116.19672256825926,104.64171695467223,74.39264711045267,102.09093177175023,98.99714076033568,102.04565460508941,101.64403389617371,91.84879328528196,131.39718642675012,78.95725489534048,75.5076071629455,117.45463380698207,84.58049671279907,112.30987689277414,82.58339419931588,73.21275355951924,109.26656340995808,86.69690641131467,98.38615145416915,95.43687655583113,88.87468520877633,97.29220303225678,96.66878286001386,59.850826870505344,112.00644764836095,112.1606345648056,62.04677155861179,103.35806060337931,121.09739234092312,106.26777940467144,49.77343566119757,114.52809863359509,96.04800266069515,116.59711831557122,48.99734416518747,90.6989909740116
2017-10-01,79.60648914603608,28.744050058458846,91.65279965555435,98.61269220211469,68.5365261682452,111.79430699242951,85.15407321406117,94.90320606926313,116.15914617098262,104.19092932883949,74.26346508386888,101.9740048886723,100.11687936482151,102.03920129148585,102.6073205768322,91.26584384409504,134.09009529325434,78.90038263226293,74.8742921415881,119.33673362830548,83.53058602322311,113.34242219388481,83.00730350016181,69.6884230024483,107.20574035868209,85.98631500108644,99.24655957957636,95.32487675129524,89.6352079951102,97.29195720357842,96.93458364555379,60.57217828470377,113.10286763423476,112.06194053681058,60.155048910058305,102.42144562076415,119.91098523286479,107.01633506246888,47.436024127300556,115.75848621296811,96.36791561325634,118.82175210218597,49.34354817924046,91.40630372654566
2017-11-01,79.47496201533949,28.778545959488966,89.55940584992425,97.8171566980216,67.18191715570681,111.58526591212467,84.03626653775285,94.36274788070614,116.13355084956576,104.82329471728065,72.98149946119736,102.0843122006525,101.03463984151912,102.51611841572361,102.41985356650802,90.74868371230036,136.293049850523,79.25626995306534,74.67911361713642,119.4062030711803,83.50856792314825,116.68638437871553,84.12029726028697,69.20058452069293,104.99201596642011,84.2567343357157,99.72066975460851,96.02823666183971,89.67034746711705,98.27293533158077,96.2176190639059,59.43987502053714,112.92476922447608,111.97476558183527,58.62615315914991,100.20938943353582,118.88996518346741,107.97011278988148,44.88189456924905,115.77587308996564,96.85553799057688,119.14561557334619,49.363205381833815,91.09118354206038
2017-12-01,78.87422926631055,28.58734174417002,89.30721011028493,98.08297349203158,66.31856767354562,111.46724115854244,83.91973933218968,93.67301149888443,116.052197483882,105.23485120772726,73.4142688923276,102.21597167432623,100.59349280398027,102.84169094349416,101.83448864601341,90.39018815107138,134.89226643237367,79.57328086828578,74.07536701877217,119.12393414841506,83.01613211275655,118.11506101444591,85.65424531516662,68.3744181123416,105.63265753277777,82.32338029858542,99.2521800065598,96.635923618714,86.25966594754189,98.8836611624886,96.20964585013995,59.34842476307398,112.28435732386168,111.9948947029579,62.34263504000197,99.55507218033999,118.57844773208801,108.31348999898904,45.13736369971013,115.1704057514596,97.66621832288659,118.85776160823526,49.17108513569431,90.59383609299412
2018-01-01,77.68584499784001,25.8911253801693,91.0296217912247,95.6400284972391,67.12726891357957,109.0586937799696,85.57928706971052,96.94634508939164,117.2247175342822,107.20548862774923,75.50737855863858,102.4769126654749,101.333042195859,102.74463699019319,99.58778715544894,91.55042222952865,133.56204864536298,78.99039467410458,73.72584101161992,119.7353260737353,82.9992465976876,117.99879350694937,86.72838133569233,68.51676040445005,107.77251174526708,84.07699325925422,98.31430544387852,94.54797488818298,83.58972431947599,99.77206035548181,95.82066239740976,59.87596786614054,110.2865842515516,112.04933282186764,65.89823649734208,100.69709696551026,119.14775891995049,108.8595381722344,44.84737671619213,113.10648715018104,98.06854747247316,116.24274829582181,48.49375217522831,88.99688201919605
2018-02-01,77.41785935378233,26.06773068536451,89.24403444109068,94.94221908930946,68.92786285407841,108.65591555757277,84.29030161543865,97.80711052853115,118.80462615206415,107.83571313079881,83.05723125764455,102.66366445289749,101.97025936998247,103.07705104459622,98.4567195971917,90.89198479018526,134.7522512092196,84.71750464288206,72.01802799427382,116.35955084311634,84.85966099837071,115.83210270399415,87.17229809098441,69.35588216410689,107.87591244893102,84.08587619071075,96.66286107498016,91.40580982722328,83.03205213927387,99.87442112093426,95.85179281331179,59.06489324855647,109.57830038236041,111.63268232666033,67.4983706014133,99.65158729276807,123.32455700793396,109.46791361492248,44.39848701315724,112.34246520415834,98.31257425191828,117.35917162167353,0.022858469660281856,88.44694245416163
2018-03-01,77.70289508276713,25.697399180772386,87.86266658805182,95.19579639833037,68.54211922535724,109.2930449355519,81.99007532229308,96.79717853914008,118.88851265345635,107.94692397798924,84.10482149293445,102.80921517682245,101.6696289164011,103.34385962103383,98.16493071368893,90.88309164737575,136.6407491838262,84.62264073381152,71.07369681756308,117.60920699790474,86.45121353039298,116.57080626536185,87.30701906117562,69.40670302611494,107.18057824759744,85.06478863858968,96.75393832220507,90.84831745623868,81.94130519750479,98.96497854759399,95.94937716518211,58.83979082352173,109.51964125991924,112.0108979077262,67.42037245670788,97.46338145107697,122.00131398413774,110.14680252074069,43.261360571967494,112.48681354869024,98.61631448617642,117.84123326599345,0.011694235457595466,88.13673137999672
2018-04-01,78.20646883126146,25.96836140215817,87.11908142044102,95.6422712424255,65.91641587946795,109.18595868350094,83.28308126836012,97.57146796646174,119.98677525700403,107.30231005644599,86.95967445001288,102.93625665943986,102.00974247374366,103.66622608810539,98.11111027588896,91.1625693418861,137.42007428682982,84.36183628432866,71.0211957889848,115.93621181205836,85.32834160715461,117.20883587060655,87.91002443905056,70.41412468036091,107.23579394085834,84.78048660088602,97.56178888159718,91.21487580996518,79.65341170323464,99.63598502843722,96.27912134981274,55.275545762493564,110.02459397580317,112.17310500063991,66.20353999744063,95.55036175378217,119.76499470163047,110.40486185697323,41.685448888515275,113.25597681167832,99.9725247428803,117.493489844792,0.008501643027575148,88.15237384060597
2018-05-01,80.1465691335342,23.02130230812649,86.79877808063992,96.51340838472123,63.53953719338064,109.99411274202326,83.13506526001919,95.9234212716302,120.74139640812022,105.5271497679648,86.02619925016157,102.50539621883125,100.87603812596866,103.23372764068213,99.54710306018859,89.58982114321294,136.09840344889045,83.66409833228285,71.00676483391847,117.0418898584597,84.97784593500143,118.20550763298185,87.53778264553632,66.65695045307953,104.57542116949958,84.98173958269052,98.50035591513557,92.15545836750475,81.03608280617361,97.32744466731098,96.87999640773575,55.96930121892222,112.12821298808532,111.92001028407344,65.51791599123561,95.48243913005044,119.6427531802869,109.85576399719028,39.274153858898295,115.68983332514351,98.45085458060731,120.60019022615651,0.0067444666121420985,89.73446471960646
2018-06-01,81.05705702356647,20.742665013109274,87.23447768918805,98.16138108363984,62.16226175835497,110.26201523245712,81.88147176527339,95.8788200711907,120.03661225546696,104.82754521078535,86.161260067272,102.47834796644038,100.40997653948504,103.08403126515626,100.61439543604385,88.05511022652146,133.78776430384693,84.14707938366108,71.67851324441389,117.4727499843703,85.47043862128167,117.33293422756933,87.562721531111,64.48147337536189,105.2844965641339,85.76661241167743,99.86985660066262,91.33917906271556,79.1736305268792,96.94865745182264,96.68527459593112,56.28418648010669,113.22833993364824,112.00567531882173,62.4488566684429,95.95485710100414,121.65355401158808,108.99097460481093,38.10124379667871,116.73868147747397,98.16586242486139,122.4074201897293,0.005939764663465899,90.55311146294919
2018-07-01,81.4935181169739,20.066861570425516,87.7611764027863,99.60208513328489,61.95970917175183,112.93077375372478,81.95955661271466,94.91549839519456,116.4393840844166,103.18449268839022,87.00321351913661,102.93702248957118,100.48566074778445,103.5792524260297,103.13668792157256,87.81377462090919,134.80151563931577,84.18084407104487,70.93319421887638,117.01802681391595,85.62390538965234,115.89043186850074,87.80226371225035,69.18808396962746,104.44300244728366,86.05907713601431,101.02446521938164,92.25307539865106,76.69686578706748,96.83602417976903,97.34063076042004,56.85190681248028,114.83051431754919,112.25038971949728,62.70709333546204,96.08958977128393,121.83038246998703,107.77631499629628,37.23201577791038,118.43175403148824,97.8572662072925,122.39145613033277,0.003873920808963765,91.43084178958125
2018-08-01,83.15512269434096,17.968366043729922,87.6739169707038,99.90950233779058,58.9500375233279,113.02305609851373,82.83359417231893,95.57329953889732,115.07014916730789,102.66328735263647,76.6777120051009,103.25841469913914,101.38759033285154,104.06591132668864,104.36547787898832,88.54645314545903,135.3658693046533,74.74853163726107,70.69072796099503,118.25408077128039,86.70583194371518,117.40150528630203,87.53526242850947,70.08471187608498,103.47383894639603,85.34699115830014,101.72918006480276,92.9292544180435,78.24111898931358,98.22247532713332,98.416329873188,54.88196512118083,116.06575668277436,112.62846492677528,60.32042941181462,94.98099107245686,121.65036216660287,109.44243525440989,30.372496200747683,120.04533927452327,97.07129876806141,121.66310886872746,,90.81958972395113
2018-09-01,84.30100463033827,14.132622504578748,86.33466958174219,101.41386188032683,57.43664533816505,111.90552615393466,82.82926914072485,93.29097252633734,115.44864973628097,102.60497317956182,75.4440202267894,103.69971369802495,101.89714781944446,104.3746458398241,104.66387500176762,88.29749971722386,131.07921808150772,72.24385177699341,69.53275171628971,120.66874797612901,86.12397344569905,118.00736057850966,86.81414094596445,69.50842716416045,102.61743669027487,85.51646572191748,101.92789895261694,91.8569570995793,78.3879042304963,98.17825659750372,98.83791266098679,53.80254555874966,116.63536705480708,112.78466492922672,57.672372249895844,95.49901449467536,123.80389413568953,111.3669043260338,28.38038256792433,120.79848346183111,98.19455580681036,122.00526526359464,,91.06819103317862
2018-10-01,84.11717232763512,14.328969544372406,85.94174470228543,102.1367274540823,63.030010005143254,112.89742806053135,83.30768014503784,93.79238384067385,114.71309249855727,102.08973341303427,74.17000030948647,103.09425874893152,100.77065633928271,103.75464310127552,105.59527052214818,88.29623303930464,124.80447204803116,71.122486497158,68.53410422604065,118.96403990221363,85.89954663111754,117.26817515406631,87.00237180392418,69.20868492541271,102.40288692483637,86.23841225769428,101.45795592629234,92.63566999110904,74.6074143617869,97.63077107959487,97.81940948990972,55.64014477036253,117.33065600029653,112.91927612821613,59.20510031891744,95.52041607204586,121.47513961414302,111.46731676951556,31.09903461909897,121.68824350261566,98.65830430432246,122.65471442441667,,91.55368243042489
2018-11-01,84.4085053553013,14.741603067482625,87.67511312206702,102.02506000494589,62.8605514022724,113.98934860099708,82.4020429161072,94.04540647465855,114.44690690676016,102.33555348897816,72.0276797722907,102.73037407368022,100.0869548097135,103.41965537792713,105.79394197928791,88.52724660133869,119.52618931804355,72.9580203889094,70.9227945827304,117.45610922975712,85.58747075662964,117.90545826778059,86.31537240672887,65.6077147602365,106.04949002055135,84.61583338507481,100.69110223276554,94.72643141072939,73.0212512725147,97.46239353882216,97.43131389252736,55.17813477208473,117.09753251362405,113.1365715952078,61.071846342997084,96.25427982388885,121.0465344163565,110.75690564211118,34.03196756968258,121.25357072203995,98.29276176169344,124.25361382590054,,91.51979010996702
2018-12-01,84.62736357688333,14.242890962264454,86.4703378339948,101.4489668392075,61.23162935522879,114.01320550242534,80.95415557916866,93.45206496997763,115.36305899163754,102.40447968426889,71.55129816669536,102.82865017245066,100.50896230332698,103.57369382103477,105.36920474486395,88.43128633930645,121.36090002371589,73.8378020536789,71.37743983293275,115.83245337713488,86.17471243152974,118.07934866132506,86.28821769657777,66.01406235570315,106.69432207420975,83.31930911714254,100.97094128245128,94.21987030687123,70.32725401420565,97.83518409664154,97.63562903147741,54.279925052310084,116.72171892791398,113.17054588450173,60.39662630477001,96.66192270261746,122.01317196381747,111.29075731656854,34.26107459858787,120.85088807923661,96.54400425335307,124.31871702883319,,90.90943350327204
2019-01-01,84.27827135973057,14.184502473498831,85.03528617456718,101.2672203157179,63.00433522822375,113.86295295369557,81.20605996142115,92.98601682119073,116.20864973706627,102.28753217219389,72.11902491186187,102.56529116096648,101.09919424664639,103.3354185725864,103.92460150055088,89.16325322224945,122.25117507617256,73.29986687635346,72.31153793548005,117.4054467036187,88.19429852701653,116.92061865258945,86.4655190734068,68.93060918389634,104.97105442882896,83.37013816647647,100.49837773485703,93.85139779879992,69.64543780178892,97.6164795218601,96.40730597236491,54.321389757605374,115.69386613006012,113.2743475767509,61.47571815870475,96.52201274791791,121.58902642612746,113.21102273147756,33.756166864266135,119.85834188751679,97.69275409625222,122.37335856520492,,90.94079929893203
2019-02-01,84.21730730771627,13.800873403466603,84.82490120471354,101.26722397618744,63.22735164909615,113.45678078107957,81.82560351596057,95.83758862536546,117.14942585170833,102.39565604568683,73.1803393566965,102.3073001533205,100.66433776275802,103.40211495502271,103.49712653684382,89.62171021061278,122.41958034667128,72.70039390656393,72.82693817285978,119.39430266892776,86.77678202183681,116.72109917337801,87.17372879627999,68.88044742347033,105.74682051128816,83.37296034977825,101.00788471003324,94.320376502905,69.37122011184894,96.79879080504847,95.31102354115102,55.241833524641805,115.76184873348578,113.27126514734975,61.65589870754115,94.15053814729787,120.35393515172024,115.03610301123817,34.445664192103855,119.95475098097519,98.92731307458214,122.1538885029971,,90.78243519825008
2019-03-01,84.64855482042513,12.97881285514069,84.14555478023765,101.0572363273097,61.61320396289977,118.38502348891771,80.89443619916335,94.6479782228236,118.09277551152184,102.20625861854582,73.18610420757948,102.08292822187227,100.68310056705366,103.19035908477801,103.3444790956623,90.08838836049661,122.757366454547,74.69409218607485,72.04178690949156,119.83296240305621,86.28937179898172,115.85113088744825,87.28331151248703,68.77234006920908,105.90456691978784,83.3606359982934,101.88196862836672,93.93868849943937,68.63213666406897,97.05227951151059,95.13523296105814,55.99636977984017,115.96851336836846,113.36475733626317,59.31947678338744,93.91870323088283,120.62080030938105,113.58236110164455,33.18298485613188,120.00833431499085,100.5191432987935,122.58851990623107,,91.00312661709319
2019-04-01,85.02536073690278,12.419553724858297,84.72393288411799,101.02762299670893,60.99208475432438,113.79018700929772,80.85126431837578,95.09990977984043,118.33016772069536,102.213807414494,72.78382136625335,102.05240980004461,100.70093581899403,103.04668729994894,103.5744514596888,88.61352331101587,123.00486705380528,74.92870145000637,72.51580296683717,121.13085986758159,86.07492645306198,114.91182511698116,86.6223944598574,69.75528026182711,104.28518351568286,84.19267767036722,102.28128385760986,95.04742548793462,68.47164824741854,97.27004581760794,95.30944197716946,56.782324962673826,116.34250501978937,113.45456997680283,60.51549555712228,93.9557651697657,120.39528664981734,113.40030057394948,31.736411718657603,120.45804548544616,99.96929012807651,122.70134127768202,,91.31720985347617
2019-05-01,86.02607214880696,12.136712983104646,83.54385900565967,101.82067408908733,59.95613776959041,113.74933464796311,80.62932845758034,92.92001950762577,116.81693429286047,100.8795667075694,70.27055480865073,102.38754920174806,100.59802159994977,103.7005245440444,105.04153164808253,87.79008743382772,121.49831896623986,75.12894210536518,71.9497332793139,122.23368913954691,88.44953619893357,111.83116459739722,86.1711420193853,69.54797826223613,102.91413390025473,83.34444823202497,102.8104253510513,95.32562217389179,66.83775542084689,97.3728838047727,95.72326336833576,57.20149383322257,117.43744729866943,113.22300168180968,59.87125251144708,92.06675021744593,120.88129493038878,114.49774117478044,30.453812631031823,121.58021754896265,99.13573279098051,123.9840052666497,,92.13584280221181
2019-06-01,85.51984248052956,12.268665243762905,83.29036430090592,101.33804467512373,61.86319163317029,113.07682583173788,81.627634455654,92.37381566445443,115.48794471453812,100.80853674163232,70.99986709111259,102.51530948019396,101.25108738883945,103.74104914770011,105.34861234410396,88.4359768908619,118.99897495779597,75.22518464617066,72.46115531784002,121.30738826306211,89.74685393445306,112.66154764693421,85.9673115589022,68.8411381532917,103.26987286626024,83.87359782342388,102.61450520342576,95.8437090338788,62.49324354416269,98.13686658135047,96.32103716191041,57.47634479554772,116.84085405156691,113.48189921573845,58.94523213813141,93.14939567609085,122.88856682094888,116.54264275623656,31.53620509355039,120.98701200582495,97.12513756425132,123.49392204422345,,91.18522012756667
2019-07-01,85.26936329751625,12.586311240739256,83.60371226988212,100.6856348756309,62.815955974642954,111.46992831099054,82.83048219336665,92.84919249657749,115.66022368434324,101.48325135154754,71.94199346271223,102.21342490765868,101.3541404465579,103.4265687144349,105.2824756115925,87.54665800068415,119.43731690308606,75.75601349237093,73.2167229199468,123.2104329100348,89.39784508130755,112.03976542190497,86.45126716417825,69.68155387547543,104.37674735447882,84.50218175164886,103.3754487748886,96.83440700475545,61.030816891119585,98.00815062767228,96.08471929748609,58.385061097742465,116.63722555484814,113.26635717975091,61.2897272504375,93.48146268138163,123.44378214139584,117.44731865180667,32.424298617250194,120.7035901007632,95.70979546703472,122.88723811477271,,91.25544866680646
2019-08-01,86.95346103407529,10.54881721639753,82.15895541656668,102.93859670562446,60.85086220582796,113.36282972126965,82.20464354111309,91.42077635203243,113.9584018408554,100.45940319072454,68.8481978433928,102.62173903391793,100.72663703208184,104.29888657378812,106.81253205379883,87.43636446859423,122.19213112161766,74.01630678905633,73.13142338957435,125.62515814182662,92.5021446675336,110.26108748635097,86.1051450885523,67.8347085497402,101.95166929034471,82.35994170503476,103.00689326424859,95.7127593160452,62.24512668218403,96.47476575488766,96.46471512167213,56.82429014710314,118.15617807134045,112.58591916624749,57.56051944544316,92.54688358208406,125.9734583007349,118.87766467992394,32.994395250504446,122.2132579551825,94.31742233307011,125.1219517830256,,93.2634872521943
2019-09-01,87.50563598365947,9.761073519725448,82.88465205376573,103.39384573017145,59.78494899969865,113.29448007947718,82.46788024205715,91.5431321548333,113.14754884268194,101.42363098972793,69.48339418370828,102.23646566240699,100.29331961277272,103.8358413956144,107.31721618587771,85.8114163255111,121.78976338690677,73.86404323120188,73.99944917146772,125.59841604704674,91.48249446778088,112.0484686151128,86.22276012652004,68.31433373718609,100.70215320871843,82.29701746759616,104.35408798933634,96.07362612999938,63.177380042746364,96.03158612636739,96.19343493341161,58.061409886661345,118.50497614973878,113.03035770670841,59.105768192998966,92.53230214247323,125.11982740287166,119.87905737264026,32.85433739196259,122.59892408787148,96.55095408679513,125.39603139943058,,93.40458102191967
2019-10-01,87.49068519035595,9.44056365382261,82.4533562814467,103.33208432945055,60.06099727154509,112.66908891640233,82.66421483535473,91.05336943373142,113.17096955020622,102.77231801103686,68.69844629599163,102.18268714836303,100.86469094890731,103.92385063237319,106.86096061912373,85.99845933036119,121.87142216639681,74.04504999056147,73.660776286508,125.37210443341644,90.59102777177745,112.8388553060064,85.8668660830286,69.07375560539681,100.25084061802845,80.59210344583192,104.13470197092501,97.04551510141395,63.09232353143926,97.11217293257059,95.82297868827636,58.37220390369855,118.19982360069274,113.45613398711842,58.53690327139391,91.71876046863058,124.26135632216864,120.478439822809,32.21866250672293,122.34783499679037,98.46443485890535,124.79114575909027,,93.40090035195931
2019-11-01,87.35209929410023,9.254175493596467,82.46461648875763,102.39746153593711,59.04587966791588,112.8759349077459,82.26277662720591,84.38249204313549,114.35427213272527,103.489601351309,69.42574507248206,101.90894263939146,101.2867826673697,103.4517171774121,106.2824888041453,85.2748783274156,122.55557223988598,73.32096249428368,73.62775027731608,126.26572908239137,89.55117111174351,114.03040062625477,86.12830012088007,69.07328629967155,100.8344639568966,80.21090552737252,103.81593447670198,98.08974833793376,63.05803923419434,97.19036699290926,95.33436350151715,58.58043047775162,117.88409274193955,113.71285397955691,58.88197384830859,92.81625800977531,123.99624001723448,120.55246278469151,32.44497470212009,122.0790419918526,100.35569096567649,124.56465784055462,,92.61050349529508
2019-12-01,87.22319808073397,9.182965861724455,82.85490924970524,102.08562416828615,59.402543959840756,112.64348803795234,82.56048633080668,84.8741778234651,114.09704154561994,104.17761063690818,69.78375689005163,101.87130331268537,101.35095627305411,103.20680508644244,106.43368763959025,86.02722333814535,123.35686772029686,73.36852939801794,73.80722980866918,125.95297291639301,89.16900240083352,113.1014743812614,86.10464769268393,69.65486216909636,103.52106303912005,80.54563421465907,104.15342079132938,97.87792539403041,63.04923835310061,97.36779502511165,95.1686158251885,59.22764317574494,117.69060306082942,113.80567576935039,60.0792768230986,94.21725154919548,124.7359080849746,120.42552032373031,31.664191668660884,121.77603306920959,101.69791907509492,124.03240279323668,,92.80730206883045
2020-01-01,87.16490512916872,9.152520798220486,82.08984014594571,101.05991211062482,58.54006756434713,111.47541729102217,82.96988125681084,84.23473556538669,115.47514263562255,104.99770475586767,71.0134831980339,101.65173393929817,102.3567731607169,103.06137376479371,106.00828917581975,84.91846316259932,121.84851553735186,72.94550623604488,75.03127272079941,126.29263436231781,88.53870013860981,113.32891312137572,87.18876047999777,70.75086745612072,103.3165678077343,81.35388318047528,104.49959284867265,97.3438258240083,62.88640694059846,97.66364954085786,95.12220983748489,60.08362157363882,117.36769365806923,113.56003288885165,60.007819932610765,93.33145227055645,126.44028294760463,118.81731981616157,31.193434139231286,121.46860287763886,101.20922622298862,123.23796329884715,,92.19765556358846
2020-02-01,88.10242153299706,9.12677055671593,80.74076268038567,102.9782970422159,56.446111140923236,113.77803881643938,82.02202620049069,82.7430838708253,115.65595338208664,104.52860625109142,69.66824373089734,101.41724944489907,102.99563584394214,103.02399507614521,107.1502235969968,84.15381121047302,120.79742448198513,73.48220006752314,75.68446071265332,128.78108091919606,88.9541073559557,111.74446588086471,86.47942178386398,70.99669185339546,101.31186783575517,79.68860821076188,103.98498203837892,98.61209237960145,63.7192541785476,96.99963163606773,95.05967258317378,58.922666118740686,118.75940715940017,111.52064790104528,58.33383018744605,93.2434313723749,127.21288375463722,116.65927293787755,30.92739128768184,122.81170355545699,101.91287588732906,124.730331043887,,93.26478916912369
2020-03-01,88.47530969926561,9.237006349810597,75.8535587206552,104.78143427827806,50.822258961875974,114.20189018438856,78.82011943333048,79.92682229123305,117.54406939907065,104.6205050211635,62.78386064864914,103.4142790639544,98.2270193708874,105.59806290616149,107.91606490119439,83.33230581112096,115.0470727359666,71.63109585006573,69.18969903330414,123.50322134500173,92.64552747843194,111.1024288580595,84.78839942731823,59.989202019898435,97.59465766588504,73.07918659201441,103.204158055593,99.04139303231099,62.70341011129077,95.22837300258682,95.80586065226497,50.815501665916905,119.9358156847933,111.02304897026463,53.011695648242515,92.86474798975655,130.20446620035094,115.2743331919169,30.112365752862402,124.41293113793802,97.46100002401852,130.19394320792026,,94.11267670146458
2020-04-01,86.30072975430545,9.169179351912396,77.36908861643165,106.01641199372833,47.141983591493464,115.39689694591897,78.58283424653148,79.77486324802075,117.97152315181489,104.83755613640899,62.29179906743547,103.35341370811948,95.87963760208437,105.56159467405628,108.87897792764602,80.88578438028331,108.90335231483886,70.83006310759288,67.24512820634592,126.26287095884533,93.28734173369784,111.6964841446788,84.39089490854236,55.53695094807705,97.24685614521668,72.67905686138077,107.8334582931597,100.47212505008225,61.256578083978006,93.08606745771549,96.1222788236911,51.26831098894357,121.52558824915296,111.33020814222483,48.09952941288883,92.66857958743219,130.11930450453332,114.34327758389135,28.206162380107973,126.15769777550953,99.43397994053123,133.18370482665875,,93.24194291519483
2020-05-01,85.41008412630589,8.962881095244072,79.9882378220711,106.44618469860212,44.29209702071243,113.91125685848739,79.16389463293598,83.1002409197835,116.89724581773189,105.3027821213285,64.2566764649697,103.34948285860006,95.77906829072074,105.12123174822683,108.86981153021182,82.18737081824796,108.68395572942961,71.03741852319821,71.39058831845743,128.0978391904937,93.26966909774038,110.65038194497698,84.15316764436365,57.46944237122097,98.05897652421794,75.10369505132087,107.25370047598786,100.26314320650773,62.745385162875735,93.26608433704662,95.99816740219656,53.02657506615003,121.32648935916353,111.10816339937676,49.22047212187213,94.89291013340528,129.9396936429389,115.79150462286778,27.820727580152848,125.72743424998691,98.08826389145754,132.15154772886854,,93.80858713842142
2020-06-01,82.87699062366515,8.443161131022844,83.68168355520073,104.11052250608898,47.51545663632219,111.85671246001422,81.03504092469707,84.74988457744433,115.20246396570386,106.3453266926861,65.94005120461463,103.79030013539862,98.01976122364152,105.27438430459553,107.99743054991231,82.9372901912143,111.83204571604253,69.94446206576065,73.86260332806887,128.29595563216566,91.49488818305718,111.31996318895341,84.2642522744395,60.11682930480238,101.83176806584804,77.3223202500534,104.24762783652837,100.12349616641411,59.95021492449932,94.99391735611185,95.95626665022736,54.429074262270284,119.89724360143681,111.53460915386711,51.220831468777895,95.99859614745695,129.61896951342516,117.65045407134673,27.54151013397636,124.34931621941384,97.52313610165864,128.89518076168667,,93.36299270932211
2020-07-01,82.08557395712232,8.200683178844777,84.61283160783367,103.36459070156778,46.265409119478676,112.01054706779784,81.09561878022174,85.26956377767085,115.96864704154288,107.17049198855244,66.50968191597838,104.26338585905319,98.89541463702407,105.54065769068085,107.01579115032655,82.3096631289649,108.04314404496871,70.36389497672096,71.75899879147643,128.11929278726686,91.70496127031615,111.4967570942913,84.01446355954,59.562095421445925,103.21975104954721,78.18078383851143,102.39879338887503,101.02124388876834,59.09208560614461,95.20117138666002,96.34569884196779,52.09165094835409,119.04369105020074,111.48882907120583,51.82895588784644,97.48335089130671,130.50049453839966,115.97772315039772,27.08814317350925,123.45837102977633,97.43511413965467,128.1265730242646,,92.7718334563898
2020-08-01,80.73676120964463,7.975162706975912,85.64573123725063,102.21626359228095,44.46218721107885,110.53943933547869,82.33506386504378,84.69364142809539,116.49060781892369,107.30095570032188,63.97683951727286,105.02307310927644,100.53224209953832,106.0201458948941,105.77769091833929,83.1618000416306,106.46212433380614,70.1246649024838,70.18285799769401,127.59887557719946,91.50764785316477,111.72768299722733,84.79633061924605,59.87586367311588,102.03935171356943,79.17677693232068,100.46872324805396,101.47371244714618,58.237143803655165,96.74877366517516,96.8926392529021,49.54448745665959,117.96545271340824,111.92623002354851,49.66738399091181,98.3465762066262,131.35201370530916,115.68339440936984,25.143829632992105,122.42857700306632,99.0233752564026,126.3148130644512,,92.23012431705378
2020-09-01,80.48097004735764,7.724761285463136,85.38372477352253,101.99811090612529,44.52980608712671,110.02475238384544,82.24069307768421,85.30706391487874,118.36814245741803,107.96846407000811,64.25041489296585,105.1685415576378,98.6045835028603,106.3887614674037,104.70975058101007,80.64646351890791,105.89317706693771,70.9812610506004,69.21618824426707,127.05984032755768,91.4394627866751,112.0161847305039,85.1284575678514,61.216823193751104,102.60413611831906,77.93886122559374,100.21118371088971,101.57747452666067,58.72179288230935,95.44607854835229,96.99389676096835,48.176100122814965,117.43813580626525,111.77261791588664,51.00715355715588,97.47835290469952,130.86611553452926,114.47619864233577,24.325630502443445,121.90532733469715,97.96563418570379,125.44680742551944,,91.71167188537827
2020-10-01,80.54126093196147,7.5411556804392115,83.52284255237896,101.95278545652364,42.60064426124404,109.53833532889577,82.09242120162033,83.48145323388117,119.73817605681569,109.904664138023,62.88142909217825,105.22725046663585,96.98863053947233,106.45120259508528,103.75535571184824,80.34241495168224,105.33834605609857,70.84119248246019,69.36701601076987,128.26900698913485,91.29416661965405,114.95559701536237,84.6199728352722,62.17347635618032,101.8107550491821,76.93245680332247,99.06303056797296,101.05050822889628,59.69842233615362,94.11174924777202,97.06755009539683,47.140039146351,116.96652700141537,111.74425552115564,51.78686103721881,97.95074110342765,131.28057524347707,114.46989732307888,23.12949186461911,121.57988838252433,98.17590792055857,124.82219266423442,,90.94563581475738
2020-11-01,79.79825971638029,7.175436519351573,84.11282796074178,100.90583679161796,43.52404147416235,109.14539022983605,82.56524037637072,85.12652592864715,120.87058767079381,110.52028645254957,64.73100930957192,104.85218933812497,99.45769475356309,105.78083581808121,102.28916405937045,80.63576515413193,105.87433867954907,69.50117773918686,71.15506927272769,128.75768647880977,90.85328229898604,116.75078175015928,84.4535806627751,64.53497506784764,103.91183389425431,77.80953336656108,97.6326735684754,100.39319957170088,60.34828232262834,94.67471729222487,96.85787252221239,47.12595389429627,115.8323705293943,111.5775360212136,54.243120201371056,99.12943254065493,130.4210107484161,116.22208163480461,22.842607595976975,120.56209385212982,99.16591889146798,122.75374495455335,,89.78668060171077
2020-12-01,76.14552348110202,6.770201291974997,85.98350039060128,99.51114520869268,45.31731011005454,108.27940822019895,83.74820300867945,87.12440048834158,120.29166626688207,111.8305833341636,67.91236579626666,105.25222427808245,100.2163278381335,106.05976881614167,101.20403977498866,80.9082143363773,110.78183194862889,69.21723292108489,70.67349023424275,131.11523085331424,90.3045747511818,117.56721132038311,84.67242674238763,65.58894235171348,105.79553638206443,79.2081215216861,96.45386812462728,99.756766617249,59.29282913155646,95.10897802507175,96.89022168882599,47.88512380583626,114.36515929142614,111.56306074494873,55.73616036390491,99.86190319953269,131.22538745915412,116.34018415551562,23.14734542227659,119.0367400797048,98.67521188181513,120.47455035734569,,88.9419149839515
2021-01-01,75.32586833752929,6.534940445793932,87.65987132475489,98.85358220964625,43.39471455447166,107.6412291134944,84.19815785992827,88.37611937158937,121.51451542887432,112.61620544173377,67.34614888872356,105.00814052174941,100.8017706179574,105.65114903069208,100.43572642827743,80.75300517229805,109.3108093373385,69.51040977346067,70.86667463102043,131.48376760299016,89.86507814125102,116.45323380704087,84.62195933407669,65.62842020865754,106.44596123273575,80.7521443621252,95.86887801041668,99.48965391329058,59.05320139965593,93.69346925625877,96.59623598589744,47.49435940288828,114.02002323942251,111.64611361555572,54.59865910589519,100.23482852072334,131.1118338876159,116.13621864765496,24.080332482152613,118.51623768537284,99.9170861960742,119.98344587440255,,88.84332035412311
2021-02-01,75.25846753556874,6.349916101653134,88.15058820654882,99.26093084050727,42.981922875305294,107.50833129146875,84.56071499604205,88.81747737706472,122.0372342611202,112.87842122485505,66.3407782057654,104.62262064888522,101.56559734558684,105.2495738764016,100.44934068149396,80.75484663089928,109.69272141989128,69.91658063686947,71.05991399825561,129.6626885442082,88.54487248431374,115.31355599153453,84.61661939000929,64.46988577598204,107.26560571505584,81.02573856985892,95.80872189973552,99.34175539283376,59.432461917919134,94.13513230856378,96.13422050172147,47.56652808700979,114.17049446008363,111.65323385012597,56.01976760792975,99.89531553417383,129.73098030598933,116.40680823134618,25.193632402997796,118.63913305046432,101.82650101722291,120.5039933686891,,89.22106711050243
2021-03-01,76.24226970434515,6.291080399209877,88.67725511474288,100.33744362773179,41.53115031464618,108.43509039116495,85.71450192496165,89.52038110891043,122.59013260084872,111.57184200329833,66.08929082550328,104.62414915060272,100.55978434620494,105.18234161575522,101.29109465229918,79.21528220804007,112.10635778220323,70.67023343544948,70.1600794795408,130.00815880487983,86.58391679593097,114.49402642832183,84.28908501261778,63.18340248503971,106.63497794989351,82.01407457588547,95.41859776376991,100.03877148674607,61.22981006869973,91.99459640678532,96.3327320649163,48.34305041531733,115.63140904344982,111.65490116642775,55.8412552992283,98.8949920032523,126.74754939748605,114.8126811651141,23.5755743251099,120.23262108442205,103.29184016052766,122.02672550344127,,90.32642857993713
2021-04-01,76.62391253166389,6.131717399022265,88.69407063519247,100.53409621548836,42.16313164948138,109.25556861053494,86.07818210044601,91.67238745250052,122.33199285930164,111.69068709876578,65.23465488533809,104.87144590756571,101.6498881810425,105.30944512534057,101.22861447380735,80.45340695159024,112.79762750499289,68.90507437393913,69.57456231981743,131.71063732466726,86.34859314492762,115.98749932161276,84.13222227304401,65.53010837571975,106.65821275998044,83.15146695816456,95.58902405786175,100.29057450804673,62.34487100494383,92.9359922208653,95.92813439621186,47.29495247335014,115.7295563336846,112.45896634704862,58.062805392986064,99.05923373409829,127.7345161241189,112.68115068527807,22.09349850264356,120.69916019190853,102.8605482903207,121.12195231315843,,90.06872276499742
2021-05-01,75.38356728839982,5.9507739693899335,88.57852468334607,99.00684573712635,43.79486427606692,107.89807445715563,88.40444007737601,90.2486041737707,123.19419787458293,112.97769956835563,63.301398943118805,104.90356233954576,103.04327334413084,105.37455196776904,100.28804101855839,81.99905562524678,113.77581133678815,69.84532933678041,70.18178529884841,131.06048572822436,85.51097711934943,114.47035865251986,83.44937203912805,65.4412856719387,107.13387059723927,82.67537422243882,93.01483328156583,100.88042632595045,61.711591536106106,93.50567228185021,95.82918337125157,48.140379014872565,114.78434155341839,112.04244189784896,58.830178063573726,99.29629485312022,128.8707895134293,112.17904575783209,21.25597095884243,119.74083144566627,103.45041831930035,119.70274371212048,,89.11158599828617
2021-06-01,75.4306109665353,5.823262138531006,87.41280419349111,99.67417326133601,46.20660902404442,107.86935908138209,87.83687153856884,88.328466967159,123.49790711200916,113.53282757379408,64.22228485509092,104.5634674507747,103.22663103952208,105.08281680792939,100.36590394251574,82.68313992119793,115.58406671214121,69.6262484182724,70.14180162311774,132.07494738295617,84.8382024577969,114.64173449231421,83.4906965217832,65.34447341942882,105.81385046101425,82.00564991017787,89.87346078699942,100.55082665495925,60.6253808999202,93.79922001819732,95.67743259527172,49.306328859587154,115.04897397342428,111.88549810304642,59.610572826904885,99.4122793292429,128.7302697843242,111.78808097691642,20.721182077418412,120.21760499078138,103.57653858271743,120.02507055169076,,89.67686294190565
2021-07-01,76.14074689886691,5.841839206899026,85.75044041008685,101.01080829760795,45.555754997853796,108.9109649240086,85.94079839267779,86.32360829437604,124.0802403621091,112.65227848427246,62.37488123980406,104.34517101311707,102.50119664597031,105.09420316705847,101.21635662925176,80.94540104439147,115.32480093289273,69.43595523779624,70.28116043658324,132.8600048716595,85.70698357218096,113.29965006713493,83.090235153647,65.77362685681054,105.2392594913534,80.12933396590056,90.3369265347524,97.651979612478,59.87381594508273,92.48889413263973,95.71130778108457,49.093184089481376,116.34972316217515,111.26505301351506,57.759098727595656,98.70695537450302,129.10798754973658,108.67800089603725,21.1057167344609,121.65019743881116,103.50937273406615,121.57912718614901,,90.78214284396844
2021-08-01,76.13456297002405,5.820950413301284,84.41374228265752,101.00808782644447,44.72523338483025,109.4183230388295,85.50701295317668,83.34682087779538,124.4970877713436,113.2105117859014,61.7503265470584,104.13853552779302,103.03368188750044,104.99185791039034,101.07410321781518,82.08869606228932,114.11506746173991,69.9880714922747,71.05553322962595,135.05362955320717,86.27648806794264,111.87966790785015,82.88050731413948,65.51590534329861,105.49393762455657,79.73313164036855,87.60396103842217,97.68160408322257,58.3563899126766,92.15266475532175,95.50293714222504,49.41746536591441,116.52936758417536,111.38334067287138,56.85166488894334,98.4522247739089,130.00337009660046,107.23285673851377,21.432909295371893,121.81877149519397,103.73066189550093,121.98130426421186,,91.2269697745909
2021-09-01,75.52372901356205,5.7487565474730316,84.41393170857853,100.5232167803874,44.569969974576885,108.92860089998774,85.0110118962284,82.89889217888296,124.8336306210758,113.77466221217799,62.74702489430799,104.13768567767556,103.3591791859056,104.78981366114452,100.8830069142943,81.91880389886383,112.1512001053813,70.47441663307949,71.57185057888088,135.9583177329952,85.8937289774517,110.51719882336522,83.7624995291519,65.6391550278589,106.55727521174354,81.60195992909125,87.28831416441734,97.51304879548863,56.910054597354865,92.09023466199473,95.07688695443804,49.91813907279149,116.47460602432137,111.63989220039446,57.58762875651032,98.65114986086247,128.8262950256243,107.12021580153221,21.2221708959206,121.80812679179245,103.16311184793791,122.00346953752421,,91.97574956125894
2021-10-01,76.23860230675645,5.773218735991471,85.73572930322723,100.70846181803705,42.50093706077389,108.80482707978913,86.78754543904202,80.22903935984537,126.52595600297443,112.95342286686363,64.08611738721316,103.8009069539227,102.80618906873711,104.05878973060373,100.91655594474858,79.89970788540013,112.41077079743094,69.51743516778129,72.32345824696074,136.97421581775154,83.79958819746503,110.04485086460735,84.2496923691562,64.35541762829527,106.536509372614,84.30904746497258,89.9686501734005,97.05620864304075,55.92566435124433,91.33536185584926,95.27717993441877,51.59803037383428,117.45280791682553,111.73627109137247,56.845938303283624,99.13665986960392,129.96012675594918,106.35484080266654,19.854288852435424,123.02113680285676,103.76441528428523,122.75500327415739,,92.37132670575913
2021-11-01,77.13009316257022,5.737138878257432,84.69253397182108,101.31247844928359,42.465481302207316,109.67422104633042,86.13842286450665,80.55156840796379,128.0430278899807,113.4144323780071,62.377617276406504,103.67460696210185,103.28200521101874,104.01726359935326,100.60621129403854,79.1145033788602,112.68094004907161,70.4280472965305,71.91694409894893,143.20265277061233,83.28523088840797,110.20377408624893,84.14383230796676,63.15551783961436,106.35283806922402,82.96580512392748,90.35760093118921,97.94061120944517,55.749573560084144,90.1949810770982,95.86689049935568,51.35066518780991,118.10216153977744,111.41400457495048,54.73622541053541,99.28308906142654,131.59396424376834,107.78819642455358,17.21271802808425,123.8973754554638,103.34780965140547,123.84305557037652,,92.4945172840962
2021-12-01,78.4504760479996,5.698200747645026,83.14566026803246,102.0241279728546,41.98446367213396,109.81794515880357,84.66262522898313,77.28762356508958,129.3716739953861,113.66336860242117,61.98116015810936,103.84934147643969,103.97611425778652,104.44971053748982,100.45252355989342,78.60061616154648,114.42482107040294,70.08485324769377,71.95821414019937,144.82190098701653,83.59267836869839,110.65889160188813,83.82139030468686,63.14891286729889,103.30420007591184,81.96032858541712,90.62667545032228,98.16934967105331,54.79149619066931,91.0094335173993,96.85204456742834,51.477425713734974,118.96304046078734,111.21634308425412,53.85320713968633,97.31484788113227,132.99606256281083,106.52883048417381,13.654476573162949,125.33283432013651,103.427797427368,124.80163745813616,,92.81054498405851
2022-01-01,77.93515004499834,5.537106228571515,83.18368756587716,101.7305742493088,42.69184736125845,109.52674645644053,85.69310946754904,79.62884136050798,129.56997444323085,113.97593054350968,61.159491888328965,103.63435579301009,107.10480502586806,104.22115206516867,100.34836286813076,80.40024723319455,114.92429974311662,70.90177773908792,71.76499290616452,144.49815560041304,82.78394199582189,109.47971164310286,84.12432226121162,64.31043894119037,102.38703008301687,82.81100144167522,93.98604941536584,96.41115208093498,54.992737976258866,92.10655915723656,96.62570257800863,49.57301695839677,118.71485277337896,112.05370251670072,54.97337007581907,96.24128646769007,132.82809918348994,107.52246872357966,13.721238052862573,125.07333337041689,105.0327327910223,124.06306731160895,,92.26079520057176
2022-02-01,77.09438200756429,5.330056097013832,83.08833787616724,101.37479077995893,45.5168071240143,109.27628515467238,84.99340822158199,80.71493830740152,129.62306293453602,113.1597872513789,61.91632568983309,103.7802783906816,107.3339933432264,104.52907171691474,100.13569400104956,80.89488310956804,118.29290393888832,70.44855552469421,71.66694823316058,141.09919747270794,82.4650006771717,109.21921095230572,84.06789372166617,64.41602453775366,101.37175575759842,82.59531458150443,96.25294187140176,96.25150880582989,55.15222056261286,92.3302335813062,96.73298881467127,48.453520092465794,118.56440271711301,112.33869139450938,55.85874774274349,94.73633465847415,132.26184048259157,109.39931054634162,13.66107863613156,125.08056015294264,104.8432280915033,123.94496065130414,,92.99828798337543
2022-03-01,77.94341507566457,5.179022290735098,86.33271201998876,103.10781120099371,48.08599834474524,110.3322104245519,85.7332132736156,81.99466598733078,131.9856271613129,110.93201880575016,64.47525956596778,104.10006183594112,105.68571505147517,104.4166208487809,100.51507150608077,77.33361898922702,116.39140389693516,70.20661340257189,72.49235652282418,142.83496625086437,80.8916354109388,108.59790971735006,84.64504541820392,64.25779074959644,104.78181753021528,85.2979116119736,98.44492388350987,95.79923302691209,54.41795446104075,89.34451092676015,98.05853677337191,37.471900939894226,120.13589792771788,112.36899479538987,57.66844817041342,94.47540648638854,134.0716305267176,108.33688210935463,13.342232399570106,127.05756679451703,104.43893185653661,125.32923361173636,,93.36810353947396
2022-04-01,77.90920967327976,4.974102241804468,87.96554174073788,103.34588325299798,50.82540204824717,112.02325954372074,86.35300614204931,81.07663952810367,130.42922076449815,108.40772179660543,64.9661624304047,102.89260813682026,107.18178330280135,103.2746885835656,101.74902238264087,76.78433331631004,118.3828155883266,70.61132705354989,73.14421240965595,143.89926015340347,76.29610919712646,107.78033015898201,84.2773432273492,66.08211520964912,104.43761197171646,85.5824363237722,99.1678900562604,97.4160733613489,53.322155299692355,89.79234364899771,96.98153207711071,50.891579125938556,121.71842317672763,113.13134977636227,58.05269077718832,95.68857246029593,133.48725905240624,107.94250220275046,13.067929331028012,128.5033620980403,103.27634344442606,125.85124894389097,,94.24511723451516
2022-05-01,78.67087876445285,4.904894446353042,86.40495283646578,104.96641346192554,49.64766319363189,114.33909454316652,85.54789453250935,79.800702158179,126.71317123437736,106.55380640580572,62.516483206337995,102.64062549252398,105.61466178344693,103.6223954254753,104.62546562311645,74.5598667602166,120.157142034363,70.7043277525615,73.77750831144796,141.0823948189288,76.18238927193921,106.84761870771578,83.8201975004409,66.86402987449277,101.28446839191825,81.4404424800866,101.26178637708256,98.56969445110067,51.27323194056741,89.1983522779703,96.87649718674075,64.60007310000032,124.51423019252157,113.91581160053465,56.18526293983258,94.43533711231545,131.226070754845,108.059204261909,12.343434827810903,131.38168555543677,101.48833646215405,128.31133979948575,,95.57002769957508
2022-06-01,79.01190011342965,4.729359150184914,86.66834617955699,102.65428122229825,49.03942223786891,114.51725112444015,85.90587979139218,79.44470147081311,127.31449334537778,106.54180946116112,64.27734023006677,102.69517944506316,105.78790885436162,103.9211129251886,104.98059696274373,72.16943258076236,120.542061167683,70.26535209491425,73.71093826477316,140.67860409554845,73.33557356604977,106.20276172153862,84.040592326711,67.08383370271791,100.88190604747741,80.44308886540607,102.09764314831627,96.85745823854562,49.24820834939562,89.03106364117795,97.29204656177248,72.36443988406911,125.49443392716941,114.36694475063763,56.796584063837706,93.69433935183085,132.96873503179478,107.06809948746078,11.277799644583107,132.58103517324622,100.67279444166641,128.7276552518407,,95.06162087267747
2022-07-01,81.1312706650838,4.6628579461334,85.79420807250006,99.80223350529516,46.81192272858603,115.89640859033771,85.58909483322536,72.82546815834816,129.1779555191889,105.57304557398449,59.01102196160982,101.954531608812,106.12937355198157,103.16523542996332,106.06836931683021,70.61043613023628,119.33273683762573,70.08457104093789,73.45839127396194,141.18137195867172,72.93451017045108,105.20121324534443,84.53642373109386,65.75251843729816,99.90372307038021,80.89655198660549,100.34881126173387,94.37791413751994,46.49370137326051,86.32093726159025,97.2992604120786,73.08943953365815,127.81962467477716,114.96342035439613,54.307356563105344,93.37295545408347,136.249288787809,104.22090729239359,11.258074576593028,135.04416442818982,100.40764314026337,131.48190294360373,,95.94011937403603
2022-08-01,83.6803648806911,4.380641300521184,87.39878860510886,98.59782284288501,49.13489158246468,114.54674605645094,85.82587302029751,76.95594980144756,127.70536047598293,104.81694749086074,59.619115193377816,101.78418906545232,106.15876213828952,102.8020760406444,106.61664203121654,70.95249844450522,117.70046714393693,70.29465928582977,74.36069822157349,149.07460904104332,73.92460444689051,104.36580755164593,84.02352852767878,67.09953485572477,101.1170582106498,83.62135129187917,101.31563961294287,94.54232277824104,46.494503369146365,87.17604040770671,98.29637878500715,71.05466868071937,128.01603854082722,116.11854365406448,54.91261294421087,93.55463444721079,138.57449020170637,105.71788094552217,10.957727288091867,135.21346063704507,100.68840556132008,131.0515649573246,,95.99741786105892
2022-09-01,86.85581940376997,4.201960911807119,86.59273866081152,100.58483387686576,49.44871878673108,117.21652801056477,83.97284921355612,77.52493970143635,126.50980225761579,100.83395274036016,59.1634910642525,101.9293658264801,106.30007133058615,103.48296704316846,109.76038381102794,70.66359553387267,118.3184006101833,71.09085450273263,75.60351188504266,145.57331908767398,71.49179810538173,100.93532845856133,84.6596418453308,68.00892535319977,98.42725928979736,81.57824281102582,103.26288523078608,94.01211554507272,45.41729666399086,86.9493773434407,98.08012068803535,73.8918889532623,131.4158540859402,116.3167544364415,53.52541796565918,91.5691335845392,139.26631640318863,104.84584514698328,11.021185848963345,138.6408368655757,97.23399658114035,134.26359046435118,,98.21106666978189
2022-10-01,88.16776824020774,4.013999766448027,84.07621314747732,95.92144498504969,50.1066909787642,118.7021105456181,81.92965367148548,76.07062016540297,125.40301116338975,98.68712882130227,56.404063599120455,102.30745751533559,106.93930001300214,104.03724783113223,112.04574570662564,68.47203866993145,117.86622293627144,70.39745019773449,74.90410844525368,143.56450603128155,70.61217119979041,100.30913076612971,83.40713095382415,68.70822963490367,96.32140903845034,80.14762509511473,103.21277475186115,93.92687123973478,48.248474726731274,86.07333138187893,98.27512759406699,73.65340526261383,133.6873631955668,117.55492887431811,52.530831267926736,90.61980741838734,137.46525213226965,104.21459511071053,11.01408319902322,141.17297277213254,98.17484584235797,136.55998808292014,,98.26785001360172
2022-11-01,86.63287044020498,3.7369863204099776,85.89025998831777,94.66418052531672,49.44540407600324,116.86130249000699,83.05146486890966,78.6214270281628,123.52081204732683,100.33855979384722,53.443194535678174,102.92628399123747,107.77098847671705,104.46901019769881,111.02672498200971,70.61871936204834,114.11519963984618,70.17705727730159,72.78664315265024,143.46248519688996,72.08007529819196,104.5462073446522,83.68634354636053,70.1889319681569,100.92777074746722,80.8155528566499,105.05370678073433,94.50326729293546,47.251578685361174,88.37137549313404,98.64550483194293,72.52524629131251,131.3226998498364,119.0860201383905,53.440803719919764,91.54209784388969,138.50097459039316,107.25529375656986,10.741916579016495,139.03982830144562,99.52369480654185,133.6885684981498,,92.6929228135651
2022-12-01,85.42213565766849,3.4405824522896014,85.3174728782249,91.59972041120562,48.87990785722064,114.82889395046118,81.46019365920813,80.79446535636708,124.62862588681263,102.89386491705163,54.32590476700129,103.77055367211634,108.64384228063474,105.27867718496509,108.59188815880094,70.80851183173277,112.03983847849774,68.56438874612213,71.40492005599589,141.60579896586006,74.53783336627605,107.52951785778109,85.41364812359767,68.94296422133569,103.19331448724544,80.28024602313269,104.76570370697485,95.19441514254244,45.853723674085046,89.2516613244563,99.08584406057166,65.3802370176454,128.2613733057921,119.15297864654258,52.748775411478675,91.21212779537693,139.95868803071687,109.50955677130156,10.535654206691184,136.34296490849528,100.66999428122433,131.3618117844869,,91.74063413318171
2023-01-01,85.02074919704718,3.2095847179389048,85.78130597992791,89.88098976015321,48.621744251713665,112.18629665624007,81.700360204334,84.30343742209753,126.18291310651757,103.79418327217678,54.550768736524134,104.07820556474125,110.15142398506742,105.8532252702911,105.73643187331754,73.0130771363156,110.16600177217492,68.44033737015953,71.62282826620863,140.39577304130086,75.73652251236321,109.83534988799444,85.49283851871373,70.59524700798482,101.58878111876666,78.57915821309447,103.29450426224287,94.44266903426069,43.27429472359906,89.1813165366159,99.11440518876667,61.61532736731933,126.04251529286272,119.38114675451475,52.44767624598013,89.81089510722464,139.21268004094262,112.33178164138752,10.387272965655105,134.3712412795082,99.63612455469728,128.707513742118,,93.33344991302867
2023-02-01,85.48950919154595,3.0537892766854458,86.10918027254085,87.9670189406974,49.34375773401288,112.93146411021864,81.8049970329018,87.94189733166748,126.33980332519053,104.33515762226185,53.679445657223546,104.13248943557755,111.4119555853405,105.92541207491422,106.02682152674465,75.26955876384994,111.03630983337918,68.34252339280756,72.74003159179873,137.22736076277275,74.78067160006499,107.56068568817855,85.16735170326196,72.20158526030653,100.73189567627009,76.8710131250034,103.61095810694525,95.32812074522799,38.28536813200653,88.42111052500513,99.38385947541212,58.84276682815236,127.20679133778144,119.58575146615054,50.479308745007565,90.35774933328604,140.19110744422917,110.3689839894961,10.47154071687396,135.96792220591144,99.40020926027174,128.9279393374675,,94.82293349689309
2023-03-01,86.21020349055442,2.9029740984816153,83.9284725055396,89.77532755491148,49.39660714279995,115.11870531660216,80.43558713339935,87.43216475591524,126.41224052873272,103.28866993150892,54.32426088137827,104.31228674272639,111.62220935458076,106.26273467104652,106.86195080357052,75.39106079407782,113.82153578660048,69.11237080310293,72.6881004809519,134.8657696895278,75.05561779364783,105.99102461428362,83.88614354128592,73.19868101419118,100.36120972173445,74.61505978003593,106.06667597817217,96.29070256536238,36.59826845574809,89.62685621880715,99.1650381717418,56.67433473826959,128.00399019004257,119.71729091188601,49.65554768909138,90.26510460471897,140.5043911803344,109.76498258704606,10.470364838167018,137.0155338543048,100.1667914616784,129.7208430220369,,94.49485255665802
2023-04-01,85.40264789552926,2.68569385960272,83.84480498990412,86.83806312062983,51.26853777984191,114.75687723217132,81.30156601287152,87.74845298294012,125.9950287806357,103.20659533042098,56.63882713899318,104.94785544673712,113.12850739970419,106.95713223683265,106.57718177201151,77.74901646791524,114.81208550339367,69.15477049944397,74.49322331677895,132.87878261237373,74.78918062507289,104.13648935177606,84.26777391664518,74.43712276023876,99.87050193721954,73.3553993290543,105.88318278622586,94.62634093306731,35.775197596120414,91.25155381315054,99.26623634572549,52.85095695567708,127.3158240141634,119.86766340259243,49.46833924208876,89.95231727959379,143.03963243378809,110.00144216930197,10.212520506473776,136.57687893187284,101.3509821833536,128.2031524374014,,95.3855110031319
2023-05-01,85.83414292005237,2.5227038681450895,84.17435157765252,88.22948106437458,52.19023738134887,113.43992576550295,81.29357921949652,89.22191391116448,124.78845307193905,102.63700771363524,56.93046155945254,104.66934006974758,112.07652130570136,106.92998597466715,107.90623948880842,78.22365241417883,114.13166932535876,69.29923164489584,75.36963735039399,132.51175300548056,73.31402741650056,104.60020899485028,83.11639551841365,76.09877433653463,100.8633255816948,71.7267507047241,108.928958627696,94.84069150726772,35.93907369287861,93.0883601025116,98.8465988409075,54.737903375627575,128.38949599772926,120.10262129165257,47.53397300962575,89.66709436983571,144.20402706632012,111.07877203891805,10.036513287860972,137.93197241668352,102.50369944477764,128.62504852030239,,96.12929034091306
2023-06-01,87.18792415505979,2.3467783348069338,86.07515830500378,87.77412252178186,54.19700157638848,114.70058467114812,82.75136368910023,90.03781504614466,122.29065510130361,102.26631878185017,61.83843880628261,105.07859408038627,111.90354503441317,107.51746715361273,109.60857421390304,78.92927412571822,115.01702398686378,70.02660202549873,75.6377503482541,135.11752051425304,71.55995992095919,108.17375899103774,81.89390497666396,78.46887137884605,100.25397702800251,71.95980827492953,110.90751731894252,95.74861808361923,36.14391967143581,95.10511616548735,99.56825684718127,53.291227446517,129.5932527764618,120.44105031872728,48.74335161218629,87.44016759468235,144.67742711938166,109.78488685005291,8.427288347198465,140.09440838755322,104.48021892386086,128.4916413048642,,96.74069015666544
2023-07-01,87.42348906884003,2.1813476155610485,86.179385703745,86.60156877909408,55.043941830515884,114.03521156560873,83.00857861780212,88.5512375844409,121.72636324277416,101.08626304065638,63.91171100900267,105.8982507332881,111.59820277278558,107.92921245969578,109.80055070671891,77.72285763515359,117.33143415429797,70.12261896309086,74.8825244431333,133.84992514479535,71.5472257912071,109.4156732848417,82.49818173260385,79.88356477773647,101.5240087001625,74.517005035717,112.28860755913297,97.10056456033,36.73009550952723,96.23106031381516,101.16217649594645,49.281549190662844,129.13989922108215,121.17780482043364,49.90565456737335,87.87477018572339,147.93001903651643,110.50363376233368,7.546870790357409,140.22854020534066,105.46638784739999,127.49255374853357,,96.1346474665154
2023-08-01,88.2687472671391,1.8306887227875208,84.20363104224434,87.34385190021666,55.15982544889471,115.19479810927183,81.72605392231605,85.76956444528291,122.65787435212808,99.10603859431113,64.73251420210279,105.93429606032431,110.73094281593076,108.12142501394865,110.95481864330905,76.668955691207,119.85665843976496,70.48057586395448,74.87140817606601,132.44690530877682,70.55805607175783,107.3942157295708,83.19673473918222,80.00004944010011,99.19530089626323,74.09840005217808,111.56580759333382,95.80306102362307,35.47096289684468,96.01598316670503,101.42088022246382,47.596480104551375,130.84425944213027,121.08981348495942,48.9115854595518,86.59698601172197,148.99105788664673,110.47566379973401,7.563538194994089,142.31359412993345,105.30765060067479,129.2425655971915,,97.0766554087899
2023-09-01,89.06684246210685,1.7042558498891698,84.36989618403507,87.67549535162182,55.49704973268192,115.68897817866615,81.76742686142565,84.00613137085786,123.35998800177228,98.42688688813644,66.48366476725589,105.7283963124029,109.609335372185,107.9126493842373,111.92768579430414,76.433419898904,119.04713547645076,71.02176008436447,74.98929516410303,131.4827813131335,69.78735813408952,107.59241763919675,82.71543682264209,78.83790511526043,99.11185407279261,73.67602301643866,111.76532981724665,96.03610918338545,35.36629380395947,92.95676230273087,100.9765290417964,47.77037807480627,132.20537295883898,121.19354962034441,48.937355481575956,86.30185243604835,147.9409637089365,108.89913022110701,7.666981041666693,144.00846940898296,104.38084701050639,130.92531324634908,,96.33251790523647
2023-10-01,89.91899119203806,1.729179160057918,83.97745707703237,87.19107868728796,54.59126276549191,117.28969240162408,81.06438705965309,80.95909756766558,124.53029675252401,97.63806420337869,63.68429274153342,105.5399178924945,108.42327689661786,107.51901006447649,112.55391749395407,76.5696944302838,117.39359296095266,71.5122616563315,73.54416997912624,127.16859822607245,69.40128018199871,106.90854592979244,82.22778063517758,75.66982657844655,99.27717308997879,72.31349995285791,109.48982813715065,96.82191866593372,37.759324590507944,94.61485821285117,100.84736097896878,48.15277564962355,133.0316046173837,121.67666045520727,49.0532820467006,87.739781056516,148.48844128636856,107.69959218429337,7.502608149388622,145.1458358606833,103.3174200136171,133.10487906592016,,96.09169438796918
2023-11-01,90.03609878844196,1.6798986933304088,84.98552809382905,86.28034994443362,55.77222786881367,116.03640979086451,80.51024908613923,83.63931218132954,124.24700033410812,98.94719843137254,65.79227941451873,105.75755532705837,108.74003683745397,107.74802534497351,111.51949894619133,77.70537120234434,114.06509694731437,70.59107963107053,73.45199328218803,131.34746780322374,68.42449832312204,109.42025496869783,82.3537821391787,78.29108710593631,99.57662535784027,71.22818824534872,110.39617801292816,97.52642506639708,36.618292973805616,96.97188680360695,100.80105894481915,51.28090661792205,131.4979995900095,122.1414664359221,49.80168171344857,88.75551149526,148.40063581629764,109.7838807648262,7.126062075451159,144.09896956160452,103.72125768513479,130.91996404623615,,93.71218731605644
2023-12-01,90.49368641292705,0.9198989797919905,86.25152103284141,85.65399699802707,57.18127677599835,115.29937862015886,81.84212115815559,86.00665686247349,124.68992311985141,100.92129817768748,67.6257779290113,105.56675668214194,108.60079715171962,107.1227429193528,110.20128145081507,77.11517274012952,114.26886339128176,70.33561577555791,73.18957550266101,134.97244443557997,70.44950681340812,108.41756506801015,81.97638640541297,78.7609404610973,101.87286998855052,72.35676449736975,112.57437235569871,96.80296978621779,36.63738349124955,98.41905676070077,100.83259798082744,50.86801609685479,130.20760276048955,122.4233331351327,49.000407140509914,91.15043649853789,151.68061059863783,109.87208299615526,6.964772765599897,142.9516192355289,104.673212301128,129.21737477249224,,94.31750732107866
2024-01-01,91.02878125039071,0.7244801859055132,86.21061448491584,85.99544571563344,58.0096461147136,116.23390212952116,82.02697397336796,83.96863259483,124.6486252651895,101.05086665528835,68.67927914226176,105.64427471777422,107.68879806273507,107.20328049822767,110.50851650077675,77.16986203338475,115.10744485864441,70.7142262257164,72.89638068442576,133.84858049946806,69.67317040059429,106.91787352533053,81.8825362710163,79.47870668977083,101.64002554612317,73.4941548482419,113.6807608448843,96.49903407164298,37.09357847687305,97.74215867493591,101.0092404646671,52.58416205007607,130.71547574222475,122.59301256080923,48.68798799240402,90.41403078104328,153.26418606071653,109.62793716342864,6.727282422580978,143.68939795782836,105.12939587010757,129.3464809334473,,94.98214588446132
2024-02-01,91.85137962909221,0.7169846184541417,85.38494325764697,86.7594067115914,57.87965236837568,117.1769672235271,81.75244145145697,79.7805239252458,125.45853965072158,100.33855979384722,68.67123352751369,105.56376169868291,105.43157926821891,107.07586295184615,111.0751824974593,76.01860488352024,115.58067354276838,71.34251065999689,73.28184941210021,137.01954770727508,68.5517599936817,107.25684954744179,80.96779790475894,79.65472752727406,101.69763952695794,73.10097162825204,112.01924227228028,97.20572121791132,37.40310708113,98.67401210577684,101.19895250415838,51.55636050378387,131.57188574303288,122.70226632230808,48.53716703691497,90.59297284976847,151.36641174632192,108.3167426483905,6.637780082942923,144.88031073885574,105.40735132954448,130.2236964020218,,94.95887340740782
2024-03-01,91.72551793711065,0.7041599724937423,85.76439647619351,86.65805680229317,57.65289262651413,117.80680278158111,81.3726864073415,79.55407565656483,125.32885149420707,99.51735560669928,69.04386137333815,105.91608192845818,105.41468169077972,107.43140662788042,111.18845590978333,74.78929519941711,115.83148413662636,71.31577992052422,73.0462069516038,137.33864122704134,68.42785822567284,107.2265443629617,81.86666236184806,81.01776197542897,100.89712882821185,72.36412680774615,115.38507286169393,97.53526894486232,37.44440146158776,99.31431532541374,101.74948885654133,51.71899444328013,131.58192019133966,123.03739184521643,48.84158466663054,90.42560184372216,148.97580805722205,107.96422057707704,6.370207684294268,145.21324729477647,105.82820317194785,129.8889456183556,,93.9783954684655
2024-04-01,92.85543430045675,0.697511876015178,86.31727030974955,87.5365207999124,56.49379647963369,119.88462061710167,80.94696224426062,81.15890602267626,126.26336146454047,97.53956857893922,69.97752440591617,105.81377213114231,105.42982978723484,107.64918118907205,112.17925290149286,75.28313310838139,114.85566543396308,71.66381474944352,71.99890720756117,133.82708166064577,67.19962659340764,105.11186481011923,81.89925247152992,81.40830523996325,99.90317670078234,71.46200804506815,116.18306703232413,96.79374143467524,37.80820299109763,99.31970409276741,101.60927330962978,51.76665717523362,133.13643231115407,123.04645383413464,49.30491599663754,88.21585941600036,146.929539659399,106.5575238964104,6.386945678249903,146.91995461168653,105.43840675694042,131.24802842263105,,94.45141909737622
2024-05-01,92.38812215678628,0.6818843765597793,87.80407936250595,87.2538423114772,56.25776367357378,119.45604658985552,80.91171245900405,85.10257024267403,126.08498878007539,97.55876956887384,69.70053007150103,105.86957468325839,107.38703181765446,107.69361754397228,112.41430997663278,76.22913193947821,115.28890267308194,71.43425538598079,72.00192468333186,134.59513345981264,66.12356588011522,105.44542951354676,82.72395945560747,81.35182102462566,101.38678092131579,72.02282117357278,115.32459655924585,95.4418244656657,37.65922435486177,99.70101745380187,101.42911999157577,53.1464090755169,132.977553226627,123.3721657454441,50.378120154010844,87.9651052977812,146.33224611603805,106.90819151432791,6.356984389316452,146.87043414555026,105.76517810558977,131.03490897270842,,92.3016092168646
2024-06-01,92.88741652127005,0.6798378270750458,88.39555345311514,81.91099820751609,53.99825755460858,119.11978850192723,81.05153556715777,85.357011273754,126.46334546943328,97.41351395543762,67.25614541557513,105.69482867501014,107.58218217786349,107.16898072860297,112.78708160935291,74.690381997302,115.48300704095801,71.60157390654828,71.03891860256508,133.82618562974093,65.53159257254144,104.62359516189449,83.17968501357386,75.08574321007154,102.93401205953283,72.84274965745051,114.60907761783092,94.51645760550686,37.75991773159475,98.45695949235021,101.50442987415313,55.424352864017855,133.64856374815054,123.81582997180627,50.55751312508362,90.343585771287,149.43293566215652,107.11686830893312,6.2846218701629155,147.45196010082745,106.63881652491416,133.35600003122013,,92.38424889527617
2024-07-01,92.73673614334362,0.6690228568901802,88.77383490729697,81.6427840568574,52.457422347909,118.11960929582813,80.99871832002681,84.6773148386156,126.27692117884291,96.61332363302189,67.28401079986028,106.00707810606733,105.44896649860272,107.7897792705329,112.81292862815289,75.20921774684761,116.02223059395335,71.38681448956231,71.3976539230599,134.81961682973812,65.44160478076161,104.3241087624716,83.60596826880938,75.57991730056418,100.98478776245452,71.16644683793697,115.33721234388821,94.79686763953366,37.66197275837635,99.6204968187028,101.75949048487843,55.78163327193122,133.53376159222427,124.18198189036049,50.885612807928226,88.77362911651834,149.0975006825224,108.26795932684333,6.198049058609384,147.45360348521342,107.53525418368173,133.0610197098167,,92.30893686562143
2024-08-01,91.89968240425006,0.650860146519059,86.43279448523577,80.6720010685072,51.80862242630674,116.31629485032364,80.99417523253626,84.59916382558933,126.6100042197828,97.83939860358831,66.40876287485467,106.20968307295344,106.06901482493711,107.8927173859525,111.01955545130085,74.96334090428012,114.4449529075505,70.41950039743215,72.15177279491898,131.1897894585287,69.79679527305316,105.24365856319768,87.05349148593132,71.04154841802635,100.16135202812073,70.82321892096448,114.96416728429912,95.16295175485716,37.13456587377032,99.47539953799293,101.97439962193494,54.398888351867605,131.19325943981343,124.47004286972425,50.74245070501433,89.53950437549784,153.31039872888644,110.66853286826677,5.998572222099797,145.16433892072254,106.75938838977214,132.5242405851695,,91.5549512785271
2024-09-01,92.4664397735514,0.6344783381005233,86.89112120509466,78.38414443160963,51.69877208073994,116.26973188283041,81.58470234613365,84.61497534847233,126.83161800599392,98.69639347853298,64.21429709119244,106.20586631633138,106.38980582535935,107.76827084746337,109.86268382947071,74.96332819818012,114.11258257866994,70.05600828475768,73.25784413296813,129.86787484080057,70.53997532271525,105.8700188214274,89.07771461438769,69.11814624761179,101.25553342485264,70.63090840398645,113.4992520221151,95.39583238315316,36.80605604760147,99.78743583128491,102.09630156075353,53.02523146199527,129.89307025263304,124.6274973609487,51.47912020905024,90.25181623887154,154.07406468120496,113.99442348085154,5.90655905994312,143.8858168862682,108.27205093043253,131.81434704521797,,91.84513273584103
2024-10-01,93.31888700094348,0.6273122362641997,87.08614888229995,79.32396360626342,51.47743419833134,116.79564150682134,80.62905087179455,84.79338634224884,128.29619809781744,98.27551189973516,63.49454130711864,105.94184448010783,105.56388530232297,107.5795912606529,110.8646732051326,73.6879698167763,116.14626617208307,70.58854713164811,72.70239087276123,129.84411549202127,67.92225618805531,104.27846488699468,89.06382550153975,69.06486954509153,99.94699846954902,70.43046751878023,114.83269517925838,94.04890605127738,37.125508348151435,98.7071777608548,102.15487962025789,50.9630287039744,131.39270528426806,124.4178805385487,52.13513935901665,89.68401440538145,153.609759954466,114.81037215192116,5.981991918227193,145.43435857705347,108.37654823808714,133.33008214562267,,93.73243399295194
2024-11-01,95.0973127511898,0.628404170067031,86.41077911989747,80.60351576379044,50.632076274184875,118.51576460218556,79.9103917854233,83.08476272458772,128.61874527809047,97.4784828669141,61.96705067102848,105.61750626025237,105.52675893074192,107.43593054699696,112.67917473328886,72.32471868916309,117.75121354703396,71.48350104460296,72.86472628194545,133.15098977424387,67.26519298932348,103.480260909531,87.75206557168576,67.31392183464405,98.99002133442215,70.67431082174016,116.04746953622436,93.71088787401366,37.63461121109108,98.19069230997299,102.09288359140365,49.7157522260972,133.6428982276857,124.05053848321504,51.98973701203864,88.02196228596208,153.0557369570629,113.0915884556315,6.088106441881445,147.9192641058393,107.84349659478562,136.3486517732193,,92.6408853924847
2024-12-01,95.93338060831242,0.6275229087606414,84.60422817354373,81.58899415593973,48.677961055029805,120.95156888826625,78.71360409242281,83.27044432303876,128.65329523107175,96.82305699655242,62.707314114083665,105.29831440601009,106.02160509496869,107.09436640325963,113.80828890836965,71.71291841498513,118.8009290196533,71.59637358894024,72.43816773480502,137.84101604567357,67.80500196991811,101.04245013926962,87.96274477953766,67.84969079329124,97.3368266643502,70.4086995408801,118.59179837532447,95.00077577645368,37.87161327503906,99.37406960975898,101.97707276953803,49.71559670904824,134.97526333437725,123.82697917585361,51.697406723807305,88.42648093860329,152.70048205644935,114.77459614853419,6.063739086456887,149.3125429749884,108.21452117758805,137.6904572404833,,93.35705686820891
2025-01-01,95.89880499194211,0.6160178993171801,83.75840246925007,82.12990651253911,49.52225519657712,121.69559853496612,78.09144639992041,82.276260197379,129.33437180412724,95.93114432114737,64.03586331187142,105.09545980956389,105.78688902474774,106.86780182457265,114.29033459022797,71.62969471627008,118.46466951102124,70.89394410315953,71.90428861367603,138.567947136272,67.03022337055732,100.60244704820151,88.43215951437999,66.99389926228226,96.04231120474155,70.40498815243684,118.82579101338742,95.67619992325085,37.981823433356766,99.7337628026779,101.8933317505462,51.24476019870682,136.07835617047883,123.62207567543602,50.64667382849155,88.50202945096456,151.0797353110283,115.22889579326221,6.003914190111718,150.77922614099572,106.4529306509471,139.12820723824865,,93.38003249271503
2025-02-01,95.63773354281454,0.5976487802617664,84.12069949166651,79.8562678757248,51.43829039663246,120.59830311252693,78.38181339312455,85.39690198277899,128.29298186179687,96.12437461242101,66.41146203358392,104.85218313610073,105.83268290857927,106.44961483184387,113.71090542136429,72.90291222026254,117.4165731979417,69.62138252773416,71.00852190088666,139.84058884652103,68.66759789595544,100.31570098819141,88.33130515694381,67.09328054318186,96.24275345969977,70.61837833053899,119.37016307871883,95.59366635508611,37.71036895074871,101.3016622359125,101.61102391783763,55.365836888826905,135.23825085511498,124.32591008208651,51.00685272130029,90.1455828976564,151.115546811768,115.94933334495512,5.802010405149664,149.92305448298774,107.50800852409179,138.05171162846293,,94.34418060468252
2025-03-01,94.60741338152194,0.5872224249945465,83.56354909507738,79.37583490756815,50.89555953582965,120.77880272624083,77.72600890135743,87.0838478802202,127.50106048561041,95.63471783660947,65.75385199971318,105.76957619741695,106.63699660819132,106.96469717502954,113.28907556097288,73.79799368396299,119.15724890130565,69.26723601603258,70.06657869025126,134.32114547162956,69.58368454494331,98.80635120213205,88.07430199333466,67.69865648742682,96.44681577163374,71.62347371187298,119.93792153972646,96.2825009340149,37.287976170019355,101.49948933461732,102.19564424511465,59.17663642209644,134.04442114179608,124.7910554982978,50.8995751830052,93.01773112495553,151.51912022662816,115.30703250584611,5.490809666088335,148.7482992066302,108.19646733599629,136.70373479473926,,92.13788822244572
2025-04-01,93.55412113826465,0.5576704498518834,82.69640456270685,78.4890587747762,50.6939179876799,121.81750251842882,79.33895310355801,84.2226571364656,125.35724810616982,96.6160139058551,63.257067224542254,106.8973185887601,107.32391175473717,108.10098374883397,113.08833017149995,73.07731143332008,120.76748727530604,69.49731701118534,68.16010027269027,130.72709601534248,71.66847463286,99.38883421854192,87.9802026688476,68.0159419902966,97.5410979694215,70.56258225854403,118.03231101278784,96.61454408448742,37.03468180777741,100.25544688568513,103.14639213010544,60.64650093505267,132.7165372473154,125.1293986676185,48.56931609943697,94.02098542578719,157.10808445452935,114.51855079336232,5.231799803472374,147.43752044177674,107.71536035642717,134.7191195846195,,91.31846748674036
2025-05-01,92.89240050157616,0.5388094191922818,83.54066745149687,77.48770655509585,51.16647388407287,119.17450933815321,79.73941112092635,85.31069213817874,124.8888384558603,104.36111244110924,63.909019880986506,106.69537715066593,107.71169283229709,107.77252656506762,110.63431216323897,73.38440662906045,120.03008500584261,68.92553725804032,68.88018812843852,134.66609900840461,70.30906366214663,102.14154892127473,89.70503471706013,69.89542478777578,98.03240915037075,71.79447127526187,118.12349960948141,97.33042773882198,36.533139350754716,100.34703765424713,101.18389525571277,62.62186831424271,131.17958493817537,125.73110217123302,50.28192890319523,94.50295440679693,157.17008008108508,116.08680072251167,5.076374754725584,146.08043952722076,108.89861890041013,132.54893449488247,,88.68991167611927
2025-06-01,93.18465071237011,0.5177420342648106,83.78822244942897,76.90299452439909,51.96575581489802,119.05645201610949,80.56305661716314,85.02391536392413,124.37453331625112,106.46936333254564,64.85742802362998,107.21012797037133,108.54819958542454,108.37562465214094,109.31163677315851,73.87913945938315,122.44754627770314,67.83385973533825,69.05349983492137,136.60541131190317,69.82711724005333,103.24073778074259,89.62517430486959,71.12022603518218,98.7673953944581,72.22728570523537,119.1456816008236,95.48086330851659,36.104081280541585,100.36037672381997,102.06329654811609,63.48021349692797,130.30623129690773,125.8468814609656,50.554857342954506,93.7404894801546,158.1930364215097,116.59031107214903,4.923138902627468,145.44807381010168,108.91279309856333,130.83573593932536,,88.03425823639506
2025-07-01,93.27539664043913,0.48141300145128973,84.35186728097416,76.24483976486567,52.182371557796245,118.20784350651496,80.40158993145046,83.90648773184007,124.34749757944721,107.49798437569498,65.90847461473712,107.7165269986995,109.6254031005425,109.11694092665239,109.15723475641765,74.6312764784538,124.24847036243409,67.52155204355269,69.10766619468322,141.111487694768,68.57199291465606,102.25059458765209,89.67548078275604,72.36747286016644,98.18757998934188,71.04740639522085,120.78468910757272,94.60858107560514,35.8909563090308,100.98818937615536,101.80900506799053,63.29819670354586,130.23260634845076,125.89851809922514,50.645126422302326,92.70488063266815,160.35449631519936,117.22138671318214,4.794084466283359,145.48810646635056,107.77482169295405,130.1470446181461,,87.71550603830526
2025-08-01,93.60134464973234,0.4585622160603471,84.10105049564312,76.89979382281791,53.238034154580795,118.66993267947143,79.80196837363476,82.85759228952344,124.91971535517803,104.5951390553963,65.96891190774268,107.71491851931584,110.10537520748416,109.05053645505807,109.91226593985634,75.17048080988758,123.58208947972942,66.65052293023732,69.30864759920729,139.82731634812163,68.46143478180966,101.69081562896274,90.23575853507506,72.37877671816703,96.89400281215708,70.94500476571255,121.70804883455534,94.47991406072003,36.20365778055982,100.78733439417151,101.94558295597007,62.51235833087665,130.8146107247097,125.98084822700724,50.93176433855301,93.01198590081296,159.226079193526,117.5500850351219,4.748260328831658,146.23466850039551,107.66608159787958,130.76340451351243,,87.74702764441965
2025-09-01,93.57473678451808,0.43252884129809743,85.22388936901913,77.16252783119212,54.023394259445745,118.57691857487261,79.50732543918836,83.10946321870651,125.67416973647465,103.85220229332536,67.85983014052958,107.87698454439408,110.95323808195856,108.90614984859135,110.11249714078237,76.24313412746872,123.60259938515905,66.02354769251151,68.17369583715478,141.43689503598262,68.14370301849115,101.25888543958376,90.39601987299159,73.12419070875582,96.21681326207538,72.1513976344202,122.79518600345708,94.02554982084573,36.185748912220866,100.91300928824474,101.83164263599463,60.18294770820846,130.54516526557032,125.82141022112035,51.52741355082156,94.30741374126644,160.42803416317275,118.97029170939004,4.685670252526353,146.0199548598006,107.41344725201071,130.1373059188964,,87.14443290693157
2025-10-01,93.88388495193095,0.4237581142831166,85.18297119251372,77.46460687760435,54.07773749563043,119.01503316780992,78.69328918749993,83.99456154893659,126.40285283824298,103.05928154791224,68.79980206536229,107.67069277334728,110.95456834150006,108.68086485238851,110.67760342316404,76.47374392111591,124.08022495746023,66.07388065421398,68.29054759811055,144.77622630629418,66.83183575219941,99.45932255111886,90.90689651661756,73.59001345278708,94.76656267608213,72.14553098700205,126.30879584015051,92.9308822194298,36.36314109854086,101.00822878516422,101.44727202912738,61.981314059668,131.3882493341888,125.43581839485338,52.33652664689781,94.47689643897075,161.05920543335236,117.52627453619114,4.635366805351049,146.83044563044595,106.81765722289754,130.90826140705244,,87.49389853509204
2025-11-01,94.02022417681943,0.4242877318758985,85.21701121565775,77.58741111385655,54.57092405383389,119.54006682471494,78.50604161087482,85.7566359013941,127.20702746628365,101.30073143429186,70.5313046957943,107.58828098502875,111.22261720979452,108.69326167691358,110.96204338452458,77.58059247111986,120.21351745835274,65.89120229564446,68.13053517212857,146.77028724558173,65.43439812407861,97.24511198039852,92.70654383106117,73.70667489163574,93.50509961162909,71.74939898266581,127.99224851511161,92.57193123165042,36.49519341715723,101.2043964446104,101.31727079664539,62.65318850964948,132.12825112202492,125.24069864860823,52.73187053977726,94.32659698892269,160.81816335997144,118.72174239905785,4.60058644132373,147.53161679514378,105.66293825673101,131.44807003645593,,88.28390816469705
2025-12-01,93.83624024034518,0.41814473238812017,86.58007557039718,77.0849923126493,53.14718551958787,118.6212437756166,79.72225607227466,87.37471634685045,127.72842167744449,100.59691525395942,70.2021060743166,107.8583224506927,111.2010128188627,108.84742091290924,110.25058000395744,77.49303059640282,119.31977243496425,64.59732985195376,67.82154706149588,147.699143588613,64.72959920587232,96.30609447997593,93.69413398192857,74.91735885677956,94.86776529825319,71.11692178888107,127.64089325738995,92.17306738022421,36.31688671663094,101.66857368831037,101.40984028659719,63.95074583537049,131.70698789106055,125.79427806346368,53.60815801879054,95.41264744155721,160.8170923852997,121.19619113241717,4.510356746873429,147.1027340629132,106.74065522426399,130.15781060728517,,87.76749954778477
